purchase_id,device_id,event_ts,pack_name,usd_amount,currency_granted,sale_flag
TX000004535,157056,2026-01-01 06:58:57,large_chest,19.99,1800,0
TX000004056,104864,2026-01-01 08:13:17,starter_pouch,1.99,120,0
TX000006628,106120,2026-01-01 09:59:25,medium_chest,9.99,800,0
TX000009924,112841,2026-01-01 12:48:44,small_pouch,4.99,350,0
TX000009544,116906,2026-01-01 13:11:20,starter_pouch,1.99,120,0
TX000006445,102110,2026-01-01 14:21:58,small_pouch,4.99,350,0
TX000003024,145439,2026-01-01 14:42:48,starter_pouch,1.99,120,0
TX000012129,116948,2026-01-01 14:46:54,starter_pouch,1.99,120,0
TX000012897,144098,2026-01-01 15:15:40,starter_pouch,1.99,120,0
TX000014821,131007,2026-01-01 15:44:59,starter_pouch,1.99,120,0
TX000004137,166647,2026-01-01 15:59:14,starter_pouch,1.99,120,0
TX000012028,157334,2026-01-01 16:35:45,large_chest,19.99,1800,0
TX000011043,176277,2026-01-01 16:38:32,small_pouch,4.99,350,0
TX000005357,160967,2026-01-01 17:10:31,small_pouch,4.99,350,0
TX000010358,134502,2026-01-01 17:12:30,starter_pouch,1.99,120,0
TX000005962,165538,2026-01-01 17:13:23,small_pouch,4.99,350,0
TX000007990,168322,2026-01-01 17:18:36,starter_pouch,1.99,120,0
TX000003081,141801,2026-01-01 17:26:06,vault,49.99,5000,0
TX000001856,126641,2026-01-01 17:31:14,medium_chest,9.99,800,0
TX000002633,134222,2026-01-01 17:54:04,vault,49.99,5000,0
TX000001472,121233,2026-01-01 17:54:33,medium_chest,9.99,800,0
TX000012135,172776,2026-01-01 18:01:41,small_pouch,4.99,350,0
TX000013548,129678,2026-01-01 18:12:02,large_chest,19.99,1800,0
TX000013730,139020,2026-01-01 18:17:35,starter_pouch,1.99,120,0
TX000012135,172776,2026-01-01 18:40:15,small_pouch,4.99,350,0
TX000000931,114432,2026-01-01 18:56:29,starter_pouch,1.99,120,0
TX000006795,168886,2026-01-01 18:59:53,mega_vault,99.99,11000,0
TX000008005,179663,2026-01-01 19:02:03,vault,49.99,5000,0
TX000002740,120259,2026-01-01 19:16:02,starter_pouch,1.99,120,0
TX000012722,140688,2026-01-01 19:18:35,small_pouch,4.99,350,0
TX000005121,114941,2026-01-01 19:45:04,small_pouch,4.99,350,0
TX000011829,177849,2026-01-01 20:16:21,vault,49.99,5000,0
TX000010955,115408,2026-01-01 20:22:45,vault,49.99,5000,0
TX000015129,140052,2026-01-01 20:26:34,medium_chest,9.99,800,0
TX000008829,132697,2026-01-01 20:38:34,vault,49.99,5000,0
TX000002699,161746,2026-01-01 20:42:36,starter_pouch,1.99,120,0
TX000005784,154543,2026-01-01 20:46:00,medium_chest,9.99,800,0
TX000013232,167452,2026-01-01 20:47:14,small_pouch,4.99,350,0
TX000000057,151406,2026-01-01 20:57:03,starter_pouch,1.99,120,0
TX000008371,152596,2026-01-01 21:25:05,small_pouch,4.99,350,0
TX000003612,116141,2026-01-01 21:33:18,starter_pouch,1.99,120,0
TX000008718,149039,2026-01-01 21:37:06,small_pouch,4.99,350,0
TX000008836,104067,2026-01-01 21:54:08,medium_chest,9.99,800,0
TX000006203,155312,2026-01-01 22:09:18,vault,49.99,5000,0
TX000000575,163652,2026-01-01 22:14:59,vault,49.99,5000,0
TX000009468,137242,2026-01-01 23:17:27,medium_chest,9.99,800,0
TX000003784,125406,2026-01-02 06:36:29,small_pouch,4.99,350,0
TX000014464,158769,2026-01-02 06:45:54,starter_pouch,1.99,120,0
TX000002457,127155,2026-01-02 06:48:27,mega_vault,99.99,11000,0
TX000013302,119736,2026-01-02 07:10:33,mega_vault,99.99,11000,0
TX000002352,172879,2026-01-02 07:27:19,large_chest,19.99,1800,0
TX000001509,162869,2026-01-02 08:18:56,small_pouch,4.99,350,0
TX000009184,104326,2026-01-02 09:42:41,starter_pouch,1.99,120,0
TX000015038,101645,2026-01-02 10:39:02,starter_pouch,1.99,120,0
TX000004804,128142,2026-01-02 10:52:36,starter_pouch,1.99,120,0
TX000012418,175580,2026-01-02 11:25:24,vault,49.99,5000,0
TX000012087,176947,2026-01-02 12:07:56,large_chest,19.99,1800,0
TX000001794,150180,2026-01-02 12:56:34,medium_chest,9.99,800,0
TX000013201,123751,2026-01-02 14:09:28,medium_chest,9.99,800,0
TX000010837,143204,2026-01-02 14:35:52,medium_chest,9.99,800,0
TX000014556,149729,2026-01-02 15:01:31,starter_pouch,1.99,120,0
TX000005277,130819,2026-01-02 15:24:35,small_pouch,4.99,350,0
TX000011456,114526,2026-01-02 15:37:14,vault,49.99,5000,0
TX000008065,145773,2026-01-02 15:41:42,medium_chest,9.99,800,0
TX000013715,178471,2026-01-02 16:21:41,small_pouch,4.99,350,0
TX000003139,163052,2026-01-02 16:25:18,medium_chest,9.99,800,0
TX000005490,161645,2026-01-02 16:28:57,starter_pouch,1.99,120,0
TX000002313,119868,2026-01-02 16:45:19,vault,49.99,5000,0
TX000010041,172724,2026-01-02 17:22:34,large_chest,19.99,1800,0
TX000000862,123780,2026-01-02 17:36:47,starter_pouch,1.99,120,0
TX000001781,111097,2026-01-02 17:44:47,mega_vault,99.99,11000,0
TX000013765,129678,2026-01-02 18:09:15,medium_chest,9.99,800,0
TX000011720,100764,2026-01-02 18:11:37,small_pouch,4.99,350,0
TX000010768,128610,2026-01-02 19:06:37,small_pouch,4.99,350,0
TX000006688,127135,2026-01-02 19:07:12,large_chest,19.99,1800,0
TX000013296,119143,2026-01-02 19:23:56,starter_pouch,1.99,120,0
TX000013913,124523,2026-01-02 19:25:15,large_chest,19.99,1800,0
TX000013874,113905,2026-01-02 19:39:19,large_chest,19.99,1800,0
TX000013837,104899,2026-01-02 19:59:21,medium_chest,9.99,800,0
TX000012671,136545,2026-01-02 20:05:54,starter_pouch,1.99,120,0
TX000014429,155254,2026-01-02 20:49:50,small_pouch,4.99,350,0
TX000006555,136451,2026-01-02 20:54:57,small_pouch,4.99,350,0
TX000011275,166173,2026-01-02 21:02:53,starter_pouch,1.99,120,0
TX000014520,117838,2026-01-02 21:07:32,large_chest,19.99,1800,0
TX000006607,107475,2026-01-02 21:15:32,starter_pouch,1.99,120,0
TX000005103,108927,2026-01-02 23:06:13,medium_chest,9.99,800,0
TX000005789,137521,2026-01-02 23:28:42,large_chest,19.99,1800,0
TX000003911,175921,2026-01-02 23:43:02,starter_pouch,1.99,120,0
TX000013965,155214,2026-01-02 23:59:56,small_pouch,4.99,350,0
TX000011275,166173,2026-01-02 23:59:56,starter_pouch,1.99,120,0
TX000007945,122313,2026-01-03 06:10:47,starter_pouch,1.99,120,0
TX000006163,119082,2026-01-03 06:33:35,starter_pouch,1.99,120,0
TX000006988,180286,2026-01-03 06:55:48,small_pouch,4.99,350,0
TX000003975,179276,2026-01-03 07:23:36,medium_chest,9.99,800,0
TX000005613,108623,2026-01-03 07:49:48,small_pouch,4.99,350,0
TX000005557,144535,2026-01-03 09:42:45,starter_pouch,1.99,120,0
TX000008354,143917,2026-01-03 10:02:43,small_pouch,4.99,350,0
TX000006398,141801,2026-01-03 11:37:55,starter_pouch,1.99,120,0
TX000013704,163667,2026-01-03 12:22:42,vault,49.99,5000,0
TX000009243,134446,2026-01-03 13:40:54,starter_pouch,1.99,120,0
TX000011055,125692,2026-01-03 14:55:35,large_chest,19.99,1800,0
TX000010554,122820,2026-01-03 15:22:10,starter_pouch,1.99,120,0
TX000012210,148348,2026-01-03 16:03:49,medium_chest,9.99,800,0
TX000008345,108195,2026-01-03 16:32:16,mega_vault,99.99,11000,0
TX000006469,171306,2026-01-03 16:38:05,starter_pouch,1.99,120,0
TX000003773,134667,2026-01-03 17:43:48,small_pouch,4.99,350,0
TX000001108,159267,2026-01-03 17:47:45,small_pouch,4.99,350,0
TX000008741,137326,2026-01-03 17:58:45,large_chest,19.99,1800,0
TX000013297,116513,2026-01-03 18:31:22,vault,49.99,5000,0
TX000005730,100353,2026-01-03 18:40:35,starter_pouch,1.99,120,0
TX000000983,117475,2026-01-03 18:42:42,starter_pouch,1.99,120,0
TX000002523,134149,2026-01-03 19:07:00,vault,49.99,5000,0
TX000012457,104609,2026-01-03 19:09:13,vault,49.99,5000,0
TX000012199,164203,2026-01-03 19:09:24,small_pouch,4.99,350,0
TX000004652,102711,2026-01-03 19:23:47,large_chest,19.99,1800,0
TX000011594,157634,2026-01-03 19:27:46,small_pouch,4.99,350,0
TX000013537,123036,2026-01-03 19:47:26,small_pouch,4.99,350,0
TX000009479,129837,2026-01-03 20:02:45,medium_chest,9.99,800,0
TX000012941,161116,2026-01-03 20:10:00,medium_chest,9.99,800,0
TX000001896,108906,2026-01-03 20:10:50,large_chest,19.99,1800,0
TX000000766,137703,2026-01-03 20:16:59,small_pouch,4.99,350,0
TX000010987,176342,2026-01-03 20:51:26,large_chest,19.99,1800,0
TX000004554,120811,2026-01-03 20:51:49,large_chest,19.99,1800,0
TX000009567,146611,2026-01-03 21:02:19,medium_chest,9.99,800,0
TX000004307,143984,2026-01-03 21:10:38,small_pouch,4.99,350,0
TX000000208,129678,2026-01-03 21:19:48,small_pouch,4.99,350,0
TX000008737,100814,2026-01-03 21:34:47,small_pouch,4.99,350,0
TX000006163,119082,2026-01-03 21:40:31,starter_pouch,1.99,120,0
TX000012583,178735,2026-01-03 21:42:46,large_chest,19.99,1800,0
TX000008972,110385,2026-01-03 21:45:42,starter_pouch,1.99,120,0
TX000010072,142306,2026-01-03 23:19:58,starter_pouch,1.99,120,0
TX000002312,167911,2026-01-04 06:49:39,vault,49.99,5000,0
TX000010770,137235,2026-01-04 06:59:27,starter_pouch,1.99,120,0
TX000006428,164149,2026-01-04 09:49:23,small_pouch,4.99,350,0
TX000009234,132219,2026-01-04 11:17:08,starter_pouch,1.99,120,0
TX000000022,113510,2026-01-04 15:39:28,medium_chest,9.99,800,0
TX000005684,105593,2026-01-04 16:32:33,medium_chest,9.99,800,0
TX000004617,150554,2026-01-04 17:29:29,starter_pouch,1.99,120,0
TX000011712,151589,2026-01-04 17:51:18,medium_chest,9.99,800,0
TX000006337,107281,2026-01-04 18:31:15,small_pouch,4.99,350,0
TX000006498,117821,2026-01-04 18:39:54,small_pouch,4.99,350,0
TX000008055,103483,2026-01-04 18:53:22,medium_chest,9.99,800,0
TX000013203,105790,2026-01-04 19:06:31,medium_chest,9.99,800,0
TX000009745,136943,2026-01-04 19:22:03,vault,49.99,5000,0
TX000013466,132011,2026-01-04 19:49:40,small_pouch,4.99,350,0
TX000004091,123568,2026-01-04 19:55:34,small_pouch,4.99,350,0
TX000015303,137158,2026-01-04 20:20:38,medium_chest,9.99,800,0
TX000014111,145824,2026-01-04 20:24:04,large_chest,19.99,1800,0
TX000010718,179539,2026-01-04 21:02:29,medium_chest,9.99,800,0
TX000001207,140671,2026-01-04 21:08:40,vault,49.99,5000,0
TX000014773,127159,2026-01-04 21:09:46,starter_pouch,1.99,120,0
TX000014016,132283,2026-01-04 22:10:32,small_pouch,4.99,350,0
TX000001939,115201,2026-01-05 06:29:58,small_pouch,4.99,350,0
TX000011023,110770,2026-01-05 06:37:19,starter_pouch,1.99,120,0
TX000001515,157402,2026-01-05 08:03:27,vault,49.99,5000,0
TX000015012,114020,2026-01-05 11:01:16,medium_chest,9.99,800,0
TX000010248,164698,2026-01-05 14:42:03,small_pouch,4.99,350,0
TX000004315,142705,2026-01-05 14:50:10,small_pouch,4.99,350,0
TX000011064,122417,2026-01-05 15:10:25,large_chest,19.99,1800,0
TX000014457,143992,2026-01-05 15:42:00,medium_chest,9.99,800,0
TX000011369,119868,2026-01-05 15:56:01,large_chest,19.99,1800,0
TX000004210,178908,2026-01-05 16:18:46,starter_pouch,1.99,120,0
TX000005854,157044,2026-01-05 17:04:17,medium_chest,9.99,800,0
TX000013357,137392,2026-01-05 17:59:56,medium_chest,9.99,800,0
TX000008270,162059,2026-01-05 18:22:33,large_chest,19.99,1800,0
TX000008969,117860,2026-01-05 18:24:16,starter_pouch,1.99,120,0
TX000006771,150110,2026-01-05 19:36:48,small_pouch,4.99,350,0
TX000002246,160627,2026-01-05 19:37:53,mega_vault,99.99,11000,0
TX000007574,123415,2026-01-05 19:50:50,vault,49.99,5000,0
TX000003310,144038,2026-01-05 20:13:52,small_pouch,4.99,350,0
TX000011774,113952,2026-01-05 20:42:19,large_chest,19.99,1800,0
TX000010995,145359,2026-01-05 21:53:46,small_pouch,4.99,350,0
TX000013080,114863,2026-01-05 22:48:17,starter_pouch,1.99,120,0
TX000003752,118898,2026-01-05 22:56:38,starter_pouch,1.99,120,0
TX000005967,111070,2026-01-05 23:34:33,starter_pouch,1.99,120,0
TX000007652,105834,2026-01-05 23:59:56,small_pouch,4.99,350,0
TX000002442,179873,2026-01-05 23:59:56,large_chest,19.99,1800,0
TX000008218,162805,2026-01-06 06:03:43,medium_chest,9.99,800,0
TX000000608,170920,2026-01-06 13:54:24,starter_pouch,1.99,120,0
TX000001479,126452,2026-01-06 13:58:17,starter_pouch,1.99,120,0
TX000008598,127787,2026-01-06 14:43:53,large_chest,19.99,1800,0
TX000003520,100764,2026-01-06 17:10:38,mega_vault,99.99,11000,0
TX000004501,119964,2026-01-06 18:14:48,small_pouch,4.99,350,0
TX000000229,177166,2026-01-06 19:12:23,starter_pouch,1.99,120,0
TX000010588,138709,2026-01-06 19:17:59,mega_vault,99.99,11000,0
TX000002814,177513,2026-01-06 20:32:10,vault,49.99,5000,0
TX000013930,169503,2026-01-06 20:50:22,starter_pouch,1.99,120,0
TX000014217,174517,2026-01-06 21:20:30,large_chest,19.99,1800,0
TX000010425,128196,2026-01-06 21:34:28,medium_chest,9.99,800,0
TX000011669,128379,2026-01-06 22:30:43,small_pouch,4.99,350,0
TX000005123,162314,2026-01-06 23:59:56,starter_pouch,1.99,120,0
TX000009305,154448,2026-01-07 06:13:11,medium_chest,9.99,800,0
TX000012757,146611,2026-01-07 07:05:25,medium_chest,9.99,800,0
TX000012823,145427,2026-01-07 09:29:07,starter_pouch,1.99,120,0
TX000009542,113829,2026-01-07 12:45:16,small_pouch,4.99,350,0
TX000013538,117862,2026-01-07 17:02:11,starter_pouch,1.99,120,0
TX000015223,100909,2026-01-07 17:28:51,mega_vault,99.99,11000,0
TX000006023,118516,2026-01-07 17:58:38,starter_pouch,1.99,120,0
TX000002765,172997,2026-01-07 18:45:30,small_pouch,4.99,350,0
TX000012176,126480,2026-01-07 18:52:19,small_pouch,4.99,350,0
TX000004871,157564,2026-01-07 19:21:52,starter_pouch,1.99,120,0
TX000013668,170448,2026-01-07 19:28:03,small_pouch,4.99,350,0
TX000003145,166833,2026-01-07 19:37:48,large_chest,19.99,1800,0
TX000014047,161026,2026-01-07 20:21:40,medium_chest,9.99,800,0
TX000013521,128544,2026-01-07 21:14:42,small_pouch,4.99,350,0
TX000005636,171191,2026-01-07 21:20:47,small_pouch,4.99,350,0
TX000004336,142347,2026-01-07 21:59:45,large_chest,19.99,1800,0
TX000009538,119026,2026-01-07 22:24:11,starter_pouch,1.99,120,0
TX000002200,107160,2026-01-07 22:37:11,vault,49.99,5000,0
TX000006264,110489,2026-01-08 06:04:54,medium_chest,9.99,800,1
TX000011375,111497,2026-01-08 06:15:23,medium_chest,9.99,800,1
TX000014600,144726,2026-01-08 06:27:45,medium_chest,9.99,800,1
TX000006951,146831,2026-01-08 06:52:39,small_pouch,4.99,350,1
TX000009958,124922,2026-01-08 07:09:21,medium_chest,9.99,800,1
TX000009090,131977,2026-01-08 07:17:08,large_chest,19.99,1800,1
TX000015266,153388,2026-01-08 07:21:55,small_pouch,4.99,350,1
TX000004884,138103,2026-01-08 07:30:40,mega_vault,99.99,11000,1
TX000011171,113083,2026-01-08 07:34:14,medium_chest,9.99,800,1
TX000011130,155254,2026-01-08 07:45:10,medium_chest,9.99,800,1
TX000014392,169735,2026-01-08 07:46:29,large_chest,19.99,1800,1
TX000002212,112803,2026-01-08 07:47:06,vault,49.99,5000,1
TX000004360,140557,2026-01-08 07:47:25,small_pouch,4.99,350,1
TX000001653,171997,2026-01-08 08:07:23,large_chest,19.99,1800,1
TX000007558,108573,2026-01-08 08:08:42,small_pouch,4.99,350,1
TX000002949,134539,2026-01-08 08:13:22,small_pouch,4.99,350,1
TX000011962,138429,2026-01-08 08:22:08,starter_pouch,1.99,120,1
TX000010892,130929,2026-01-08 08:25:55,starter_pouch,1.99,120,1
TX000004820,161289,2026-01-08 09:07:47,starter_pouch,1.99,120,1
TX000003664,113510,2026-01-08 09:24:04,medium_chest,9.99,800,1
TX000002628,179444,2026-01-08 09:36:22,small_pouch,4.99,350,1
TX000002504,169249,2026-01-08 09:37:22,large_chest,19.99,1800,1
TX000009380,126442,2026-01-08 09:40:32,medium_chest,9.99,800,1
TX000009388,173714,2026-01-08 09:44:00,medium_chest,9.99,800,1
TX000002091,118772,2026-01-08 09:47:35,small_pouch,4.99,350,1
TX000008454,173883,2026-01-08 09:48:23,medium_chest,9.99,800,1
TX000006626,103201,2026-01-08 10:15:29,mega_vault,99.99,11000,1
TX000011959,105309,2026-01-08 10:15:50,medium_chest,9.99,800,1
TX000009763,169206,2026-01-08 10:16:31,large_chest,19.99,1800,1
TX000005947,147064,2026-01-08 10:48:12,starter_pouch,1.99,120,1
TX000007551,111116,2026-01-08 11:12:28,small_pouch,4.99,350,1
TX000011333,155733,2026-01-08 11:25:54,vault,49.99,5000,1
TX000003425,123780,2026-01-08 11:29:35,medium_chest,9.99,800,1
TX000010184,170207,2026-01-08 11:31:55,medium_chest,9.99,800,1
TX000006095,111678,2026-01-08 11:34:05,starter_pouch,1.99,120,1
TX000000858,168171,2026-01-08 11:44:09,starter_pouch,1.99,120,1
TX000007363,101977,2026-01-08 11:45:32,medium_chest,9.99,800,1
TX000007418,142787,2026-01-08 12:04:54,small_pouch,4.99,350,1
TX000008507,143735,2026-01-08 12:16:00,starter_pouch,1.99,120,1
TX000012851,159708,2026-01-08 12:21:12,small_pouch,4.99,350,1
TX000003343,172575,2026-01-08 12:37:40,large_chest,19.99,1800,1
TX000000870,139317,2026-01-08 12:54:27,starter_pouch,1.99,120,1
TX000007076,142864,2026-01-08 13:40:00,small_pouch,4.99,350,1
TX000002644,149872,2026-01-08 13:55:00,medium_chest,9.99,800,1
TX000000188,111332,2026-01-08 14:00:02,small_pouch,4.99,350,1
TX000002056,148348,2026-01-08 14:06:12,small_pouch,4.99,350,1
TX000007989,140308,2026-01-08 14:08:35,medium_chest,9.99,800,1
TX000012640,138128,2026-01-08 14:17:36,medium_chest,9.99,800,1
TX000011385,118223,2026-01-08 14:18:23,medium_chest,9.99,800,1
TX000005139,141492,2026-01-08 14:33:43,small_pouch,4.99,350,1
TX000001966,109621,2026-01-08 14:33:48,small_pouch,4.99,350,1
TX000000933,157984,2026-01-08 14:43:11,small_pouch,4.99,350,1
TX000008981,105777,2026-01-08 14:46:33,small_pouch,4.99,350,1
TX000008164,164085,2026-01-08 14:50:28,vault,49.99,5000,1
TX000013906,100703,2026-01-08 14:52:12,small_pouch,4.99,350,1
TX000013599,110750,2026-01-08 15:10:27,starter_pouch,1.99,120,1
TX000000668,134794,2026-01-08 15:37:14,medium_chest,9.99,800,1
TX000011859,104282,2026-01-08 15:48:00,medium_chest,9.99,800,1
TX000010028,106920,2026-01-08 15:58:19,vault,49.99,5000,1
TX000007848,113430,2026-01-08 16:06:59,starter_pouch,1.99,120,1
TX000001126,169262,2026-01-08 16:12:16,starter_pouch,1.99,120,1
TX000001496,153546,2026-01-08 16:14:10,small_pouch,4.99,350,1
TX000010595,155948,2026-01-08 16:18:05,medium_chest,9.99,800,1
TX000004355,111097,2026-01-08 16:19:27,starter_pouch,1.99,120,1
TX000009995,140688,2026-01-08 16:24:20,medium_chest,9.99,800,1
TX000005700,177715,2026-01-08 16:29:39,starter_pouch,1.99,120,1
TX000010131,121537,2026-01-08 16:40:54,small_pouch,4.99,350,1
TX000005166,107742,2026-01-08 16:41:01,starter_pouch,1.99,120,1
TX000009180,123040,2026-01-08 16:49:53,large_chest,19.99,1800,1
TX000012379,101849,2026-01-08 16:52:50,starter_pouch,1.99,120,1
TX000004129,110661,2026-01-08 17:04:23,starter_pouch,1.99,120,1
TX000006367,148899,2026-01-08 17:08:25,large_chest,19.99,1800,1
TX000013174,149609,2026-01-08 17:08:52,large_chest,19.99,1800,1
TX000011826,132292,2026-01-08 17:09:03,large_chest,19.99,1800,1
TX000004167,131806,2026-01-08 17:12:39,mega_vault,99.99,11000,1
TX000012996,139856,2026-01-08 17:15:12,small_pouch,4.99,350,1
TX000002498,113655,2026-01-08 17:16:39,small_pouch,4.99,350,1
TX000008731,143569,2026-01-08 17:23:03,starter_pouch,1.99,120,1
TX000007201,115630,2026-01-08 17:26:32,vault,49.99,5000,1
TX000011591,119176,2026-01-08 17:29:53,large_chest,19.99,1800,1
TX000002257,143279,2026-01-08 17:31:47,medium_chest,9.99,800,1
TX000009566,115468,2026-01-08 17:33:55,vault,49.99,5000,1
TX000007344,104205,2026-01-08 17:35:42,medium_chest,9.99,800,1
TX000013451,169549,2026-01-08 17:38:08,medium_chest,9.99,800,1
TX000006041,157848,2026-01-08 17:39:23,starter_pouch,1.99,120,1
TX000003830,105102,2026-01-08 17:40:25,small_pouch,4.99,350,1
TX000000760,107594,2026-01-08 17:40:53,starter_pouch,1.99,120,1
TX000001527,122065,2026-01-08 17:43:59,vault,49.99,5000,1
TX000008626,111471,2026-01-08 17:47:12,vault,49.99,5000,1
TX000004843,150635,2026-01-08 17:51:59,large_chest,19.99,1800,1
TX000015214,143569,2026-01-08 17:53:52,vault,49.99,5000,1
TX000000801,148562,2026-01-08 17:54:50,medium_chest,9.99,800,1
TX000001532,147882,2026-01-08 18:13:03,medium_chest,9.99,800,1
TX000002856,141366,2026-01-08 18:17:46,medium_chest,9.99,800,1
TX000000434,165720,2026-01-08 18:29:05,small_pouch,4.99,350,1
TX000002160,122610,2026-01-08 18:30:50,starter_pouch,1.99,120,1
TX000012105,177086,2026-01-08 18:33:12,starter_pouch,1.99,120,1
TX000012629,107516,2026-01-08 18:47:57,starter_pouch,1.99,120,1
TX000008779,135125,2026-01-08 18:58:14,starter_pouch,1.99,120,1
TX000010927,153891,2026-01-08 19:01:18,small_pouch,4.99,350,1
TX000005260,130587,2026-01-08 19:05:28,medium_chest,9.99,800,1
TX000004219,138359,2026-01-08 19:05:50,medium_chest,9.99,800,1
TX000015007,109675,2026-01-08 19:06:55,starter_pouch,1.99,120,1
TX000010816,172075,2026-01-08 19:10:53,small_pouch,4.99,350,1
TX000000696,126400,2026-01-08 19:11:47,vault,49.99,5000,1
TX000001180,171349,2026-01-08 19:17:08,large_chest,19.99,1800,1
TX000005889,107773,2026-01-08 19:26:31,starter_pouch,1.99,120,1
TX000014560,153546,2026-01-08 19:30:28,mega_vault,99.99,11000,1
TX000013633,156553,2026-01-08 19:35:23,medium_chest,9.99,800,1
TX000000403,129837,2026-01-08 19:38:58,starter_pouch,1.99,120,1
TX000009050,144894,2026-01-08 19:41:47,small_pouch,4.99,350,1
TX000013563,178413,2026-01-08 19:42:23,starter_pouch,1.99,120,1
TX000014269,152382,2026-01-08 19:48:55,starter_pouch,1.99,120,1
TX000011866,159686,2026-01-08 19:59:12,medium_chest,9.99,800,1
TX000000809,103414,2026-01-08 20:00:46,vault,49.99,5000,1
TX000005324,175507,2026-01-08 20:05:28,starter_pouch,1.99,120,1
TX000008799,147290,2026-01-08 20:07:19,small_pouch,4.99,350,1
TX000006467,129561,2026-01-08 20:09:45,starter_pouch,1.99,120,1
TX000012768,171830,2026-01-08 20:10:19,small_pouch,4.99,350,1
TX000000143,119062,2026-01-08 20:14:01,small_pouch,4.99,350,1
TX000003661,142710,2026-01-08 20:16:57,starter_pouch,1.99,120,1
TX000001913,153522,2026-01-08 20:17:04,medium_chest,9.99,800,1
TX000008139,172327,2026-01-08 20:20:27,small_pouch,4.99,350,1
TX000013473,131161,2026-01-08 20:21:35,vault,49.99,5000,1
TX000004018,161754,2026-01-08 20:23:53,large_chest,19.99,1800,1
TX000000940,157294,2026-01-08 20:25:56,medium_chest,9.99,800,1
TX000012195,131882,2026-01-08 20:28:07,small_pouch,4.99,350,1
TX000005870,128200,2026-01-08 20:30:22,small_pouch,4.99,350,1
TX000013504,153791,2026-01-08 20:32:16,medium_chest,9.99,800,1
TX000005313,168506,2026-01-08 20:36:41,mega_vault,99.99,11000,1
TX000011574,135711,2026-01-08 20:37:14,medium_chest,9.99,800,1
TX000015016,164930,2026-01-08 20:46:22,medium_chest,9.99,800,1
TX000000201,119964,2026-01-08 20:47:43,large_chest,19.99,1800,1
TX000010028,106920,2026-01-08 20:49:43,vault,49.99,5000,1
TX000008582,106138,2026-01-08 20:51:00,small_pouch,4.99,350,1
TX000005746,123870,2026-01-08 20:52:04,vault,49.99,5000,1
TX000002871,101217,2026-01-08 20:54:15,small_pouch,4.99,350,1
TX000004834,173692,2026-01-08 20:56:18,starter_pouch,1.99,120,1
TX000006560,125234,2026-01-08 20:58:09,medium_chest,9.99,800,1
TX000005738,112983,2026-01-08 21:02:09,vault,49.99,5000,1
TX000012208,126467,2026-01-08 21:05:48,large_chest,19.99,1800,1
TX000006276,151315,2026-01-08 21:07:37,large_chest,19.99,1800,1
TX000005386,148609,2026-01-08 21:10:32,small_pouch,4.99,350,1
TX000010622,144576,2026-01-08 21:11:50,large_chest,19.99,1800,1
TX000008241,110385,2026-01-08 21:12:19,medium_chest,9.99,800,1
TX000003430,164648,2026-01-08 21:14:01,large_chest,19.99,1800,1
TX000010116,142476,2026-01-08 21:14:13,starter_pouch,1.99,120,1
TX000006263,167837,2026-01-08 21:15:15,medium_chest,9.99,800,1
TX000007575,103982,2026-01-08 21:16:31,medium_chest,9.99,800,1
TX000003358,170844,2026-01-08 21:26:43,medium_chest,9.99,800,1
TX000015250,167091,2026-01-08 21:33:14,medium_chest,9.99,800,1
TX000003159,102749,2026-01-08 21:34:36,starter_pouch,1.99,120,1
TX000003868,164447,2026-01-08 21:41:22,starter_pouch,1.99,120,1
TX000001155,101857,2026-01-08 21:43:07,large_chest,19.99,1800,1
TX000004920,144659,2026-01-08 21:44:21,small_pouch,4.99,350,1
TX000012572,113345,2026-01-08 21:45:53,large_chest,19.99,1800,1
TX000000195,143074,2026-01-08 21:50:10,starter_pouch,1.99,120,1
TX000015295,165828,2026-01-08 21:53:33,large_chest,19.99,1800,1
TX000010429,108624,2026-01-08 21:55:55,large_chest,19.99,1800,1
TX000010800,123502,2026-01-08 22:04:15,small_pouch,4.99,350,1
TX000009418,162958,2026-01-08 22:06:51,medium_chest,9.99,800,1
TX000012330,168375,2026-01-08 22:18:09,starter_pouch,1.99,120,1
TX000003447,132942,2026-01-08 22:20:17,small_pouch,4.99,350,1
TX000012150,177513,2026-01-08 22:20:54,starter_pouch,1.99,120,1
TX000006177,178285,2026-01-08 22:29:09,medium_chest,9.99,800,1
TX000014827,141196,2026-01-08 22:29:23,starter_pouch,1.99,120,1
TX000007040,177810,2026-01-08 22:54:37,medium_chest,9.99,800,1
TX000013600,146453,2026-01-08 22:58:24,large_chest,19.99,1800,1
TX000007511,170015,2026-01-08 23:12:10,small_pouch,4.99,350,1
TX000009564,114814,2026-01-08 23:13:29,small_pouch,4.99,350,1
TX000001682,111409,2026-01-08 23:56:54,large_chest,19.99,1800,1
TX000012931,179372,2026-01-08 23:59:56,vault,49.99,5000,1
TX000013950,177807,2026-01-08 23:59:56,medium_chest,9.99,800,1
TX000005820,102565,2026-01-08 23:59:56,starter_pouch,1.99,120,1
TX000007830,152954,2026-01-08 23:59:56,mega_vault,99.99,11000,1
TX000011748,130763,2026-01-08 23:59:56,starter_pouch,1.99,120,1
TX000007373,112382,2026-01-09 06:03:27,small_pouch,4.99,350,1
TX000007770,122065,2026-01-09 06:08:04,starter_pouch,1.99,120,1
TX000008168,131231,2026-01-09 06:13:43,small_pouch,4.99,350,1
TX000015290,138985,2026-01-09 06:28:40,starter_pouch,1.99,120,1
TX000012727,128475,2026-01-09 06:37:28,vault,49.99,5000,1
TX000007007,162112,2026-01-09 06:40:39,small_pouch,4.99,350,1
TX000003613,113083,2026-01-09 07:05:05,starter_pouch,1.99,120,1
TX000012247,131890,2026-01-09 07:10:07,large_chest,19.99,1800,1
TX000004471,143231,2026-01-09 07:35:48,medium_chest,9.99,800,1
TX000005644,111332,2026-01-09 07:40:58,small_pouch,4.99,350,1
TX000011805,115297,2026-01-09 07:57:46,starter_pouch,1.99,120,1
TX000013367,102932,2026-01-09 07:57:53,large_chest,19.99,1800,1
TX000005982,112033,2026-01-09 08:13:28,mega_vault,99.99,11000,1
TX000006558,148689,2026-01-09 08:17:34,large_chest,19.99,1800,1
TX000001415,173956,2026-01-09 08:35:30,large_chest,19.99,1800,1
TX000010250,115297,2026-01-09 08:55:34,starter_pouch,1.99,120,1
TX000001318,120700,2026-01-09 08:59:46,small_pouch,4.99,350,1
TX000015042,119979,2026-01-09 09:02:35,starter_pouch,1.99,120,1
TX000005205,168231,2026-01-09 09:16:29,small_pouch,4.99,350,1
TX000001248,118558,2026-01-09 09:17:09,vault,49.99,5000,1
TX000011587,145200,2026-01-09 09:18:34,small_pouch,4.99,350,1
TX000010870,153819,2026-01-09 09:24:51,large_chest,19.99,1800,1
TX000003722,145546,2026-01-09 09:29:06,starter_pouch,1.99,120,1
TX000011849,115943,2026-01-09 09:32:13,medium_chest,9.99,800,1
TX000010625,166755,2026-01-09 09:34:07,vault,49.99,5000,1
TX000001858,123751,2026-01-09 09:41:04,starter_pouch,1.99,120,1
TX000003476,174347,2026-01-09 09:41:32,small_pouch,4.99,350,1
TX000002139,142864,2026-01-09 09:50:24,medium_chest,9.99,800,1
TX000002400,167094,2026-01-09 09:57:26,starter_pouch,1.99,120,1
TX000014651,161321,2026-01-09 10:20:20,small_pouch,4.99,350,1
TX000009913,160794,2026-01-09 10:25:12,starter_pouch,1.99,120,1
TX000010847,125875,2026-01-09 10:49:08,small_pouch,4.99,350,1
TX000009895,161001,2026-01-09 10:56:54,small_pouch,4.99,350,1
TX000014450,143204,2026-01-09 11:03:07,medium_chest,9.99,800,1
TX000005344,104581,2026-01-09 11:09:59,small_pouch,4.99,350,1
TX000005449,111882,2026-01-09 11:22:39,vault,49.99,5000,1
TX000011656,108502,2026-01-09 11:25:25,medium_chest,9.99,800,1
TX000006105,114814,2026-01-09 11:47:08,small_pouch,4.99,350,1
TX000009655,168879,2026-01-09 12:01:07,vault,49.99,5000,1
TX000009720,176318,2026-01-09 12:20:17,small_pouch,4.99,350,1
TX000008088,127009,2026-01-09 12:32:25,medium_chest,9.99,800,1
TX000000407,132906,2026-01-09 12:48:02,starter_pouch,1.99,120,1
TX000002334,179948,2026-01-09 13:12:55,mega_vault,99.99,11000,1
TX000003414,119868,2026-01-09 13:26:00,medium_chest,9.99,800,1
TX000011884,115918,2026-01-09 13:35:46,small_pouch,4.99,350,1
TX000001125,159547,2026-01-09 13:35:54,starter_pouch,1.99,120,1
TX000004629,130179,2026-01-09 14:01:28,small_pouch,4.99,350,1
TX000002665,134009,2026-01-09 14:14:28,medium_chest,9.99,800,1
TX000012059,104326,2026-01-09 14:20:04,small_pouch,4.99,350,1
TX000014212,145895,2026-01-09 14:28:20,vault,49.99,5000,1
TX000011900,156788,2026-01-09 14:30:13,starter_pouch,1.99,120,1
TX000013398,102267,2026-01-09 14:33:33,medium_chest,9.99,800,1
TX000000190,114755,2026-01-09 14:36:54,medium_chest,9.99,800,1
TX000008877,129970,2026-01-09 14:54:12,vault,49.99,5000,1
TX000003957,145616,2026-01-09 15:08:39,medium_chest,9.99,800,1
TX000005764,177011,2026-01-09 15:09:21,starter_pouch,1.99,120,1
TX000012967,136040,2026-01-09 15:10:48,small_pouch,4.99,350,1
TX000003869,175290,2026-01-09 15:13:16,small_pouch,4.99,350,1
TX000014681,165450,2026-01-09 15:15:23,mega_vault,99.99,11000,1
TX000011824,157692,2026-01-09 15:22:04,medium_chest,9.99,800,1
TX000005970,103415,2026-01-09 15:34:26,large_chest,19.99,1800,1
TX000010681,106196,2026-01-09 15:45:23,starter_pouch,1.99,120,1
TX000015006,124625,2026-01-09 15:55:56,small_pouch,4.99,350,1
TX000008890,125234,2026-01-09 16:02:15,medium_chest,9.99,800,1
TX000002989,128689,2026-01-09 16:03:00,small_pouch,4.99,350,1
TX000004812,150661,2026-01-09 16:10:17,medium_chest,9.99,800,1
TX000004619,102749,2026-01-09 16:15:45,mega_vault,99.99,11000,1
TX000000951,143768,2026-01-09 16:26:24,starter_pouch,1.99,120,1
TX000000096,113245,2026-01-09 16:28:14,starter_pouch,1.99,120,1
TX000006331,157692,2026-01-09 16:30:26,starter_pouch,1.99,120,1
TX000008407,161602,2026-01-09 16:41:52,starter_pouch,1.99,120,1
TX000002151,143926,2026-01-09 16:42:39,vault,49.99,5000,1
TX000008680,123301,2026-01-09 16:48:11,small_pouch,4.99,350,1
TX000004077,104095,2026-01-09 17:05:51,large_chest,19.99,1800,1
TX000010473,113473,2026-01-09 17:07:57,large_chest,19.99,1800,1
TX000004939,152647,2026-01-09 17:10:49,large_chest,19.99,1800,1
TX000006900,154288,2026-01-09 17:13:04,vault,49.99,5000,1
TX000000279,119249,2026-01-09 17:13:41,starter_pouch,1.99,120,1
TX000014888,144576,2026-01-09 17:15:24,starter_pouch,1.99,120,1
TX000005813,129249,2026-01-09 17:20:39,large_chest,19.99,1800,1
TX000000045,171191,2026-01-09 17:27:10,medium_chest,9.99,800,1
TX000008094,141252,2026-01-09 17:29:30,small_pouch,4.99,350,1
TX000006299,150661,2026-01-09 17:30:25,small_pouch,4.99,350,1
TX000000787,151135,2026-01-09 17:30:27,starter_pouch,1.99,120,1
TX000014805,129249,2026-01-09 17:33:20,vault,49.99,5000,1
TX000014591,165741,2026-01-09 17:36:08,medium_chest,9.99,800,1
TX000010485,153935,2026-01-09 17:39:01,mega_vault,99.99,11000,1
TX000010681,106196,2026-01-09 17:42:45,starter_pouch,1.99,120,1
TX000002825,132283,2026-01-09 17:43:16,starter_pouch,1.99,120,1
TX000010730,135814,2026-01-09 17:58:07,small_pouch,4.99,350,1
TX000010775,180088,2026-01-09 17:58:16,large_chest,19.99,1800,1
TX000004943,146308,2026-01-09 18:00:10,medium_chest,9.99,800,1
TX000012713,117994,2026-01-09 18:06:17,small_pouch,4.99,350,1
TX000003613,113083,2026-01-09 18:18:31,starter_pouch,1.99,120,1
TX000014171,160740,2026-01-09 18:20:59,small_pouch,4.99,350,1
TX000002181,164896,2026-01-09 18:29:09,starter_pouch,1.99,120,1
TX000001211,176192,2026-01-09 18:34:59,starter_pouch,1.99,120,1
TX000001665,157494,2026-01-09 18:40:16,small_pouch,4.99,350,1
TX000012414,137160,2026-01-09 18:40:43,medium_chest,9.99,800,1
TX000011972,152427,2026-01-09 18:41:30,starter_pouch,1.99,120,1
TX000002426,169964,2026-01-09 18:45:52,large_chest,19.99,1800,1
TX000011103,175565,2026-01-09 18:50:15,medium_chest,9.99,800,1
TX000003374,177759,2026-01-09 18:51:00,large_chest,19.99,1800,1
TX000013938,141737,2026-01-09 18:54:02,medium_chest,9.99,800,1
TX000014445,167693,2026-01-09 18:54:02,starter_pouch,1.99,120,1
TX000011386,128202,2026-01-09 18:56:59,medium_chest,9.99,800,1
TX000001139,163575,2026-01-09 18:57:12,mega_vault,99.99,11000,1
TX000012523,150028,2026-01-09 18:58:46,starter_pouch,1.99,120,1
TX000007999,105834,2026-01-09 18:59:46,small_pouch,4.99,350,1
TX000000142,134213,2026-01-09 19:01:53,starter_pouch,1.99,120,1
TX000011904,107516,2026-01-09 19:04:28,medium_chest,9.99,800,1
TX000014307,132237,2026-01-09 19:05:56,large_chest,19.99,1800,1
TX000001610,164149,2026-01-09 19:07:25,large_chest,19.99,1800,1
TX000005104,138924,2026-01-09 19:07:54,medium_chest,9.99,800,1
TX000004377,170409,2026-01-09 19:08:19,starter_pouch,1.99,120,1
TX000004358,121450,2026-01-09 19:09:52,medium_chest,9.99,800,1
TX000006599,118140,2026-01-09 19:14:56,starter_pouch,1.99,120,1
TX000014114,116453,2026-01-09 19:15:10,small_pouch,4.99,350,1
TX000000354,114914,2026-01-09 19:19:53,medium_chest,9.99,800,1
TX000002156,175941,2026-01-09 19:28:03,medium_chest,9.99,800,1
TX000013878,153145,2026-01-09 19:34:58,mega_vault,99.99,11000,1
TX000003394,105882,2026-01-09 19:41:07,starter_pouch,1.99,120,1
TX000011480,163733,2026-01-09 19:43:03,small_pouch,4.99,350,1
TX000010870,153819,2026-01-09 19:47:46,large_chest,19.99,1800,1
TX000002635,162626,2026-01-09 19:50:02,starter_pouch,1.99,120,1
TX000004685,122067,2026-01-09 19:55:42,medium_chest,9.99,800,1
TX000015288,138980,2026-01-09 19:55:42,vault,49.99,5000,1
TX000006839,115064,2026-01-09 20:00:30,large_chest,19.99,1800,1
TX000012523,150028,2026-01-09 20:01:43,starter_pouch,1.99,120,1
TX000009192,147238,2026-01-09 20:02:11,small_pouch,4.99,350,1
TX000012740,139442,2026-01-09 20:03:06,small_pouch,4.99,350,1
TX000011990,136158,2026-01-09 20:05:03,small_pouch,4.99,350,1
TX000012820,132130,2026-01-09 20:13:45,starter_pouch,1.99,120,1
TX000001749,120275,2026-01-09 20:14:38,small_pouch,4.99,350,1
TX000001909,109749,2026-01-09 20:15:21,starter_pouch,1.99,120,1
TX000009320,141874,2026-01-09 20:17:42,large_chest,19.99,1800,1
TX000013345,113614,2026-01-09 20:18:03,large_chest,19.99,1800,1
TX000008283,117264,2026-01-09 20:18:48,medium_chest,9.99,800,1
TX000001066,146168,2026-01-09 20:20:32,starter_pouch,1.99,120,1
TX000000142,134213,2026-01-09 20:20:53,starter_pouch,1.99,120,1
TX000006598,112382,2026-01-09 20:22:49,vault,49.99,5000,1
TX000012563,154683,2026-01-09 20:24:01,starter_pouch,1.99,120,1
TX000000950,119880,2026-01-09 20:24:16,medium_chest,9.99,800,1
TX000008597,141801,2026-01-09 20:32:28,starter_pouch,1.99,120,1
TX000011593,103893,2026-01-09 20:40:34,medium_chest,9.99,800,1
TX000010208,142787,2026-01-09 20:41:25,small_pouch,4.99,350,1
TX000006540,159303,2026-01-09 20:43:08,small_pouch,4.99,350,1
TX000010776,167119,2026-01-09 20:43:21,large_chest,19.99,1800,1
TX000000769,132499,2026-01-09 20:48:28,starter_pouch,1.99,120,1
TX000006849,115362,2026-01-09 20:57:55,starter_pouch,1.99,120,1
TX000005975,110045,2026-01-09 20:59:58,vault,49.99,5000,1
TX000001284,144477,2026-01-09 21:00:48,starter_pouch,1.99,120,1
TX000006244,122737,2026-01-09 21:03:46,medium_chest,9.99,800,1
TX000005379,116453,2026-01-09 21:11:28,large_chest,19.99,1800,1
TX000001044,140903,2026-01-09 21:16:53,vault,49.99,5000,1
TX000011687,101548,2026-01-09 21:18:33,starter_pouch,1.99,120,1
TX000004829,169322,2026-01-09 21:21:13,vault,49.99,5000,1
TX000010671,129662,2026-01-09 21:21:14,medium_chest,9.99,800,1
TX000014766,136932,2026-01-09 21:24:14,small_pouch,4.99,350,1
TX000001435,170690,2026-01-09 21:24:21,starter_pouch,1.99,120,1
TX000014340,160443,2026-01-09 21:26:38,starter_pouch,1.99,120,1
TX000000172,140941,2026-01-09 21:30:28,medium_chest,9.99,800,1
TX000007245,149481,2026-01-09 21:31:07,medium_chest,9.99,800,1
TX000010169,173158,2026-01-09 21:33:57,vault,49.99,5000,1
TX000015094,126267,2026-01-09 21:35:40,medium_chest,9.99,800,1
TX000001030,102835,2026-01-09 21:39:56,medium_chest,9.99,800,1
TX000004205,136414,2026-01-09 21:41:15,small_pouch,4.99,350,1
TX000012216,160837,2026-01-09 21:42:01,small_pouch,4.99,350,1
TX000013426,134461,2026-01-09 21:42:14,small_pouch,4.99,350,1
TX000004846,137808,2026-01-09 21:44:54,large_chest,19.99,1800,1
TX000010214,137041,2026-01-09 21:45:55,starter_pouch,1.99,120,1
TX000005514,174980,2026-01-09 21:46:15,small_pouch,4.99,350,1
TX000007355,138202,2026-01-09 21:47:24,mega_vault,99.99,11000,1
TX000014344,129092,2026-01-09 22:01:44,small_pouch,4.99,350,1
TX000005128,122741,2026-01-09 22:01:57,starter_pouch,1.99,120,1
TX000012235,126439,2026-01-09 22:04:15,large_chest,19.99,1800,1
TX000001379,114486,2026-01-09 22:07:55,mega_vault,99.99,11000,1
TX000012927,144392,2026-01-09 22:11:52,medium_chest,9.99,800,1
TX000015030,153670,2026-01-09 22:15:42,small_pouch,4.99,350,1
TX000004003,127408,2026-01-09 22:22:02,medium_chest,9.99,800,1
TX000005005,121429,2026-01-09 22:32:46,large_chest,19.99,1800,1
TX000008815,172940,2026-01-09 22:34:15,vault,49.99,5000,1
TX000014782,136303,2026-01-09 22:38:29,starter_pouch,1.99,120,1
TX000011560,149788,2026-01-09 22:42:16,starter_pouch,1.99,120,1
TX000013754,131201,2026-01-09 22:42:38,starter_pouch,1.99,120,1
TX000001528,178114,2026-01-09 22:44:55,small_pouch,4.99,350,1
TX000007158,170438,2026-01-09 22:47:06,medium_chest,9.99,800,1
TX000012324,144726,2026-01-09 22:48:54,medium_chest,9.99,800,1
TX000009337,111332,2026-01-09 22:56:45,starter_pouch,1.99,120,1
TX000008342,153167,2026-01-09 23:03:11,starter_pouch,1.99,120,1
TX000013853,118219,2026-01-09 23:04:44,small_pouch,4.99,350,1
TX000009068,180117,2026-01-09 23:13:00,mega_vault,99.99,11000,1
TX000003022,105480,2026-01-09 23:13:29,starter_pouch,1.99,120,1
TX000006211,137542,2026-01-09 23:21:23,starter_pouch,1.99,120,1
TX000004389,161055,2026-01-09 23:43:47,small_pouch,4.99,350,1
TX000014680,115129,2026-01-09 23:49:36,small_pouch,4.99,350,1
TX000001183,176586,2026-01-09 23:59:56,vault,49.99,5000,1
TX000004748,152322,2026-01-09 23:59:56,medium_chest,9.99,800,1
TX000009060,137669,2026-01-10 07:23:36,medium_chest,9.99,800,0
TX000014741,125234,2026-01-10 07:47:10,vault,49.99,5000,0
TX000007335,157855,2026-01-10 08:51:42,medium_chest,9.99,800,0
TX000007930,143534,2026-01-10 10:22:56,small_pouch,4.99,350,0
TX000013660,172944,2026-01-10 10:24:03,large_chest,19.99,1800,0
TX000010673,122984,2026-01-10 11:55:55,starter_pouch,1.99,120,0
TX000001437,137825,2026-01-10 13:36:06,large_chest,19.99,1800,0
TX000010945,138773,2026-01-10 13:51:51,medium_chest,9.99,800,0
TX000004543,100519,2026-01-10 15:17:37,large_chest,19.99,1800,0
TX000004567,124789,2026-01-10 15:20:25,starter_pouch,1.99,120,0
TX000007994,119435,2026-01-10 15:22:50,starter_pouch,1.99,120,0
TX000013456,171202,2026-01-10 15:55:59,medium_chest,9.99,800,0
TX000007972,140879,2026-01-10 16:07:54,medium_chest,9.99,800,0
TX000006925,118163,2026-01-10 16:18:11,vault,49.99,5000,0
TX000004645,111471,2026-01-10 17:15:13,vault,-49.99,-5000,1
TX000009313,105401,2026-01-10 17:33:10,mega_vault,99.99,11000,0
TX000014044,113083,2026-01-10 17:35:21,starter_pouch,-1.99,-120,1
TX000004614,161433,2026-01-10 17:40:16,medium_chest,9.99,800,0
TX000008344,152033,2026-01-10 17:45:40,small_pouch,4.99,350,0
TX000009257,141801,2026-01-10 17:49:29,vault,49.99,5000,0
TX000012808,178740,2026-01-10 17:52:44,medium_chest,9.99,800,0
TX000007834,119871,2026-01-10 18:11:52,mega_vault,99.99,11000,0
TX000006741,177030,2026-01-10 18:29:02,large_chest,19.99,1800,0
TX000006929,129193,2026-01-10 18:42:00,small_pouch,4.99,350,0
TX000001715,161171,2026-01-10 19:07:41,large_chest,19.99,1800,0
TX000013653,175161,2026-01-10 19:41:34,small_pouch,4.99,350,0
TX000013021,134684,2026-01-10 20:10:05,medium_chest,9.99,800,0
TX000013166,160978,2026-01-10 20:44:00,large_chest,19.99,1800,0
TX000001928,115496,2026-01-10 20:58:45,medium_chest,9.99,800,0
TX000001486,114228,2026-01-10 21:04:24,large_chest,19.99,1800,0
TX000001522,157624,2026-01-10 21:11:45,starter_pouch,1.99,120,0
TX000000632,114383,2026-01-10 21:14:07,small_pouch,4.99,350,0
TX000009254,128265,2026-01-10 22:22:18,small_pouch,4.99,350,0
TX000010926,134406,2026-01-10 22:53:26,medium_chest,9.99,800,0
TX000010313,157066,2026-01-10 22:55:56,medium_chest,9.99,800,0
TX000006418,157282,2026-01-10 23:06:34,vault,49.99,5000,0
TX000012649,123721,2026-01-10 23:38:21,starter_pouch,1.99,120,0
TX000012803,175806,2026-01-10 23:59:22,medium_chest,9.99,800,0
TX000004141,173816,2026-01-11 07:13:16,small_pouch,4.99,350,0
TX000004753,137725,2026-01-11 08:12:53,large_chest,19.99,1800,0
TX000005421,174571,2026-01-11 08:35:00,starter_pouch,1.99,120,0
TX000000435,104596,2026-01-11 09:58:07,small_pouch,4.99,350,0
TX000005751,175153,2026-01-11 12:17:55,starter_pouch,1.99,120,0
TX000001215,163614,2026-01-11 12:21:14,starter_pouch,1.99,120,0
TX000009533,141460,2026-01-11 12:34:57,mega_vault,99.99,11000,0
TX000013238,125274,2026-01-11 13:23:13,starter_pouch,1.99,120,0
TX000002135,126504,2026-01-11 15:44:51,medium_chest,9.99,800,0
TX000013639,125550,2026-01-11 15:45:08,medium_chest,9.99,800,0
TX000002088,118710,2026-01-11 16:31:52,small_pouch,4.99,350,0
TX000009633,137242,2026-01-11 16:40:51,starter_pouch,1.99,120,0
TX000006383,115989,2026-01-11 16:46:09,large_chest,19.99,1800,0
TX000006171,110385,2026-01-11 17:35:47,vault,49.99,5000,0
TX000011673,131102,2026-01-11 17:35:50,starter_pouch,1.99,120,0
TX000015265,147277,2026-01-11 17:40:33,mega_vault,99.99,11000,0
TX000001605,113345,2026-01-11 17:41:30,medium_chest,9.99,800,0
TX000008506,131890,2026-01-11 18:43:16,starter_pouch,1.99,120,0
TX000013604,134160,2026-01-11 18:44:41,medium_chest,9.99,800,0
TX000012468,107017,2026-01-11 18:49:25,medium_chest,9.99,800,0
TX000001747,128060,2026-01-11 18:49:50,starter_pouch,1.99,120,0
TX000012017,102711,2026-01-11 18:59:37,medium_chest,9.99,800,0
TX000012432,114941,2026-01-11 19:30:14,starter_pouch,1.99,120,0
TX000002801,126679,2026-01-11 20:15:56,large_chest,19.99,1800,0
TX000008996,126748,2026-01-11 20:23:03,starter_pouch,1.99,120,0
TX000006486,152868,2026-01-11 20:30:02,large_chest,19.99,1800,0
TX000000515,165942,2026-01-11 20:46:12,large_chest,19.99,1800,0
TX000000488,135182,2026-01-11 21:07:26,large_chest,19.99,1800,0
TX000008143,173714,2026-01-11 21:21:53,medium_chest,9.99,800,0
TX000001040,176277,2026-01-11 21:21:56,vault,49.99,5000,0
TX000001188,152919,2026-01-11 21:28:31,mega_vault,99.99,11000,0
TX000011761,168012,2026-01-11 21:29:10,large_chest,19.99,1800,0
TX000001731,105125,2026-01-11 21:36:59,large_chest,19.99,1800,0
TX000000384,161273,2026-01-11 21:56:27,large_chest,19.99,1800,0
TX000004114,149187,2026-01-11 22:08:56,large_chest,19.99,1800,0
TX000015228,102070,2026-01-11 22:10:14,large_chest,19.99,1800,0
TX000012909,154931,2026-01-11 22:27:10,starter_pouch,1.99,120,0
TX000012535,169433,2026-01-11 23:24:42,starter_pouch,1.99,120,0
TX000006507,150902,2026-01-11 23:59:56,small_pouch,4.99,350,0
TX000001684,127749,2026-01-11 23:59:56,starter_pouch,1.99,120,0
TX000008773,124063,2026-01-12 07:35:51,small_pouch,4.99,350,0
TX000007708,164394,2026-01-12 08:34:38,large_chest,19.99,1800,0
TX000003052,147870,2026-01-12 08:35:07,large_chest,19.99,1800,0
TX000009378,172876,2026-01-12 09:16:26,starter_pouch,1.99,120,0
TX000006760,161602,2026-01-12 10:20:23,starter_pouch,-1.99,-120,1
TX000002120,105617,2026-01-12 10:50:24,starter_pouch,1.99,120,0
TX000007831,119669,2026-01-12 11:00:23,starter_pouch,1.99,120,0
TX000002786,172944,2026-01-12 13:00:20,large_chest,-19.99,-1800,0
TX000012366,100134,2026-01-12 13:07:51,starter_pouch,1.99,120,0
TX000002034,167003,2026-01-12 13:07:52,starter_pouch,1.99,120,0
TX000004361,160092,2026-01-12 13:42:15,medium_chest,9.99,800,0
TX000006218,111332,2026-01-12 14:30:18,large_chest,19.99,1800,0
TX000006838,161772,2026-01-12 16:24:15,large_chest,19.99,1800,0
TX000013318,164963,2026-01-12 17:27:43,medium_chest,9.99,800,0
TX000004618,113582,2026-01-12 17:46:01,medium_chest,9.99,800,0
TX000009689,151864,2026-01-12 17:53:54,medium_chest,9.99,800,0
TX000012460,128066,2026-01-12 17:59:49,medium_chest,9.99,800,0
TX000013437,173453,2026-01-12 18:05:39,starter_pouch,1.99,120,0
TX000012130,164584,2026-01-12 19:12:58,large_chest,19.99,1800,0
TX000003666,130798,2026-01-12 19:30:24,small_pouch,4.99,350,0
TX000005169,148822,2026-01-12 19:40:45,large_chest,19.99,1800,0
TX000008592,121806,2026-01-12 20:08:18,small_pouch,4.99,350,0
TX000011237,160978,2026-01-12 20:34:51,large_chest,-19.99,-1800,0
TX000009830,117190,2026-01-12 20:35:26,small_pouch,4.99,350,0
TX000004973,140324,2026-01-12 20:51:28,medium_chest,9.99,800,0
TX000008201,107546,2026-01-12 21:01:48,vault,49.99,5000,0
TX000003973,164464,2026-01-12 21:07:46,large_chest,19.99,1800,0
TX000000558,101857,2026-01-12 21:42:10,large_chest,19.99,1800,0
TX000008790,161026,2026-01-12 21:44:36,medium_chest,-9.99,-800,0
TX000004344,143786,2026-01-12 21:46:04,small_pouch,4.99,350,0
TX000000250,132283,2026-01-12 22:20:49,starter_pouch,1.99,120,0
TX000003133,163022,2026-01-12 22:40:04,starter_pouch,1.99,120,0
TX000015208,139856,2026-01-12 22:48:16,small_pouch,4.99,350,0
TX000006764,144030,2026-01-12 23:00:25,starter_pouch,1.99,120,0
TX000008033,162958,2026-01-12 23:59:56,small_pouch,4.99,350,0
TX000000064,102328,2026-01-13 06:31:42,medium_chest,9.99,800,0
TX000011954,166349,2026-01-13 07:28:00,medium_chest,9.99,800,0
TX000002752,132689,2026-01-13 08:18:43,small_pouch,4.99,350,0
TX000009326,123892,2026-01-13 08:24:49,starter_pouch,1.99,120,0
TX000011451,132658,2026-01-13 09:39:29,medium_chest,9.99,800,0
TX000014192,162766,2026-01-13 11:20:16,medium_chest,9.99,800,0
TX000001884,112874,2026-01-13 11:24:38,medium_chest,9.99,800,0
TX000010940,119201,2026-01-13 12:14:15,medium_chest,9.99,800,0
TX000006500,128415,2026-01-13 12:20:50,vault,49.99,5000,0
TX000002150,134146,2026-01-13 12:57:42,medium_chest,9.99,800,0
TX000004470,115365,2026-01-13 13:13:34,small_pouch,4.99,350,0
TX000014475,158207,2026-01-13 13:24:15,small_pouch,4.99,350,0
TX000013764,101100,2026-01-13 14:06:45,small_pouch,4.99,350,0
TX000008267,111211,2026-01-13 14:09:07,starter_pouch,1.99,120,0
TX000004582,136471,2026-01-13 14:17:35,starter_pouch,1.99,120,0
TX000005668,100380,2026-01-13 14:36:11,large_chest,19.99,1800,0
TX000012519,170821,2026-01-13 16:03:11,large_chest,19.99,1800,0
TX000012559,142341,2026-01-13 16:03:15,small_pouch,4.99,350,0
TX000003647,107516,2026-01-13 16:28:33,vault,49.99,5000,0
TX000003001,105820,2026-01-13 16:39:28,small_pouch,4.99,350,0
TX000007915,131557,2026-01-13 16:42:08,small_pouch,4.99,350,0
TX000014725,143402,2026-01-13 16:54:41,starter_pouch,1.99,120,0
TX000010205,139843,2026-01-13 17:10:33,medium_chest,9.99,800,0
TX000015044,135407,2026-01-13 17:18:20,medium_chest,9.99,800,0
TX000010171,112693,2026-01-13 17:32:51,small_pouch,4.99,350,0
TX000006802,166134,2026-01-13 17:33:35,small_pouch,4.99,350,0
TX000000248,116198,2026-01-13 17:39:58,starter_pouch,1.99,120,0
TX000003135,106466,2026-01-13 17:46:27,starter_pouch,1.99,120,0
TX000004267,145895,2026-01-13 17:55:04,vault,-49.99,-5000,1
TX000003491,158326,2026-01-13 17:59:29,large_chest,19.99,1800,0
TX000012513,139314,2026-01-13 18:02:12,vault,49.99,5000,0
TX000002389,179661,2026-01-13 18:13:31,medium_chest,9.99,800,0
TX000009610,146611,2026-01-13 18:22:54,large_chest,19.99,1800,0
TX000002463,178257,2026-01-13 18:26:43,large_chest,19.99,1800,0
TX000001483,106735,2026-01-13 18:37:38,small_pouch,4.99,350,0
TX000013536,136824,2026-01-13 18:50:02,starter_pouch,1.99,120,0
TX000013593,165730,2026-01-13 19:02:29,starter_pouch,1.99,120,0
TX000011453,169019,2026-01-13 19:03:17,small_pouch,4.99,350,0
TX000002673,157848,2026-01-13 19:04:44,starter_pouch,-1.99,-120,1
TX000001251,146587,2026-01-13 19:07:51,starter_pouch,1.99,120,0
TX000012381,163996,2026-01-13 19:33:15,small_pouch,4.99,350,0
TX000002250,122584,2026-01-13 19:39:44,large_chest,19.99,1800,0
TX000003007,151495,2026-01-13 21:08:25,vault,49.99,5000,0
TX000000691,158335,2026-01-13 21:11:03,starter_pouch,1.99,120,0
TX000012577,105603,2026-01-13 21:14:08,large_chest,19.99,1800,0
TX000001946,137210,2026-01-13 21:20:08,starter_pouch,1.99,120,0
TX000011330,108976,2026-01-13 21:25:04,starter_pouch,1.99,120,0
TX000000859,160849,2026-01-13 21:28:00,large_chest,19.99,1800,0
TX000000136,100297,2026-01-13 21:33:31,small_pouch,4.99,350,0
TX000004585,113245,2026-01-13 21:44:18,small_pouch,4.99,350,0
TX000003517,164843,2026-01-13 22:05:03,small_pouch,4.99,350,0
TX000002330,124352,2026-01-13 22:12:16,starter_pouch,1.99,120,0
TX000003167,140942,2026-01-13 22:36:26,starter_pouch,1.99,120,0
TX000005462,167994,2026-01-13 23:07:17,starter_pouch,1.99,120,0
TX000007248,142802,2026-01-13 23:20:29,small_pouch,4.99,350,0
TX000005846,164351,2026-01-13 23:28:00,large_chest,19.99,1800,0
TX000004560,171879,2026-01-13 23:46:47,medium_chest,9.99,800,0
TX000011790,118016,2026-01-13 23:59:56,vault,49.99,5000,0
TX000004143,136492,2026-01-13 23:59:56,medium_chest,9.99,800,0
TX000014748,111363,2026-01-13 23:59:56,medium_chest,9.99,800,0
TX000010894,117003,2026-01-13 23:59:56,medium_chest,9.99,800,0
TX000009824,179213,2026-01-13 23:59:56,large_chest,19.99,1800,0
TX000005383,143058,2026-01-14 06:11:33,large_chest,19.99,1800,0
TX000003132,118361,2026-01-14 06:33:19,small_pouch,4.99,350,0
TX000002839,117895,2026-01-14 08:17:13,medium_chest,9.99,800,0
TX000002529,104248,2026-01-14 08:45:08,small_pouch,4.99,350,0
TX000001773,179316,2026-01-14 08:51:14,large_chest,19.99,1800,0
TX000004069,128896,2026-01-14 09:38:13,vault,49.99,5000,0
TX000006676,167173,2026-01-14 09:45:48,starter_pouch,1.99,120,0
TX000005397,137147,2026-01-14 10:20:59,starter_pouch,1.99,120,0
TX000015284,125062,2026-01-14 10:42:41,small_pouch,4.99,350,0
TX000014187,118163,2026-01-14 11:12:58,large_chest,19.99,1800,0
TX000007711,164018,2026-01-14 12:06:39,starter_pouch,1.99,120,0
TX000004400,103754,2026-01-14 12:20:40,vault,49.99,5000,0
TX000005808,154567,2026-01-14 12:46:10,mega_vault,99.99,11000,0
TX000000320,119249,2026-01-14 13:51:27,vault,49.99,5000,0
TX000013038,146513,2026-01-14 13:54:04,large_chest,19.99,1800,0
TX000013234,170380,2026-01-14 14:34:03,starter_pouch,1.99,120,0
TX000011632,156988,2026-01-14 14:59:04,large_chest,19.99,1800,0
TX000011124,154151,2026-01-14 15:02:29,starter_pouch,1.99,120,0
TX000011004,175901,2026-01-14 15:35:22,mega_vault,99.99,11000,0
TX000002311,157605,2026-01-14 15:41:41,small_pouch,4.99,350,0
TX000009987,102962,2026-01-14 15:50:49,medium_chest,9.99,800,0
TX000000255,131059,2026-01-14 16:28:46,starter_pouch,1.99,120,0
TX000002948,160381,2026-01-14 16:34:49,small_pouch,4.99,350,0
TX000009486,159906,2026-01-14 16:36:10,starter_pouch,1.99,120,0
TX000007549,163052,2026-01-14 16:41:57,medium_chest,9.99,800,0
TX000014214,152483,2026-01-14 16:54:17,small_pouch,4.99,350,0
TX000001512,123914,2026-01-14 17:14:28,starter_pouch,1.99,120,0
TX000004116,152879,2026-01-14 17:18:42,small_pouch,4.99,350,0
TX000014760,127775,2026-01-14 17:24:32,medium_chest,9.99,800,0
TX000001356,105109,2026-01-14 17:29:12,starter_pouch,1.99,120,0
TX000009875,150936,2026-01-14 17:30:27,starter_pouch,1.99,120,0
TX000001013,164624,2026-01-14 17:41:16,large_chest,19.99,1800,0
TX000013682,142463,2026-01-14 17:47:53,large_chest,19.99,1800,0
TX000011025,141072,2026-01-14 18:04:59,medium_chest,9.99,800,0
TX000004986,172365,2026-01-14 18:16:07,medium_chest,9.99,800,0
TX000012275,127128,2026-01-14 18:19:19,medium_chest,9.99,800,0
TX000004661,118219,2026-01-14 18:36:07,medium_chest,9.99,800,0
TX000000663,109629,2026-01-14 18:56:33,small_pouch,4.99,350,0
TX000004604,155486,2026-01-14 19:12:34,small_pouch,4.99,350,0
TX000008716,102422,2026-01-14 19:13:09,medium_chest,9.99,800,0
TX000014069,179941,2026-01-14 19:14:12,starter_pouch,1.99,120,0
TX000004297,117022,2026-01-14 19:15:39,vault,49.99,5000,0
TX000014142,119053,2026-01-14 19:21:57,starter_pouch,1.99,120,0
TX000003452,106046,2026-01-14 19:25:41,large_chest,19.99,1800,0
TX000010843,107133,2026-01-14 19:30:46,medium_chest,9.99,800,0
TX000004764,177913,2026-01-14 19:41:13,small_pouch,4.99,350,0
TX000007287,149409,2026-01-14 19:46:00,small_pouch,4.99,350,0
TX000011867,124414,2026-01-14 19:58:56,starter_pouch,1.99,120,0
TX000014070,121605,2026-01-14 20:36:29,starter_pouch,1.99,120,0
TX000005146,180163,2026-01-14 20:36:35,mega_vault,99.99,11000,0
TX000007872,128510,2026-01-14 20:39:26,starter_pouch,1.99,120,0
TX000001666,113440,2026-01-14 20:39:29,small_pouch,4.99,350,0
TX000010794,167252,2026-01-14 20:41:54,starter_pouch,1.99,120,0
TX000006862,107471,2026-01-14 20:43:50,starter_pouch,1.99,120,0
TX000008948,147261,2026-01-14 21:16:25,large_chest,19.99,1800,0
TX000011216,135787,2026-01-14 21:21:24,small_pouch,4.99,350,0
TX000007665,130694,2026-01-14 21:32:16,starter_pouch,1.99,120,0
TX000010091,122584,2026-01-14 21:40:25,vault,49.99,5000,0
TX000001766,166611,2026-01-14 21:40:59,starter_pouch,1.99,120,0
TX000003691,172219,2026-01-14 22:03:35,small_pouch,4.99,350,0
TX000011719,142575,2026-01-14 22:07:13,vault,49.99,5000,0
TX000011511,128877,2026-01-14 22:09:06,large_chest,19.99,1800,0
TX000005237,144207,2026-01-14 22:38:21,large_chest,19.99,1800,0
TX000007506,154778,2026-01-14 23:03:23,small_pouch,4.99,350,0
TX000008408,119318,2026-01-14 23:26:13,starter_pouch,1.99,120,0
TX000013646,111070,2026-01-14 23:40:21,large_chest,19.99,1800,0
TX000013926,172286,2026-01-14 23:43:17,starter_pouch,1.99,120,0
TX000009602,106591,2026-01-14 23:43:26,large_chest,19.99,1800,0
TX000009129,114081,2026-01-14 23:59:56,medium_chest,9.99,800,0
TX000008603,132124,2026-01-15 07:10:30,small_pouch,4.99,350,0
TX000007922,172624,2026-01-15 07:44:43,medium_chest,9.99,800,0
TX000001485,142181,2026-01-15 07:51:49,starter_pouch,1.99,120,0
TX000011691,148103,2026-01-15 10:19:02,large_chest,19.99,1800,0
TX000001432,169989,2026-01-15 10:36:31,medium_chest,9.99,800,0
TX000005535,160271,2026-01-15 10:53:04,large_chest,19.99,1800,0
TX000004182,103265,2026-01-15 10:53:12,medium_chest,9.99,800,0
TX000014316,138951,2026-01-15 11:19:27,starter_pouch,1.99,120,0
TX000008262,155253,2026-01-15 11:48:29,medium_chest,9.99,800,0
TX000004095,125234,2026-01-15 12:03:14,large_chest,19.99,1800,0
TX000008864,136906,2026-01-15 12:26:17,mega_vault,99.99,11000,0
TX000003991,117877,2026-01-15 14:07:51,medium_chest,9.99,800,0
TX000011150,129162,2026-01-15 14:11:12,starter_pouch,1.99,120,0
TX000001005,121897,2026-01-15 14:12:16,mega_vault,99.99,11000,0
TX000001049,157783,2026-01-15 14:55:52,starter_pouch,1.99,120,0
TX000001967,104201,2026-01-15 14:56:54,small_pouch,4.99,350,0
TX000004809,162174,2026-01-15 15:18:46,large_chest,19.99,1800,0
TX000010145,112261,2026-01-15 15:37:12,small_pouch,4.99,350,0
TX000011421,134775,2026-01-15 15:41:44,mega_vault,99.99,11000,0
TX000007725,107516,2026-01-15 15:55:42,large_chest,19.99,1800,0
TX000009835,173453,2026-01-15 16:32:17,starter_pouch,-1.99,-120,0
TX000010371,107276,2026-01-15 16:38:30,vault,49.99,5000,0
TX000003477,133661,2026-01-15 16:40:32,starter_pouch,1.99,120,0
TX000012685,150936,2026-01-15 16:48:11,small_pouch,4.99,350,0
TX000014563,177493,2026-01-15 16:51:12,small_pouch,4.99,350,0
TX000005933,144310,2026-01-15 16:51:46,starter_pouch,1.99,120,0
TX000012658,117510,2026-01-15 17:18:51,small_pouch,4.99,350,0
TX000007716,155531,2026-01-15 17:30:41,medium_chest,9.99,800,0
TX000007647,176407,2026-01-15 17:37:35,small_pouch,4.99,350,0
TX000001262,177850,2026-01-15 17:41:24,large_chest,19.99,1800,0
TX000007656,140557,2026-01-15 17:45:25,vault,49.99,5000,0
TX000013197,164263,2026-01-15 17:48:45,mega_vault,99.99,11000,0
TX000003933,145648,2026-01-15 17:56:52,large_chest,19.99,1800,0
TX000007072,139276,2026-01-15 18:13:35,vault,49.99,5000,0
TX000010070,104811,2026-01-15 18:15:32,large_chest,19.99,1800,0
TX000012991,113905,2026-01-15 18:25:02,small_pouch,4.99,350,0
TX000002406,136239,2026-01-15 18:25:48,starter_pouch,1.99,120,0
TX000011464,112607,2026-01-15 18:27:46,large_chest,19.99,1800,0
TX000001485,142181,2026-01-15 18:29:21,starter_pouch,1.99,120,0
TX000001396,122284,2026-01-15 18:42:05,vault,49.99,5000,0
TX000000431,118802,2026-01-15 18:47:50,small_pouch,4.99,350,0
TX000011058,117014,2026-01-15 18:55:12,starter_pouch,1.99,120,0
TX000009784,114147,2026-01-15 19:01:16,small_pouch,4.99,350,0
TX000014112,150661,2026-01-15 19:09:41,small_pouch,4.99,350,0
TX000000773,103383,2026-01-15 19:30:04,small_pouch,4.99,350,0
TX000009205,110797,2026-01-15 19:34:42,small_pouch,4.99,350,0
TX000007010,147277,2026-01-15 19:40:36,large_chest,19.99,1800,0
TX000012631,176662,2026-01-15 19:42:37,small_pouch,4.99,350,0
TX000012783,169580,2026-01-15 19:51:04,large_chest,19.99,1800,0
TX000011168,121364,2026-01-15 19:52:12,small_pouch,4.99,350,0
TX000004934,179603,2026-01-15 19:58:10,large_chest,19.99,1800,0
TX000004041,124785,2026-01-15 19:59:44,medium_chest,9.99,800,0
TX000012298,171514,2026-01-15 20:00:28,medium_chest,9.99,800,0
TX000006229,177252,2026-01-15 20:02:37,starter_pouch,1.99,120,0
TX000004289,151462,2026-01-15 20:12:33,large_chest,19.99,1800,0
TX000002975,123568,2026-01-15 20:26:34,large_chest,19.99,1800,0
TX000014869,164351,2026-01-15 20:29:36,starter_pouch,1.99,120,0
TX000001725,153891,2026-01-15 20:42:11,small_pouch,-4.99,-350,1
TX000014472,164279,2026-01-15 20:55:18,medium_chest,9.99,800,0
TX000004049,141290,2026-01-15 20:59:43,medium_chest,9.99,800,0
TX000012051,175099,2026-01-15 21:26:16,large_chest,19.99,1800,0
TX000003867,169425,2026-01-15 21:48:26,medium_chest,9.99,800,0
TX000005102,138398,2026-01-15 21:59:41,medium_chest,9.99,800,0
TX000006167,113430,2026-01-15 22:37:59,medium_chest,9.99,800,0
TX000007613,170616,2026-01-15 22:53:35,small_pouch,4.99,350,0
TX000014272,153388,2026-01-15 23:59:56,starter_pouch,1.99,120,0
TX000001308,156306,2026-01-16 06:22:04,small_pouch,4.99,350,0
TX000002072,145964,2026-01-16 06:48:28,small_pouch,4.99,350,0
TX000014726,176295,2026-01-16 06:56:13,vault,49.99,5000,0
TX000007522,159642,2026-01-16 07:12:10,medium_chest,9.99,800,0
TX000009706,109621,2026-01-16 07:42:00,small_pouch,4.99,350,0
TX000014829,122221,2026-01-16 08:03:39,large_chest,19.99,1800,0
TX000003980,135833,2026-01-16 08:17:29,small_pouch,4.99,350,0
TX000005151,122989,2026-01-16 08:41:41,starter_pouch,1.99,120,0
TX000006748,157958,2026-01-16 08:55:24,large_chest,19.99,1800,0
TX000004925,104491,2026-01-16 09:21:50,large_chest,19.99,1800,0
TX000000387,174541,2026-01-16 09:25:35,starter_pouch,1.99,120,0
TX000001069,153042,2026-01-16 09:35:24,large_chest,19.99,1800,0
TX000012924,140160,2026-01-16 09:36:47,small_pouch,4.99,350,0
TX000014135,127619,2026-01-16 11:32:08,starter_pouch,1.99,120,0
TX000006710,139856,2026-01-16 12:06:41,small_pouch,-4.99,-350,1
TX000009284,137568,2026-01-16 12:38:24,starter_pouch,1.99,120,0
TX000002454,149456,2026-01-16 14:31:47,starter_pouch,1.99,120,0
TX000001703,114522,2026-01-16 15:05:34,vault,49.99,5000,0
TX000008053,107968,2026-01-16 15:08:45,medium_chest,9.99,800,0
TX000011065,109330,2026-01-16 15:24:48,starter_pouch,1.99,120,0
TX000013737,134425,2026-01-16 16:10:26,small_pouch,4.99,350,0
TX000011389,148653,2026-01-16 16:15:44,small_pouch,4.99,350,0
TX000001902,135640,2026-01-16 16:44:08,medium_chest,9.99,800,0
TX000009181,132991,2026-01-16 16:46:39,small_pouch,4.99,350,0
TX000013681,131132,2026-01-16 16:55:03,small_pouch,4.99,350,0
TX000003462,122462,2026-01-16 16:57:58,small_pouch,4.99,350,0
TX000007661,140539,2026-01-16 17:23:30,small_pouch,4.99,350,0
TX000000550,161032,2026-01-16 17:54:49,medium_chest,9.99,800,0
TX000010575,135407,2026-01-16 18:07:31,starter_pouch,1.99,120,0
TX000010022,123870,2026-01-16 18:09:34,medium_chest,9.99,800,0
TX000009133,108639,2026-01-16 18:36:58,large_chest,19.99,1800,0
TX000000474,132322,2026-01-16 19:12:19,vault,49.99,5000,0
TX000003604,130406,2026-01-16 19:28:13,small_pouch,4.99,350,0
TX000002952,106129,2026-01-16 19:29:57,small_pouch,4.99,350,0
TX000012253,132652,2026-01-16 19:35:10,starter_pouch,1.99,120,0
TX000005951,124781,2026-01-16 19:36:53,large_chest,19.99,1800,0
TX000014512,125692,2026-01-16 20:09:53,starter_pouch,1.99,120,0
TX000013606,137355,2026-01-16 20:10:31,starter_pouch,1.99,120,0
TX000005151,122989,2026-01-16 20:23:01,starter_pouch,1.99,120,0
TX000008619,153067,2026-01-16 20:32:54,medium_chest,9.99,800,0
TX000010929,113345,2026-01-16 20:39:04,large_chest,19.99,1800,0
TX000011042,117441,2026-01-16 20:39:31,small_pouch,4.99,350,0
TX000001209,138530,2026-01-16 20:40:53,large_chest,19.99,1800,0
TX000012085,117888,2026-01-16 20:43:21,large_chest,19.99,1800,0
TX000014885,138773,2026-01-16 20:51:23,starter_pouch,1.99,120,0
TX000011714,103549,2026-01-16 21:00:55,small_pouch,4.99,350,0
TX000005047,115677,2026-01-16 21:10:21,small_pouch,4.99,350,0
TX000014407,166349,2026-01-16 21:22:07,medium_chest,-9.99,-800,0
TX000015186,175027,2026-01-16 21:52:40,starter_pouch,1.99,120,0
TX000010020,144440,2026-01-16 22:14:16,starter_pouch,1.99,120,0
TX000015009,107917,2026-01-16 22:24:51,starter_pouch,1.99,120,0
TX000008392,134775,2026-01-16 22:53:27,mega_vault,-99.99,-11000,0
TX000013175,111332,2026-01-16 23:05:48,large_chest,-19.99,-1800,0
TX000001977,126117,2026-01-16 23:47:57,starter_pouch,1.99,120,0
TX000002008,113126,2026-01-17 06:14:08,small_pouch,4.99,350,0
TX000011270,166218,2026-01-17 06:20:55,small_pouch,4.99,350,0
TX000000249,102326,2026-01-17 06:34:52,small_pouch,4.99,350,0
TX000010355,172683,2026-01-17 06:46:07,small_pouch,4.99,350,0
TX000011758,143663,2026-01-17 06:53:17,starter_pouch,1.99,120,0
TX000013184,174157,2026-01-17 07:31:04,small_pouch,4.99,350,0
TX000007955,104311,2026-01-17 08:19:51,small_pouch,4.99,350,0
TX000014507,136462,2026-01-17 08:46:33,small_pouch,4.99,350,0
TX000006647,114424,2026-01-17 09:12:30,starter_pouch,1.99,120,0
TX000002271,101687,2026-01-17 09:13:52,starter_pouch,1.99,120,0
TX000000135,156092,2026-01-17 09:29:38,medium_chest,9.99,800,0
TX000008385,163375,2026-01-17 09:45:15,small_pouch,4.99,350,0
TX000001926,177332,2026-01-17 11:29:13,medium_chest,9.99,800,0
TX000007463,168626,2026-01-17 11:47:35,small_pouch,4.99,350,0
TX000008032,140604,2026-01-17 12:23:57,small_pouch,4.99,350,0
TX000009329,157958,2026-01-17 12:38:04,medium_chest,9.99,800,0
TX000006379,112611,2026-01-17 12:55:09,large_chest,19.99,1800,0
TX000000531,131890,2026-01-17 13:14:35,small_pouch,4.99,350,0
TX000006972,131211,2026-01-17 13:16:35,large_chest,19.99,1800,0
TX000000249,102326,2026-01-17 13:34:19,small_pouch,4.99,350,0
TX000012292,119310,2026-01-17 13:56:25,small_pouch,4.99,350,0
TX000004402,103187,2026-01-17 14:40:45,large_chest,19.99,1800,0
TX000004646,175891,2026-01-17 15:13:43,large_chest,19.99,1800,0
TX000005466,112098,2026-01-17 15:45:53,starter_pouch,1.99,120,0
TX000008360,128140,2026-01-17 15:58:45,small_pouch,4.99,350,0
TX000013464,118258,2026-01-17 16:28:51,starter_pouch,1.99,120,0
TX000010355,172683,2026-01-17 16:37:50,small_pouch,4.99,350,0
TX000009079,133625,2026-01-17 16:37:58,starter_pouch,1.99,120,0
TX000001617,124780,2026-01-17 16:40:46,medium_chest,9.99,800,0
TX000010032,107680,2026-01-17 16:50:00,small_pouch,4.99,350,0
TX000004960,113526,2026-01-17 16:57:33,starter_pouch,1.99,120,0
TX000014534,130457,2026-01-17 17:04:39,small_pouch,4.99,350,0
TX000008433,152427,2026-01-17 17:09:25,medium_chest,9.99,800,0
TX000002906,146714,2026-01-17 17:10:53,medium_chest,9.99,800,0
TX000006297,127510,2026-01-17 17:14:45,medium_chest,9.99,800,0
TX000007809,160118,2026-01-17 17:18:14,small_pouch,4.99,350,0
TX000012657,112664,2026-01-17 17:26:33,starter_pouch,1.99,120,0
TX000011194,104627,2026-01-17 17:28:57,medium_chest,9.99,800,0
TX000006623,100999,2026-01-17 17:30:14,large_chest,19.99,1800,0
TX000009992,124988,2026-01-17 17:36:12,mega_vault,99.99,11000,0
TX000009747,120667,2026-01-17 17:38:11,vault,49.99,5000,0
TX000003070,170610,2026-01-17 18:21:04,medium_chest,9.99,800,0
TX000004172,177441,2026-01-17 19:11:46,medium_chest,9.99,800,0
TX000011509,161289,2026-01-17 19:17:56,medium_chest,9.99,800,0
TX000006572,116744,2026-01-17 19:27:18,medium_chest,9.99,800,0
TX000014101,130758,2026-01-17 19:30:11,vault,49.99,5000,0
TX000010213,162602,2026-01-17 19:42:59,starter_pouch,1.99,120,0
TX000015091,120495,2026-01-17 19:49:17,vault,49.99,5000,0
TX000002643,141801,2026-01-17 19:50:30,starter_pouch,1.99,120,0
TX000003411,155618,2026-01-17 19:50:47,starter_pouch,1.99,120,0
TX000001663,169580,2026-01-17 19:53:14,starter_pouch,1.99,120,0
TX000000752,128882,2026-01-17 19:53:20,medium_chest,9.99,800,0
TX000013612,155519,2026-01-17 20:16:21,medium_chest,9.99,800,0
TX000008683,107015,2026-01-17 20:16:33,small_pouch,4.99,350,0
TX000009753,123661,2026-01-17 20:33:30,medium_chest,9.99,800,0
TX000003706,164100,2026-01-17 20:36:30,vault,49.99,5000,0
TX000004279,174019,2026-01-17 20:54:00,small_pouch,4.99,350,0
TX000004455,142209,2026-01-17 20:58:09,medium_chest,9.99,800,0
TX000005605,140082,2026-01-17 21:04:57,small_pouch,4.99,350,0
TX000000893,105790,2026-01-17 21:08:09,small_pouch,4.99,350,0
TX000005915,143204,2026-01-17 21:18:11,starter_pouch,1.99,120,0
TX000007487,128329,2026-01-17 22:03:09,small_pouch,4.99,350,0
TX000014459,132995,2026-01-17 22:18:59,large_chest,19.99,1800,0
TX000004068,143175,2026-01-17 22:19:35,small_pouch,4.99,350,0
TX000006777,136861,2026-01-17 22:48:46,starter_pouch,1.99,120,0
TX000008817,158061,2026-01-17 23:04:34,vault,49.99,5000,0
TX000012594,161008,2026-01-17 23:48:42,large_chest,19.99,1800,0
TX000001210,156361,2026-01-17 23:59:56,medium_chest,9.99,800,0
TX000002968,143730,2026-01-17 23:59:56,small_pouch,4.99,350,0
TX000011658,161273,2026-01-17 23:59:56,medium_chest,9.99,800,0
TX000001401,175334,2026-01-18 06:30:36,small_pouch,4.99,350,0
TX000002885,113256,2026-01-18 06:44:56,small_pouch,4.99,350,0
TX000009497,179690,2026-01-18 06:51:40,starter_pouch,1.99,120,0
TX000001551,148337,2026-01-18 07:03:34,large_chest,19.99,1800,0
TX000014471,126941,2026-01-18 08:00:07,medium_chest,9.99,800,0
TX000006870,171997,2026-01-18 08:29:55,small_pouch,4.99,350,0
TX000006587,162602,2026-01-18 08:42:52,starter_pouch,1.99,120,0
TX000003218,126697,2026-01-18 09:27:05,small_pouch,4.99,350,0
TX000003161,127280,2026-01-18 09:29:19,large_chest,19.99,1800,0
TX000009519,131171,2026-01-18 09:34:45,vault,49.99,5000,0
TX000001261,170038,2026-01-18 09:52:40,starter_pouch,1.99,120,0
TX000005754,159084,2026-01-18 10:04:13,medium_chest,9.99,800,0
TX000009111,156304,2026-01-18 10:10:41,vault,49.99,5000,0
TX000013743,166206,2026-01-18 10:23:03,small_pouch,4.99,350,0
TX000012062,166218,2026-01-18 10:30:57,vault,49.99,5000,0
TX000001769,123075,2026-01-18 10:38:58,small_pouch,4.99,350,0
TX000015126,175387,2026-01-18 10:59:08,large_chest,19.99,1800,0
TX000002667,102711,2026-01-18 11:16:31,starter_pouch,1.99,120,0
TX000010562,107292,2026-01-18 11:19:34,medium_chest,9.99,800,0
TX000002733,150511,2026-01-18 11:55:15,mega_vault,99.99,11000,0
TX000013227,168283,2026-01-18 12:29:29,small_pouch,4.99,350,0
TX000013677,155068,2026-01-18 13:07:09,small_pouch,4.99,350,0
TX000013354,166855,2026-01-18 13:39:41,small_pouch,4.99,350,0
TX000006101,150083,2026-01-18 14:13:02,starter_pouch,1.99,120,0
TX000007181,169813,2026-01-18 14:17:15,small_pouch,4.99,350,0
TX000015088,137462,2026-01-18 14:54:56,large_chest,19.99,1800,0
TX000000125,145063,2026-01-18 15:01:53,starter_pouch,1.99,120,0
TX000006964,172830,2026-01-18 15:03:38,small_pouch,4.99,350,0
TX000009858,105720,2026-01-18 15:06:54,vault,49.99,5000,0
TX000005900,141514,2026-01-18 15:11:51,vault,49.99,5000,0
TX000014514,104022,2026-01-18 15:14:08,vault,49.99,5000,0
TX000003952,102639,2026-01-18 15:56:14,vault,49.99,5000,0
TX000005214,173485,2026-01-18 16:07:12,starter_pouch,1.99,120,0
TX000005301,124841,2026-01-18 16:13:48,small_pouch,4.99,350,0
TX000014654,156361,2026-01-18 16:35:57,vault,49.99,5000,0
TX000004822,111210,2026-01-18 16:50:14,starter_pouch,1.99,120,0
TX000003777,147177,2026-01-18 16:50:33,large_chest,19.99,1800,0
TX000008712,109547,2026-01-18 17:01:55,medium_chest,9.99,800,0
TX000010707,117199,2026-01-18 17:17:59,large_chest,19.99,1800,0
TX000005180,120307,2026-01-18 17:53:47,small_pouch,4.99,350,0
TX000014056,133047,2026-01-18 18:23:15,starter_pouch,1.99,120,0
TX000003746,121663,2026-01-18 18:25:58,mega_vault,99.99,11000,0
TX000005081,140966,2026-01-18 18:29:56,vault,49.99,5000,0
TX000000556,141974,2026-01-18 18:33:29,starter_pouch,1.99,120,0
TX000007751,110663,2026-01-18 18:49:16,medium_chest,9.99,800,0
TX000005638,173022,2026-01-18 19:02:36,small_pouch,4.99,350,0
TX000006981,157705,2026-01-18 19:19:40,medium_chest,9.99,800,0
TX000009233,127159,2026-01-18 19:26:58,small_pouch,4.99,350,0
TX000011665,130713,2026-01-18 19:32:53,medium_chest,9.99,800,0
TX000008020,147434,2026-01-18 19:38:59,starter_pouch,1.99,120,0
TX000008542,146823,2026-01-18 20:02:28,small_pouch,4.99,350,0
TX000008986,150845,2026-01-18 20:05:23,large_chest,19.99,1800,0
TX000012159,153745,2026-01-18 20:10:37,starter_pouch,1.99,120,0
TX000004383,130285,2026-01-18 20:18:58,medium_chest,9.99,800,0
TX000006108,124824,2026-01-18 20:25:10,starter_pouch,1.99,120,0
TX000004799,167149,2026-01-18 20:32:33,starter_pouch,1.99,120,0
TX000008639,110888,2026-01-18 20:44:11,small_pouch,4.99,350,0
TX000015257,132008,2026-01-18 21:08:28,small_pouch,4.99,350,0
TX000013419,148653,2026-01-18 21:17:43,starter_pouch,1.99,120,0
TX000005591,151210,2026-01-18 21:18:25,small_pouch,4.99,350,0
TX000009704,166099,2026-01-18 21:25:58,medium_chest,9.99,800,0
TX000007353,116219,2026-01-18 21:29:57,large_chest,19.99,1800,0
TX000009159,137765,2026-01-18 21:31:35,medium_chest,9.99,800,0
TX000002866,114606,2026-01-18 22:07:13,medium_chest,9.99,800,0
TX000002863,124780,2026-01-18 22:39:46,vault,49.99,5000,0
TX000010183,151202,2026-01-18 23:02:14,medium_chest,9.99,800,0
TX000007476,175124,2026-01-18 23:59:56,starter_pouch,1.99,120,0
TX000012276,162174,2026-01-18 23:59:56,vault,49.99,5000,0
TX000003813,143989,2026-01-18 23:59:56,small_pouch,4.99,350,0
TX000002159,163667,2026-01-19 06:02:34,large_chest,19.99,1800,0
TX000006518,139569,2026-01-19 08:32:43,large_chest,19.99,1800,0
TX000008441,135407,2026-01-19 09:45:45,vault,49.99,5000,0
TX000009122,101358,2026-01-19 10:55:59,small_pouch,4.99,350,0
TX000014415,109288,2026-01-19 12:23:07,starter_pouch,1.99,120,0
TX000000284,171174,2026-01-19 12:34:23,medium_chest,9.99,800,0
TX000002547,128968,2026-01-19 13:32:12,small_pouch,4.99,350,0
TX000002969,153130,2026-01-19 16:33:37,small_pouch,4.99,350,0
TX000006146,180187,2026-01-19 16:44:00,small_pouch,4.99,350,0
TX000005430,143926,2026-01-19 17:01:33,medium_chest,9.99,800,0
TX000010797,148130,2026-01-19 17:17:00,starter_pouch,1.99,120,0
TX000002536,163052,2026-01-19 18:26:48,medium_chest,-9.99,-800,0
TX000002021,116129,2026-01-19 19:16:50,medium_chest,9.99,800,0
TX000002495,134812,2026-01-19 19:18:32,small_pouch,4.99,350,0
TX000002069,141797,2026-01-19 19:37:33,starter_pouch,1.99,120,0
TX000003667,140557,2026-01-19 19:39:01,vault,-49.99,-5000,0
TX000000652,179895,2026-01-19 20:16:10,medium_chest,9.99,800,0
TX000003328,112874,2026-01-19 20:26:05,starter_pouch,1.99,120,0
TX000010544,129324,2026-01-19 20:55:51,large_chest,19.99,1800,0
TX000005968,140910,2026-01-19 21:00:06,large_chest,19.99,1800,0
TX000000722,123995,2026-01-19 21:35:38,small_pouch,4.99,350,0
TX000008023,116820,2026-01-19 21:48:51,vault,49.99,5000,0
TX000010000,111211,2026-01-19 22:10:31,starter_pouch,-1.99,-120,0
TX000000080,101040,2026-01-19 22:20:11,starter_pouch,1.99,120,0
TX000011222,178301,2026-01-19 22:25:14,small_pouch,4.99,350,0
TX000000605,132689,2026-01-19 22:37:29,small_pouch,4.99,350,0
TX000011830,140527,2026-01-20 06:19:03,small_pouch,4.99,350,0
TX000011406,154823,2026-01-20 06:33:49,starter_pouch,1.99,120,0
TX000008585,176660,2026-01-20 08:24:44,small_pouch,4.99,350,0
TX000009459,117779,2026-01-20 12:50:54,large_chest,19.99,1800,0
TX000009959,163151,2026-01-20 13:02:37,vault,49.99,5000,0
TX000011415,127128,2026-01-20 13:46:18,vault,49.99,5000,0
TX000007281,134567,2026-01-20 14:32:13,small_pouch,4.99,350,0
TX000007281,134567,2026-01-20 15:18:41,small_pouch,4.99,350,0
TX000012613,125316,2026-01-20 16:13:29,starter_pouch,1.99,120,0
TX000008302,166349,2026-01-20 16:23:35,large_chest,19.99,1800,0
TX000005633,104022,2026-01-20 17:03:56,starter_pouch,1.99,120,0
TX000001358,126682,2026-01-20 17:18:31,large_chest,19.99,1800,0
TX000000012,119029,2026-01-20 17:25:00,medium_chest,9.99,800,0
TX000001557,150845,2026-01-20 17:47:11,medium_chest,9.99,800,0
TX000014937,109017,2026-01-20 17:48:29,small_pouch,4.99,350,0
TX000010963,163613,2026-01-20 18:26:25,starter_pouch,1.99,120,0
TX000000293,128238,2026-01-20 18:55:57,small_pouch,4.99,350,0
TX000009391,126090,2026-01-20 19:08:12,starter_pouch,1.99,120,0
TX000014011,165878,2026-01-20 19:26:19,large_chest,19.99,1800,0
TX000008493,128824,2026-01-20 19:31:41,starter_pouch,1.99,120,0
TX000004597,112841,2026-01-20 19:36:04,small_pouch,4.99,350,0
TX000013363,137499,2026-01-20 19:49:32,starter_pouch,1.99,120,0
TX000014917,117157,2026-01-20 19:53:35,small_pouch,4.99,350,0
TX000008154,149639,2026-01-20 20:10:24,small_pouch,4.99,350,0
TX000013489,163958,2026-01-20 20:19:55,vault,49.99,5000,0
TX000005098,172683,2026-01-20 21:09:13,large_chest,19.99,1800,0
TX000000732,125069,2026-01-20 21:34:53,vault,49.99,5000,0
TX000005405,119868,2026-01-20 21:41:07,vault,49.99,5000,0
TX000013363,137499,2026-01-20 22:23:28,starter_pouch,1.99,120,0
TX000008301,128519,2026-01-20 22:54:11,mega_vault,99.99,11000,0
TX000003923,156006,2026-01-20 23:59:56,large_chest,19.99,1800,0
TX000000428,159106,2026-01-21 06:08:28,starter_pouch,1.99,120,0
TX000003910,141072,2026-01-21 07:43:59,vault,49.99,5000,0
TX000009330,169595,2026-01-21 07:54:28,vault,49.99,5000,0
TX000007623,177040,2026-01-21 08:06:15,small_pouch,4.99,350,0
TX000002879,135050,2026-01-21 08:17:19,small_pouch,4.99,350,0
TX000013560,117816,2026-01-21 08:37:42,starter_pouch,1.99,120,0
TX000006460,160110,2026-01-21 09:35:37,small_pouch,4.99,350,0
TX000005656,159906,2026-01-21 14:27:50,medium_chest,9.99,800,0
TX000012109,162728,2026-01-21 14:55:34,starter_pouch,1.99,120,0
TX000006228,100211,2026-01-21 15:11:53,large_chest,19.99,1800,0
TX000013921,166502,2026-01-21 16:11:58,starter_pouch,1.99,120,0
TX000009202,125234,2026-01-21 16:35:32,medium_chest,9.99,800,0
TX000001344,103973,2026-01-21 16:46:30,medium_chest,9.99,800,0
TX000009968,102986,2026-01-21 17:25:25,small_pouch,4.99,350,0
TX000010700,153791,2026-01-21 17:34:09,large_chest,19.99,1800,0
TX000007572,134832,2026-01-21 17:51:56,small_pouch,4.99,350,0
TX000012809,155306,2026-01-21 18:02:03,medium_chest,9.99,800,0
TX000004981,131738,2026-01-21 18:02:51,large_chest,19.99,1800,0
TX000002266,150966,2026-01-21 18:06:15,small_pouch,4.99,350,0
TX000008439,147342,2026-01-21 18:25:23,medium_chest,9.99,800,0
TX000003820,164202,2026-01-21 18:28:12,starter_pouch,1.99,120,0
TX000012860,118081,2026-01-21 19:01:50,starter_pouch,1.99,120,0
TX000009891,145821,2026-01-21 19:07:53,starter_pouch,1.99,120,0
TX000007692,114522,2026-01-21 19:16:11,starter_pouch,1.99,120,0
TX000014674,105220,2026-01-21 19:37:05,large_chest,19.99,1800,0
TX000014298,141874,2026-01-21 20:06:13,small_pouch,4.99,350,0
TX000011174,102141,2026-01-21 20:09:49,medium_chest,9.99,800,0
TX000001561,170036,2026-01-21 20:12:48,vault,49.99,5000,0
TX000002484,127071,2026-01-21 20:24:14,medium_chest,9.99,800,0
TX000009905,173331,2026-01-21 20:28:54,starter_pouch,1.99,120,0
TX000009043,150653,2026-01-21 20:33:36,small_pouch,4.99,350,0
TX000005581,128519,2026-01-21 21:00:54,small_pouch,4.99,350,0
TX000006404,166173,2026-01-21 21:08:15,starter_pouch,1.99,120,0
TX000006717,106978,2026-01-21 21:36:10,small_pouch,4.99,350,0
TX000010909,108961,2026-01-21 21:46:29,small_pouch,4.99,350,0
TX000012564,100792,2026-01-21 21:53:29,starter_pouch,1.99,120,0
TX000007124,154660,2026-01-21 22:30:40,starter_pouch,1.99,120,0
TX000002592,164768,2026-01-21 22:37:08,starter_pouch,1.99,120,0
TX000007933,173714,2026-01-21 22:52:22,medium_chest,9.99,800,0
TX000006510,128950,2026-01-21 23:01:02,starter_pouch,1.99,120,0
TX000014150,174389,2026-01-21 23:34:20,starter_pouch,1.99,120,0
TX000009446,111901,2026-01-22 06:53:49,medium_chest,9.99,800,0
TX000011505,169560,2026-01-22 07:26:02,medium_chest,9.99,800,0
TX000011121,179977,2026-01-22 07:50:41,small_pouch,4.99,350,0
TX000012420,144728,2026-01-22 08:15:51,starter_pouch,1.99,120,0
TX000012339,149456,2026-01-22 08:55:04,large_chest,19.99,1800,0
TX000014301,120868,2026-01-22 09:29:12,small_pouch,4.99,350,0
TX000007059,122584,2026-01-22 10:18:51,vault,-49.99,-5000,0
TX000004526,145087,2026-01-22 10:34:28,small_pouch,4.99,350,0
TX000014781,108855,2026-01-22 10:59:06,medium_chest,9.99,800,0
TX000015239,104311,2026-01-22 11:14:39,medium_chest,9.99,800,0
TX000011121,179977,2026-01-22 13:12:04,small_pouch,4.99,350,0
TX000011396,111612,2026-01-22 15:19:22,large_chest,19.99,1800,0
TX000007223,165856,2026-01-22 15:21:57,small_pouch,4.99,350,0
TX000001772,123090,2026-01-22 16:00:43,starter_pouch,1.99,120,0
TX000004544,156330,2026-01-22 16:17:16,medium_chest,9.99,800,0
TX000014659,111071,2026-01-22 16:39:00,large_chest,19.99,1800,0
TX000003745,138117,2026-01-22 16:42:19,starter_pouch,1.99,120,0
TX000013326,116632,2026-01-22 16:46:18,small_pouch,4.99,350,0
TX000012426,148402,2026-01-22 16:54:37,vault,49.99,5000,0
TX000004833,163099,2026-01-22 17:07:42,starter_pouch,1.99,120,0
TX000014283,163888,2026-01-22 17:08:08,starter_pouch,1.99,120,0
TX000012949,160928,2026-01-22 17:12:50,medium_chest,9.99,800,0
TX000011786,116947,2026-01-22 17:24:53,small_pouch,4.99,350,0
TX000006326,170594,2026-01-22 17:26:36,medium_chest,9.99,800,0
TX000011921,166191,2026-01-22 17:51:10,small_pouch,4.99,350,0
TX000009828,150621,2026-01-22 17:56:35,starter_pouch,1.99,120,0
TX000012599,133115,2026-01-22 17:59:08,large_chest,19.99,1800,0
TX000001089,154150,2026-01-22 18:02:25,starter_pouch,1.99,120,0
TX000013908,166060,2026-01-22 18:30:18,starter_pouch,1.99,120,0
TX000002111,180217,2026-01-22 18:31:49,starter_pouch,1.99,120,0
TX000001199,109529,2026-01-22 18:39:02,mega_vault,99.99,11000,0
TX000008621,127951,2026-01-22 18:54:39,small_pouch,4.99,350,0
TX000009360,103404,2026-01-22 18:59:14,small_pouch,4.99,350,0
TX000009009,169576,2026-01-22 19:00:21,medium_chest,9.99,800,0
TX000005998,165512,2026-01-22 19:08:43,small_pouch,4.99,350,0
TX000001609,142931,2026-01-22 19:10:16,large_chest,19.99,1800,0
TX000013720,164348,2026-01-22 19:40:25,medium_chest,9.99,800,0
TX000000338,118163,2026-01-22 19:46:58,large_chest,19.99,1800,0
TX000012074,107281,2026-01-22 20:00:34,mega_vault,99.99,11000,0
TX000008876,178881,2026-01-22 20:19:37,large_chest,19.99,1800,0
TX000006170,109341,2026-01-22 20:24:57,medium_chest,9.99,800,0
TX000007057,149934,2026-01-22 20:38:55,starter_pouch,1.99,120,0
TX000012163,133292,2026-01-22 20:56:49,large_chest,19.99,1800,0
TX000012758,149852,2026-01-22 21:12:10,medium_chest,9.99,800,0
TX000002846,165842,2026-01-22 21:20:01,vault,49.99,5000,0
TX000002496,123376,2026-01-22 21:46:15,small_pouch,4.99,350,0
TX000006514,118961,2026-01-22 22:22:05,medium_chest,9.99,800,0
TX000010298,169831,2026-01-22 22:34:26,vault,49.99,5000,0
TX000001076,143536,2026-01-22 22:52:33,starter_pouch,1.99,120,0
TX000001997,131132,2026-01-22 23:00:35,large_chest,19.99,1800,0
TX000006261,103591,2026-01-22 23:12:29,starter_pouch,1.99,120,0
TX000006084,140559,2026-01-22 23:45:13,small_pouch,4.99,350,0
TX000009278,179661,2026-01-22 23:59:56,small_pouch,4.99,350,0
TX000013113,110140,2026-01-23 06:29:46,small_pouch,4.99,350,1
TX000008652,173603,2026-01-23 06:54:26,small_pouch,4.99,350,1
TX000013213,161741,2026-01-23 06:59:55,vault,49.99,5000,1
TX000003244,128610,2026-01-23 07:08:15,large_chest,19.99,1800,1
TX000000673,104728,2026-01-23 07:12:48,medium_chest,9.99,800,1
TX000005571,119017,2026-01-23 07:12:49,medium_chest,9.99,800,1
TX000011577,121129,2026-01-23 07:18:58,starter_pouch,1.99,120,1
TX000012934,125062,2026-01-23 07:25:53,starter_pouch,1.99,120,1
TX000009369,137951,2026-01-23 07:38:23,starter_pouch,1.99,120,1
TX000003308,164256,2026-01-23 07:41:07,small_pouch,4.99,350,1
TX000006545,174267,2026-01-23 07:45:54,small_pouch,4.99,350,1
TX000000133,119964,2026-01-23 07:50:38,small_pouch,4.99,350,1
TX000005004,134118,2026-01-23 07:52:29,starter_pouch,1.99,120,1
TX000014289,126246,2026-01-23 07:54:41,vault,49.99,5000,1
TX000000375,117930,2026-01-23 07:56:48,mega_vault,99.99,11000,1
TX000013484,114543,2026-01-23 08:10:36,large_chest,19.99,1800,1
TX000007998,177696,2026-01-23 08:27:37,medium_chest,9.99,800,1
TX000007026,178800,2026-01-23 08:29:28,starter_pouch,1.99,120,1
TX000003740,113886,2026-01-23 08:50:37,small_pouch,4.99,350,1
TX000000409,149745,2026-01-23 08:51:31,starter_pouch,1.99,120,1
TX000004975,169272,2026-01-23 08:52:19,starter_pouch,1.99,120,1
TX000012110,179850,2026-01-23 08:53:55,starter_pouch,1.99,120,1
TX000003939,108420,2026-01-23 09:00:22,large_chest,19.99,1800,1
TX000005731,116641,2026-01-23 09:04:05,starter_pouch,1.99,120,1
TX000011525,156777,2026-01-23 09:11:09,vault,49.99,5000,1
TX000001176,147255,2026-01-23 09:28:47,starter_pouch,1.99,120,1
TX000008841,115274,2026-01-23 09:29:13,large_chest,19.99,1800,1
TX000006008,151550,2026-01-23 09:30:31,small_pouch,4.99,350,1
TX000007608,179201,2026-01-23 09:34:20,medium_chest,9.99,800,1
TX000013873,110250,2026-01-23 09:38:46,starter_pouch,1.99,120,1
TX000000741,138842,2026-01-23 10:04:29,starter_pouch,1.99,120,1
TX000008335,104665,2026-01-23 10:04:30,starter_pouch,1.99,120,1
TX000005422,112625,2026-01-23 10:18:37,medium_chest,9.99,800,1
TX000012728,168484,2026-01-23 10:20:53,starter_pouch,1.99,120,1
TX000000141,134508,2026-01-23 10:28:18,starter_pouch,1.99,120,1
TX000013305,113392,2026-01-23 10:57:38,starter_pouch,1.99,120,1
TX000007022,107335,2026-01-23 11:06:51,medium_chest,9.99,800,1
TX000008984,162504,2026-01-23 11:13:45,large_chest,19.99,1800,1
TX000001540,165210,2026-01-23 11:20:11,starter_pouch,1.99,120,1
TX000011546,163748,2026-01-23 11:24:35,medium_chest,9.99,800,1
TX000014294,123721,2026-01-23 11:46:53,small_pouch,4.99,350,1
TX000006609,102986,2026-01-23 11:48:06,starter_pouch,1.99,120,1
TX000013051,124035,2026-01-23 11:53:29,small_pouch,4.99,350,1
TX000006120,143786,2026-01-23 12:09:57,small_pouch,4.99,350,1
TX000008966,144904,2026-01-23 12:25:10,medium_chest,9.99,800,1
TX000007995,177696,2026-01-23 12:30:13,starter_pouch,1.99,120,1
TX000010466,103763,2026-01-23 12:44:21,small_pouch,4.99,350,1
TX000012287,138973,2026-01-23 12:57:23,starter_pouch,1.99,120,1
TX000010517,119286,2026-01-23 12:59:58,starter_pouch,1.99,120,1
TX000013205,103086,2026-01-23 13:15:11,vault,49.99,5000,1
TX000014300,121792,2026-01-23 13:20:31,small_pouch,4.99,350,1
TX000002762,153044,2026-01-23 13:27:15,small_pouch,4.99,350,1
TX000003729,165529,2026-01-23 13:33:00,starter_pouch,1.99,120,1
TX000007606,101914,2026-01-23 13:34:06,medium_chest,9.99,800,1
TX000007998,177696,2026-01-23 14:20:48,medium_chest,9.99,800,1
TX000015209,133971,2026-01-23 14:24:17,starter_pouch,1.99,120,1
TX000000281,170505,2026-01-23 14:32:44,small_pouch,4.99,350,1
TX000000258,162173,2026-01-23 14:36:18,starter_pouch,1.99,120,1
TX000004080,134087,2026-01-23 14:37:49,medium_chest,9.99,800,1
TX000014085,144334,2026-01-23 14:48:44,medium_chest,9.99,800,1
TX000008591,158843,2026-01-23 14:51:34,large_chest,19.99,1800,1
TX000013384,130833,2026-01-23 14:55:59,large_chest,19.99,1800,1
TX000002576,137742,2026-01-23 14:58:52,small_pouch,4.99,350,1
TX000008753,102932,2026-01-23 15:00:36,large_chest,19.99,1800,1
TX000012903,137584,2026-01-23 15:06:30,medium_chest,9.99,800,1
TX000009296,147998,2026-01-23 15:13:09,vault,49.99,5000,1
TX000008616,128787,2026-01-23 15:31:35,large_chest,19.99,1800,1
TX000000054,129418,2026-01-23 15:35:08,large_chest,19.99,1800,1
TX000005373,143332,2026-01-23 15:46:29,large_chest,19.99,1800,1
TX000003937,123760,2026-01-23 15:55:29,medium_chest,9.99,800,1
TX000009923,160119,2026-01-23 16:00:29,small_pouch,4.99,350,1
TX000012703,173670,2026-01-23 16:04:56,medium_chest,9.99,800,1
TX000001648,126246,2026-01-23 16:10:08,large_chest,19.99,1800,1
TX000004350,105746,2026-01-23 16:10:40,small_pouch,4.99,350,1
TX000007845,166265,2026-01-23 16:13:26,small_pouch,4.99,350,1
TX000000180,177441,2026-01-23 16:14:23,starter_pouch,1.99,120,1
TX000008688,102289,2026-01-23 16:19:21,medium_chest,9.99,800,1
TX000002714,112417,2026-01-23 16:20:13,small_pouch,4.99,350,1
TX000013622,119964,2026-01-23 16:40:37,medium_chest,9.99,800,1
TX000002706,115930,2026-01-23 16:43:15,vault,49.99,5000,1
TX000010969,172547,2026-01-23 16:44:43,small_pouch,4.99,350,1
TX000013139,156004,2026-01-23 16:45:14,medium_chest,9.99,800,1
TX000009016,147744,2026-01-23 16:47:12,medium_chest,9.99,800,1
TX000000453,132723,2026-01-23 16:50:25,starter_pouch,1.99,120,1
TX000002388,171090,2026-01-23 16:53:57,starter_pouch,1.99,120,1
TX000008391,130879,2026-01-23 16:56:07,small_pouch,4.99,350,1
TX000011538,104864,2026-01-23 17:00:31,starter_pouch,1.99,120,1
TX000013026,115441,2026-01-23 17:01:52,large_chest,19.99,1800,1
TX000011372,113418,2026-01-23 17:05:52,small_pouch,4.99,350,1
TX000012554,155614,2026-01-23 17:07:29,medium_chest,9.99,800,1
TX000009423,108542,2026-01-23 17:17:28,medium_chest,9.99,800,1
TX000008702,176966,2026-01-23 17:18:59,large_chest,19.99,1800,1
TX000010719,156246,2026-01-23 17:31:01,large_chest,19.99,1800,1
TX000003945,118597,2026-01-23 17:31:28,medium_chest,9.99,800,1
TX000007467,153306,2026-01-23 17:35:54,starter_pouch,1.99,120,1
TX000005731,116641,2026-01-23 17:37:26,starter_pouch,1.99,120,1
TX000013052,131738,2026-01-23 17:45:50,large_chest,19.99,1800,1
TX000011321,146453,2026-01-23 17:50:19,starter_pouch,1.99,120,1
TX000004128,141914,2026-01-23 17:54:41,large_chest,19.99,1800,1
TX000009374,122090,2026-01-23 17:58:34,medium_chest,9.99,800,1
TX000007486,118851,2026-01-23 17:59:35,vault,49.99,5000,1
TX000010212,170405,2026-01-23 18:08:20,small_pouch,4.99,350,1
TX000015167,178931,2026-01-23 18:16:03,starter_pouch,1.99,120,1
TX000012561,104508,2026-01-23 18:21:16,starter_pouch,1.99,120,1
TX000010991,124366,2026-01-23 18:23:58,small_pouch,4.99,350,1
TX000013826,102794,2026-01-23 18:27:34,large_chest,19.99,1800,1
TX000007552,146803,2026-01-23 18:33:13,starter_pouch,1.99,120,1
TX000006897,180012,2026-01-23 18:36:35,small_pouch,4.99,350,1
TX000004432,171938,2026-01-23 18:39:51,small_pouch,4.99,350,1
TX000004849,121368,2026-01-23 18:41:13,large_chest,19.99,1800,1
TX000009275,137669,2026-01-23 18:47:50,medium_chest,9.99,800,1
TX000005691,166627,2026-01-23 18:52:33,starter_pouch,1.99,120,1
TX000005088,116187,2026-01-23 18:52:56,medium_chest,9.99,800,1
TX000008659,133741,2026-01-23 18:56:08,starter_pouch,1.99,120,1
TX000000587,142832,2026-01-23 19:02:21,medium_chest,9.99,800,1
TX000012502,166305,2026-01-23 19:03:09,starter_pouch,1.99,120,1
TX000004014,117389,2026-01-23 19:06:47,medium_chest,9.99,800,1
TX000008753,102932,2026-01-23 19:07:37,large_chest,19.99,1800,1
TX000005409,104889,2026-01-23 19:07:58,vault,49.99,5000,1
TX000005560,139191,2026-01-23 19:08:13,large_chest,19.99,1800,1
TX000011773,159376,2026-01-23 19:08:28,medium_chest,9.99,800,1
TX000002407,169394,2026-01-23 19:10:00,small_pouch,4.99,350,1
TX000004051,138873,2026-01-23 19:10:23,small_pouch,4.99,350,1
TX000014324,108281,2026-01-23 19:11:52,small_pouch,4.99,350,1
TX000010579,116668,2026-01-23 19:13:23,small_pouch,4.99,350,1
TX000007982,131591,2026-01-23 19:18:41,vault,49.99,5000,1
TX000002910,161065,2026-01-23 19:21:10,vault,49.99,5000,1
TX000010421,107017,2026-01-23 19:23:18,mega_vault,99.99,11000,1
TX000007141,164778,2026-01-23 19:33:05,medium_chest,9.99,800,1
TX000013783,119669,2026-01-23 19:34:37,medium_chest,9.99,800,1
TX000012538,103754,2026-01-23 19:35:28,medium_chest,9.99,800,1
TX000010256,148364,2026-01-23 19:35:43,large_chest,19.99,1800,1
TX000014676,138482,2026-01-23 19:36:17,medium_chest,9.99,800,1
TX000011189,113450,2026-01-23 19:39:24,large_chest,19.99,1800,1
TX000005071,143735,2026-01-23 19:42:20,large_chest,19.99,1800,1
TX000013683,150992,2026-01-23 19:45:20,small_pouch,4.99,350,1
TX000002099,137724,2026-01-23 19:47:31,starter_pouch,1.99,120,1
TX000004306,150845,2026-01-23 19:48:31,medium_chest,9.99,800,1
TX000002743,109630,2026-01-23 19:56:29,large_chest,19.99,1800,1
TX000015073,136055,2026-01-23 19:58:39,large_chest,19.99,1800,1
TX000000306,100463,2026-01-23 19:59:39,medium_chest,9.99,800,1
TX000010200,146611,2026-01-23 20:00:07,medium_chest,9.99,800,1
TX000005534,115909,2026-01-23 20:01:26,medium_chest,9.99,800,1
TX000009394,116617,2026-01-23 20:02:08,starter_pouch,1.99,120,1
TX000003202,178352,2026-01-23 20:03:18,starter_pouch,1.99,120,1
TX000002117,102618,2026-01-23 20:04:13,starter_pouch,1.99,120,1
TX000014679,119816,2026-01-23 20:05:55,large_chest,19.99,1800,1
TX000014761,146710,2026-01-23 20:07:29,starter_pouch,1.99,120,1
TX000009802,130771,2026-01-23 20:09:24,starter_pouch,1.99,120,1
TX000004868,133936,2026-01-23 20:10:08,medium_chest,9.99,800,1
TX000008872,104018,2026-01-23 20:21:54,small_pouch,4.99,350,1
TX000007810,116369,2026-01-23 20:23:03,medium_chest,9.99,800,1
TX000013043,116977,2026-01-23 20:24:37,small_pouch,4.99,350,1
TX000007557,131738,2026-01-23 20:27:52,medium_chest,9.99,800,1
TX000004233,103451,2026-01-23 20:29:43,starter_pouch,1.99,120,1
TX000002671,134198,2026-01-23 20:33:51,large_chest,19.99,1800,1
TX000003695,116977,2026-01-23 20:35:19,large_chest,19.99,1800,1
TX000007145,178991,2026-01-23 20:35:28,vault,49.99,5000,1
TX000015263,165156,2026-01-23 20:40:55,starter_pouch,1.99,120,1
TX000014485,170415,2026-01-23 20:43:07,large_chest,19.99,1800,1
TX000008333,170392,2026-01-23 20:43:50,small_pouch,4.99,350,1
TX000014771,147417,2026-01-23 20:44:12,large_chest,19.99,1800,1
TX000010073,178234,2026-01-23 20:44:13,medium_chest,9.99,800,1
TX000009831,169387,2026-01-23 20:50:11,starter_pouch,1.99,120,1
TX000000569,123432,2026-01-23 20:51:45,medium_chest,9.99,800,1
TX000013739,101109,2026-01-23 20:53:38,small_pouch,4.99,350,1
TX000006069,162295,2026-01-23 20:57:46,small_pouch,4.99,350,1
TX000000832,161741,2026-01-23 21:01:59,medium_chest,9.99,800,1
TX000003300,169387,2026-01-23 21:03:05,medium_chest,9.99,800,1
TX000009377,173883,2026-01-23 21:03:32,small_pouch,4.99,350,1
TX000004174,153574,2026-01-23 21:05:20,small_pouch,4.99,350,1
TX000012112,156353,2026-01-23 21:08:10,starter_pouch,1.99,120,1
TX000008489,126044,2026-01-23 21:14:15,starter_pouch,1.99,120,1
TX000010135,137542,2026-01-23 21:14:17,large_chest,19.99,1800,1
TX000011983,170415,2026-01-23 21:20:00,small_pouch,4.99,350,1
TX000009494,173200,2026-01-23 21:20:04,medium_chest,9.99,800,1
TX000009847,135834,2026-01-23 21:23:25,starter_pouch,1.99,120,1
TX000006513,157268,2026-01-23 21:23:49,small_pouch,4.99,350,1
TX000003675,107290,2026-01-23 21:25:21,medium_chest,9.99,800,1
TX000014919,130275,2026-01-23 21:26:45,medium_chest,9.99,800,1
TX000011651,163179,2026-01-23 21:29:29,small_pouch,4.99,350,1
TX000006627,156212,2026-01-23 21:34:30,starter_pouch,1.99,120,1
TX000009054,114252,2026-01-23 21:41:56,medium_chest,9.99,800,1
TX000013923,132415,2026-01-23 21:43:29,large_chest,19.99,1800,1
TX000011502,152939,2026-01-23 21:44:49,small_pouch,4.99,350,1
TX000010465,169876,2026-01-23 21:51:37,starter_pouch,1.99,120,1
TX000013449,104351,2026-01-23 21:58:15,medium_chest,9.99,800,1
TX000014302,120043,2026-01-23 21:59:17,starter_pouch,1.99,120,1
TX000010464,135962,2026-01-23 22:01:19,small_pouch,4.99,350,1
TX000006323,100287,2026-01-23 22:10:36,small_pouch,4.99,350,1
TX000013622,119964,2026-01-23 22:14:27,medium_chest,9.99,800,1
TX000011872,152919,2026-01-23 22:15:18,small_pouch,4.99,350,1
TX000009474,116280,2026-01-23 22:18:10,medium_chest,9.99,800,1
TX000004792,149615,2026-01-23 22:20:02,large_chest,19.99,1800,1
TX000014620,144307,2026-01-23 22:20:19,starter_pouch,1.99,120,1
TX000005304,167173,2026-01-23 22:20:22,starter_pouch,1.99,120,1
TX000007699,107470,2026-01-23 22:21:21,starter_pouch,1.99,120,1
TX000006079,153870,2026-01-23 22:21:49,vault,49.99,5000,1
TX000012812,100212,2026-01-23 22:30:11,large_chest,19.99,1800,1
TX000015005,148525,2026-01-23 22:34:33,medium_chest,9.99,800,1
TX000003205,147428,2026-01-23 22:37:09,medium_chest,9.99,800,1
TX000007557,131738,2026-01-23 22:41:33,medium_chest,9.99,800,1
TX000012923,115129,2026-01-23 22:43:01,small_pouch,4.99,350,1
TX000015132,106662,2026-01-23 23:08:15,large_chest,19.99,1800,1
TX000001691,146611,2026-01-23 23:13:23,vault,49.99,5000,1
TX000015035,121418,2026-01-23 23:19:44,small_pouch,4.99,350,1
TX000005776,154981,2026-01-23 23:35:41,small_pouch,4.99,350,1
TX000009668,129128,2026-01-23 23:36:43,small_pouch,4.99,350,1
TX000014803,127242,2026-01-23 23:39:46,starter_pouch,1.99,120,1
TX000002702,124496,2026-01-23 23:46:16,small_pouch,4.99,350,1
TX000010410,118081,2026-01-23 23:56:25,starter_pouch,1.99,120,1
TX000012721,170415,2026-01-23 23:59:56,medium_chest,9.99,800,1
TX000010695,104249,2026-01-23 23:59:56,small_pouch,4.99,350,1
TX000007314,106562,2026-01-24 06:04:30,large_chest,19.99,1800,1
TX000007693,164389,2026-01-24 06:08:44,starter_pouch,1.99,120,1
TX000013534,127903,2026-01-24 06:14:01,medium_chest,9.99,800,1
TX000003112,155506,2026-01-24 06:14:10,medium_chest,9.99,800,1
TX000007947,166180,2026-01-24 06:15:39,starter_pouch,1.99,120,1
TX000006720,119816,2026-01-24 06:52:19,starter_pouch,1.99,120,1
TX000013760,146960,2026-01-24 06:54:07,starter_pouch,1.99,120,1
TX000003724,148704,2026-01-24 07:14:57,medium_chest,9.99,800,1
TX000010714,123622,2026-01-24 07:25:18,small_pouch,4.99,350,1
TX000010964,145308,2026-01-24 07:54:28,large_chest,19.99,1800,1
TX000012321,105736,2026-01-24 07:56:37,vault,49.99,5000,1
TX000012192,150989,2026-01-24 07:57:00,small_pouch,4.99,350,1
TX000012089,166349,2026-01-24 08:01:18,starter_pouch,1.99,120,1
TX000014886,140208,2026-01-24 08:10:27,small_pouch,4.99,350,1
TX000006414,125961,2026-01-24 08:19:35,medium_chest,9.99,800,1
TX000015187,129314,2026-01-24 08:23:50,large_chest,19.99,1800,1
TX000008835,120262,2026-01-24 08:42:28,mega_vault,99.99,11000,1
TX000012116,124665,2026-01-24 08:45:19,small_pouch,4.99,350,1
TX000009307,101498,2026-01-24 08:45:58,medium_chest,9.99,800,1
TX000014855,143402,2026-01-24 08:50:39,starter_pouch,1.99,120,1
TX000005624,168384,2026-01-24 08:53:26,small_pouch,4.99,350,1
TX000011439,146381,2026-01-24 09:12:42,small_pouch,4.99,350,1
TX000001499,130426,2026-01-24 09:14:45,medium_chest,9.99,800,1
TX000000471,157574,2026-01-24 09:28:41,vault,49.99,5000,1
TX000012983,161983,2026-01-24 09:31:50,starter_pouch,1.99,120,1
TX000007477,120319,2026-01-24 09:48:42,starter_pouch,1.99,120,1
TX000009692,146747,2026-01-24 09:51:06,medium_chest,9.99,800,1
TX000010098,146314,2026-01-24 10:00:34,starter_pouch,1.99,120,1
TX000003257,130807,2026-01-24 10:17:14,small_pouch,4.99,350,1
TX000005866,166529,2026-01-24 10:18:48,starter_pouch,1.99,120,1
TX000005641,110464,2026-01-24 10:27:25,starter_pouch,1.99,120,1
TX000007442,108708,2026-01-24 10:38:03,small_pouch,4.99,350,1
TX000001891,105036,2026-01-24 10:43:27,medium_chest,9.99,800,1
TX000012217,160852,2026-01-24 10:50:54,medium_chest,9.99,800,1
TX000002747,167397,2026-01-24 10:57:19,vault,49.99,5000,1
TX000003457,106177,2026-01-24 10:58:33,starter_pouch,1.99,120,1
TX000008008,148869,2026-01-24 10:59:20,small_pouch,4.99,350,1
TX000006885,117275,2026-01-24 11:21:01,medium_chest,9.99,800,1
TX000001559,153316,2026-01-24 11:34:38,small_pouch,4.99,350,1
TX000007829,179372,2026-01-24 11:51:39,small_pouch,4.99,350,1
TX000006164,168967,2026-01-24 11:51:43,small_pouch,4.99,350,1
TX000007446,108142,2026-01-24 11:56:25,starter_pouch,1.99,120,1
TX000000119,157369,2026-01-24 12:01:32,small_pouch,4.99,350,1
TX000004977,165984,2026-01-24 12:02:34,small_pouch,4.99,350,1
TX000001524,175242,2026-01-24 12:07:08,large_chest,19.99,1800,1
TX000000163,149804,2026-01-24 12:21:23,small_pouch,4.99,350,1
TX000007220,135410,2026-01-24 12:21:54,starter_pouch,1.99,120,1
TX000010785,111479,2026-01-24 12:23:36,medium_chest,9.99,800,1
TX000008468,146914,2026-01-24 12:30:11,small_pouch,4.99,350,1
TX000007766,102115,2026-01-24 12:33:24,medium_chest,9.99,800,1
TX000014152,123463,2026-01-24 12:42:19,small_pouch,4.99,350,1
TX000010812,110946,2026-01-24 12:45:33,starter_pouch,1.99,120,1
TX000002197,174810,2026-01-24 12:54:06,starter_pouch,1.99,120,1
TX000006470,141638,2026-01-24 12:57:38,large_chest,19.99,1800,1
TX000008757,144537,2026-01-24 13:00:51,small_pouch,4.99,350,1
TX000004972,132163,2026-01-24 13:01:54,large_chest,19.99,1800,1
TX000008453,119965,2026-01-24 13:16:42,small_pouch,4.99,350,1
TX000003969,145200,2026-01-24 13:24:25,large_chest,19.99,1800,1
TX000012753,101735,2026-01-24 13:37:55,medium_chest,9.99,800,1
TX000000053,132262,2026-01-24 13:52:26,small_pouch,4.99,350,1
TX000001907,171224,2026-01-24 13:56:34,small_pouch,4.99,350,1
TX000003615,140411,2026-01-24 13:57:12,medium_chest,9.99,800,1
TX000011409,143569,2026-01-24 14:01:27,medium_chest,9.99,800,1
TX000003917,155370,2026-01-24 14:08:01,starter_pouch,1.99,120,1
TX000008491,173300,2026-01-24 14:13:34,medium_chest,9.99,800,1
TX000001096,105812,2026-01-24 14:25:05,medium_chest,9.99,800,1
TX000000609,152318,2026-01-24 14:40:44,starter_pouch,1.99,120,1
TX000005762,119871,2026-01-24 14:54:24,vault,49.99,5000,1
TX000001474,170238,2026-01-24 14:55:23,medium_chest,9.99,800,1
TX000010254,143093,2026-01-24 15:00:31,starter_pouch,1.99,120,1
TX000006921,111866,2026-01-24 15:18:30,small_pouch,4.99,350,1
TX000012200,128388,2026-01-24 15:21:03,starter_pouch,1.99,120,1
TX000003590,134818,2026-01-24 15:25:05,starter_pouch,1.99,120,1
TX000012155,167055,2026-01-24 15:35:11,starter_pouch,1.99,120,1
TX000013090,115656,2026-01-24 15:40:52,small_pouch,4.99,350,1
TX000007987,159686,2026-01-24 15:42:19,starter_pouch,1.99,120,1
TX000012819,126196,2026-01-24 15:45:12,starter_pouch,1.99,120,1
TX000006451,172906,2026-01-24 15:46:33,medium_chest,9.99,800,1
TX000012529,159542,2026-01-24 16:07:55,starter_pouch,1.99,120,1
TX000006318,104779,2026-01-24 16:08:17,small_pouch,4.99,350,1
TX000005654,135325,2026-01-24 16:11:41,small_pouch,4.99,350,1
TX000001833,164648,2026-01-24 16:12:10,mega_vault,99.99,11000,1
TX000005500,140903,2026-01-24 16:23:18,medium_chest,9.99,800,1
TX000003039,154674,2026-01-24 16:26:08,small_pouch,4.99,350,1
TX000011151,169813,2026-01-24 16:31:07,large_chest,19.99,1800,1
TX000002104,168872,2026-01-24 16:45:09,large_chest,19.99,1800,1
TX000007787,125840,2026-01-24 16:49:16,medium_chest,9.99,800,1
TX000014543,128610,2026-01-24 16:49:56,small_pouch,4.99,350,1
TX000003255,151863,2026-01-24 16:56:25,starter_pouch,1.99,120,1
TX000008077,170890,2026-01-24 16:57:21,medium_chest,9.99,800,1
TX000002115,143159,2026-01-24 17:00:13,small_pouch,4.99,350,1
TX000005384,172512,2026-01-24 17:02:38,starter_pouch,1.99,120,1
TX000004434,131949,2026-01-24 17:18:48,small_pouch,4.99,350,1
TX000003273,151278,2026-01-24 17:20:26,small_pouch,4.99,350,1
TX000004220,140052,2026-01-24 17:21:34,large_chest,19.99,1800,1
TX000007538,108575,2026-01-24 17:24:57,medium_chest,9.99,800,1
TX000013050,125840,2026-01-24 17:26:30,vault,49.99,5000,1
TX000012461,160450,2026-01-24 17:27:00,small_pouch,4.99,350,1
TX000013224,177495,2026-01-24 17:30:47,medium_chest,9.99,800,1
TX000008269,175734,2026-01-24 17:31:39,medium_chest,9.99,800,1
TX000008284,117930,2026-01-24 17:32:07,large_chest,19.99,1800,1
TX000007375,157910,2026-01-24 17:33:14,medium_chest,9.99,800,1
TX000008486,144902,2026-01-24 17:35:24,large_chest,19.99,1800,1
TX000005011,130547,2026-01-24 17:36:12,vault,49.99,5000,1
TX000008999,159023,2026-01-24 17:41:04,large_chest,19.99,1800,1
TX000006837,140360,2026-01-24 17:46:58,small_pouch,4.99,350,1
TX000003325,169861,2026-01-24 17:50:27,small_pouch,4.99,350,1
TX000009662,107874,2026-01-24 17:52:35,starter_pouch,1.99,120,1
TX000001265,122535,2026-01-24 17:54:58,starter_pouch,1.99,120,1
TX000003551,169813,2026-01-24 17:58:01,starter_pouch,1.99,120,1
TX000010491,100282,2026-01-24 17:58:50,small_pouch,4.99,350,1
TX000015155,162539,2026-01-24 17:59:19,vault,49.99,5000,1
TX000010455,113671,2026-01-24 18:15:18,medium_chest,9.99,800,1
TX000003713,120812,2026-01-24 18:16:54,starter_pouch,1.99,120,1
TX000002703,126061,2026-01-24 18:18:08,starter_pouch,1.99,120,1
TX000003247,144455,2026-01-24 18:18:24,starter_pouch,1.99,120,1
TX000002124,173070,2026-01-24 18:21:23,small_pouch,4.99,350,1
TX000003827,148689,2026-01-24 18:22:54,medium_chest,9.99,800,1
TX000010591,112611,2026-01-24 18:23:07,small_pouch,4.99,350,1
TX000005682,120007,2026-01-24 18:24:24,small_pouch,4.99,350,1
TX000004076,109778,2026-01-24 18:31:12,small_pouch,4.99,350,1
TX000014727,171191,2026-01-24 18:33:54,vault,49.99,5000,1
TX000006976,137699,2026-01-24 18:34:17,starter_pouch,1.99,120,1
TX000007247,134479,2026-01-24 18:36:02,medium_chest,9.99,800,1
TX000007286,138482,2026-01-24 18:46:24,large_chest,19.99,1800,1
TX000009549,176718,2026-01-24 18:51:54,medium_chest,9.99,800,1
TX000008821,137683,2026-01-24 18:53:06,vault,49.99,5000,1
TX000006446,109652,2026-01-24 18:54:40,starter_pouch,1.99,120,1
TX000012686,117659,2026-01-24 18:57:23,medium_chest,9.99,800,1
TX000013629,109821,2026-01-24 19:00:20,small_pouch,4.99,350,1
TX000011655,104499,2026-01-24 19:01:58,large_chest,19.99,1800,1
TX000009601,136943,2026-01-24 19:03:15,starter_pouch,1.99,120,1
TX000005687,176337,2026-01-24 19:05:01,starter_pouch,1.99,120,1
TX000007193,166349,2026-01-24 19:18:28,small_pouch,4.99,350,1
TX000009710,176241,2026-01-24 19:18:51,medium_chest,9.99,800,1
TX000010948,169827,2026-01-24 19:28:33,large_chest,19.99,1800,1
TX000006246,138924,2026-01-24 19:28:35,vault,49.99,5000,1
TX000005285,140169,2026-01-24 19:30:22,small_pouch,4.99,350,1
TX000002590,165601,2026-01-24 19:33:06,medium_chest,9.99,800,1
TX000003171,138615,2026-01-24 19:39:48,vault,49.99,5000,1
TX000002515,122320,2026-01-24 19:43:36,starter_pouch,1.99,120,1
TX000003123,101923,2026-01-24 19:43:52,medium_chest,9.99,800,1
TX000008885,107133,2026-01-24 19:46:29,small_pouch,4.99,350,1
TX000006694,150699,2026-01-24 19:50:25,medium_chest,9.99,800,1
TX000011063,166469,2026-01-24 19:50:45,starter_pouch,1.99,120,1
TX000013654,149515,2026-01-24 19:51:27,vault,49.99,5000,1
TX000010731,178096,2026-01-24 19:52:12,starter_pouch,1.99,120,1
TX000005442,175375,2026-01-24 19:52:19,large_chest,19.99,1800,1
TX000000356,180217,2026-01-24 19:54:12,medium_chest,9.99,800,1
TX000005282,154981,2026-01-24 19:56:04,starter_pouch,1.99,120,1
TX000008275,113794,2026-01-24 19:57:16,starter_pouch,1.99,120,1
TX000011751,158054,2026-01-24 19:59:28,medium_chest,9.99,800,1
TX000013226,129764,2026-01-24 20:01:18,medium_chest,9.99,800,1
TX000012762,170766,2026-01-24 20:03:40,small_pouch,4.99,350,1
TX000013768,132859,2026-01-24 20:09:51,medium_chest,9.99,800,1
TX000004895,101293,2026-01-24 20:15:57,small_pouch,4.99,350,1
TX000012486,168517,2026-01-24 20:16:24,medium_chest,9.99,800,1
TX000003148,173714,2026-01-24 20:16:54,starter_pouch,1.99,120,1
TX000000897,100915,2026-01-24 20:17:48,starter_pouch,1.99,120,1
TX000011818,168490,2026-01-24 20:18:57,starter_pouch,1.99,120,1
TX000010359,156746,2026-01-24 20:24:11,starter_pouch,1.99,120,1
TX000013048,108696,2026-01-24 20:27:07,starter_pouch,1.99,120,1
TX000000966,166668,2026-01-24 20:27:31,small_pouch,4.99,350,1
TX000014694,116823,2026-01-24 20:30:09,mega_vault,99.99,11000,1
TX000004133,154366,2026-01-24 20:33:47,small_pouch,4.99,350,1
TX000003738,137724,2026-01-24 20:35:20,large_chest,19.99,1800,1
TX000004562,121197,2026-01-24 20:39:26,starter_pouch,1.99,120,1
TX000010474,142835,2026-01-24 20:40:28,medium_chest,9.99,800,1
TX000009307,101498,2026-01-24 20:41:34,medium_chest,9.99,800,1
TX000009947,119280,2026-01-24 20:44:47,large_chest,19.99,1800,1
TX000011046,125641,2026-01-24 20:48:18,small_pouch,4.99,350,1
TX000015246,141469,2026-01-24 20:48:33,large_chest,19.99,1800,1
TX000005084,143493,2026-01-24 20:50:19,vault,49.99,5000,1
TX000001529,145633,2026-01-24 20:51:08,small_pouch,4.99,350,1
TX000014097,134119,2026-01-24 20:53:25,starter_pouch,1.99,120,1
TX000005596,157334,2026-01-24 20:58:05,vault,49.99,5000,1
TX000014469,116318,2026-01-24 20:59:39,starter_pouch,1.99,120,1
TX000007112,107357,2026-01-24 21:02:01,starter_pouch,1.99,120,1
TX000000498,144322,2026-01-24 21:04:53,small_pouch,4.99,350,1
TX000014122,112606,2026-01-24 21:05:05,starter_pouch,1.99,120,1
TX000000710,101337,2026-01-24 21:07:09,starter_pouch,1.99,120,1
TX000004258,121501,2026-01-24 21:07:33,mega_vault,99.99,11000,1
TX000003793,172528,2026-01-24 21:10:47,medium_chest,9.99,800,1
TX000012408,147295,2026-01-24 21:16:34,medium_chest,9.99,800,1
TX000001223,153259,2026-01-24 21:19:53,small_pouch,4.99,350,1
TX000002369,157819,2026-01-24 21:20:30,mega_vault,99.99,11000,1
TX000007232,135344,2026-01-24 21:23:08,vault,49.99,5000,1
TX000002918,120043,2026-01-24 21:23:58,large_chest,19.99,1800,1
TX000009169,104889,2026-01-24 21:24:58,vault,49.99,5000,1
TX000015027,167323,2026-01-24 21:25:04,medium_chest,9.99,800,1
TX000011015,138640,2026-01-24 21:27:46,starter_pouch,1.99,120,1
TX000000828,137504,2026-01-24 21:30:31,starter_pouch,1.99,120,1
TX000005874,166510,2026-01-24 21:33:48,small_pouch,4.99,350,1
TX000015017,112050,2026-01-24 21:37:27,medium_chest,9.99,800,1
TX000000961,131405,2026-01-24 21:37:50,large_chest,19.99,1800,1
TX000001135,148031,2026-01-24 21:42:23,starter_pouch,1.99,120,1
TX000008277,171202,2026-01-24 21:45:14,vault,49.99,5000,1
TX000012794,144768,2026-01-24 22:03:35,vault,49.99,5000,1
TX000004459,111245,2026-01-24 22:10:10,medium_chest,9.99,800,1
TX000012771,110758,2026-01-24 22:13:34,large_chest,19.99,1800,1
TX000005331,158908,2026-01-24 22:20:08,medium_chest,9.99,800,1
TX000009007,122460,2026-01-24 22:33:46,small_pouch,4.99,350,1
TX000007660,154277,2026-01-24 22:34:18,small_pouch,4.99,350,1
TX000012265,148553,2026-01-24 22:41:32,small_pouch,4.99,350,1
TX000004132,108203,2026-01-24 22:44:32,starter_pouch,1.99,120,1
TX000008111,177426,2026-01-24 22:51:35,starter_pouch,1.99,120,1
TX000001720,109555,2026-01-24 22:54:48,starter_pouch,1.99,120,1
TX000011380,117113,2026-01-24 23:00:42,small_pouch,4.99,350,1
TX000005226,130392,2026-01-24 23:05:42,medium_chest,9.99,800,1
TX000000959,123950,2026-01-24 23:14:08,starter_pouch,1.99,120,1
TX000003433,135872,2026-01-24 23:19:39,small_pouch,4.99,350,1
TX000009768,123780,2026-01-24 23:24:24,starter_pouch,1.99,120,1
TX000010539,172683,2026-01-24 23:27:46,small_pouch,-4.99,-350,0
TX000013628,129741,2026-01-24 23:28:29,starter_pouch,1.99,120,1
TX000010014,162781,2026-01-24 23:34:50,medium_chest,9.99,800,1
TX000002391,151278,2026-01-24 23:51:29,starter_pouch,1.99,120,1
TX000011211,116820,2026-01-24 23:55:58,starter_pouch,1.99,120,1
TX000001322,170664,2026-01-24 23:59:56,small_pouch,4.99,350,1
TX000011080,159542,2026-01-24 23:59:56,large_chest,19.99,1800,1
TX000008694,126000,2026-01-24 23:59:56,starter_pouch,1.99,120,1
TX000002867,141343,2026-01-24 23:59:56,starter_pouch,1.99,120,1
TX000004780,160118,2026-01-24 23:59:56,starter_pouch,1.99,120,1
TX000000353,101857,2026-01-24 23:59:56,small_pouch,4.99,350,1
TX000001004,165854,2026-01-25 06:58:52,small_pouch,4.99,350,0
TX000007123,151325,2026-01-25 07:00:03,mega_vault,99.99,11000,0
TX000014652,134463,2026-01-25 07:04:32,mega_vault,99.99,11000,0
TX000006793,169300,2026-01-25 07:08:19,large_chest,19.99,1800,0
TX000011177,162015,2026-01-25 07:19:55,small_pouch,4.99,350,0
TX000002468,142494,2026-01-25 07:32:29,medium_chest,9.99,800,0
TX000008557,145200,2026-01-25 07:57:18,vault,49.99,5000,0
TX000003178,174347,2026-01-25 08:11:04,medium_chest,9.99,800,0
TX000014524,126283,2026-01-25 08:45:43,mega_vault,99.99,11000,0
TX000007601,125641,2026-01-25 09:53:37,small_pouch,-4.99,-350,1
TX000001268,116170,2026-01-25 10:25:00,medium_chest,9.99,800,0
TX000001458,144310,2026-01-25 11:16:59,starter_pouch,1.99,120,0
TX000005849,114933,2026-01-25 12:15:05,starter_pouch,1.99,120,0
TX000002639,178412,2026-01-25 12:17:33,mega_vault,99.99,11000,0
TX000001403,159238,2026-01-25 13:27:27,small_pouch,4.99,350,0
TX000001383,122896,2026-01-25 14:05:12,medium_chest,9.99,800,0
TX000007622,131378,2026-01-25 15:37:55,medium_chest,9.99,800,0
TX000012266,102372,2026-01-25 16:33:12,starter_pouch,1.99,120,0
TX000009286,112758,2026-01-25 16:55:56,medium_chest,9.99,800,0
TX000010402,162781,2026-01-25 17:18:41,medium_chest,-9.99,-800,1
TX000014546,138929,2026-01-25 17:41:57,medium_chest,9.99,800,0
TX000004313,170238,2026-01-25 17:46:57,small_pouch,4.99,350,0
TX000010266,153745,2026-01-25 18:00:17,mega_vault,99.99,11000,0
TX000009281,168775,2026-01-25 18:06:19,large_chest,19.99,1800,0
TX000014566,166290,2026-01-25 18:44:51,starter_pouch,1.99,120,0
TX000000455,155070,2026-01-25 19:11:30,starter_pouch,1.99,120,0
TX000002262,145513,2026-01-25 19:19:22,starter_pouch,1.99,120,0
TX000003617,168422,2026-01-25 19:27:24,small_pouch,4.99,350,0
TX000006611,116840,2026-01-25 19:31:57,starter_pouch,1.99,120,0
TX000013150,143926,2026-01-25 19:46:49,medium_chest,9.99,800,0
TX000007052,178949,2026-01-25 19:55:53,small_pouch,4.99,350,0
TX000012592,169692,2026-01-25 20:02:26,starter_pouch,1.99,120,0
TX000005831,150113,2026-01-25 20:09:24,medium_chest,9.99,800,0
TX000008112,161225,2026-01-25 20:10:29,starter_pouch,1.99,120,0
TX000005026,116948,2026-01-25 20:19:28,starter_pouch,1.99,120,0
TX000008792,177951,2026-01-25 20:53:28,small_pouch,4.99,350,0
TX000003968,121440,2026-01-25 20:58:20,mega_vault,99.99,11000,0
TX000008353,139243,2026-01-25 21:10:56,large_chest,19.99,1800,0
TX000014035,134570,2026-01-25 21:17:00,starter_pouch,1.99,120,0
TX000011499,156929,2026-01-25 21:18:05,starter_pouch,1.99,120,0
TX000003705,130571,2026-01-25 21:31:41,starter_pouch,1.99,120,0
TX000005248,169420,2026-01-25 23:59:56,starter_pouch,1.99,120,0
TX000003351,145025,2026-01-26 06:14:58,mega_vault,99.99,11000,0
TX000012244,165840,2026-01-26 06:15:45,small_pouch,4.99,350,0
TX000005795,120544,2026-01-26 06:36:04,starter_pouch,1.99,120,0
TX000009994,118882,2026-01-26 06:56:40,starter_pouch,1.99,120,0
TX000003200,158178,2026-01-26 07:09:00,small_pouch,4.99,350,0
TX000012167,145129,2026-01-26 07:25:08,medium_chest,9.99,800,0
TX000008711,151761,2026-01-26 10:23:18,starter_pouch,1.99,120,0
TX000009736,120051,2026-01-26 10:46:47,small_pouch,4.99,350,0
TX000012507,114340,2026-01-26 11:48:32,starter_pouch,1.99,120,0
TX000002716,161753,2026-01-26 11:51:01,medium_chest,9.99,800,0
TX000000326,129696,2026-01-26 11:58:18,mega_vault,99.99,11000,0
TX000003885,120083,2026-01-26 12:03:36,medium_chest,9.99,800,0
TX000003880,112968,2026-01-26 12:19:34,medium_chest,9.99,800,0
TX000004722,113831,2026-01-26 12:30:56,small_pouch,4.99,350,0
TX000001213,147980,2026-01-26 13:18:37,starter_pouch,1.99,120,0
TX000014993,176339,2026-01-26 14:38:46,medium_chest,9.99,800,0
TX000002992,106667,2026-01-26 15:22:07,medium_chest,9.99,800,0
TX000001461,144363,2026-01-26 16:07:01,medium_chest,9.99,800,0
TX000008296,157318,2026-01-26 16:08:28,large_chest,19.99,1800,0
TX000003293,139626,2026-01-26 16:37:16,starter_pouch,1.99,120,0
TX000011973,145091,2026-01-26 16:47:44,small_pouch,4.99,350,0
TX000008975,112417,2026-01-26 17:21:37,small_pouch,4.99,350,0
TX000009935,115217,2026-01-26 17:27:58,medium_chest,9.99,800,0
TX000010612,157910,2026-01-26 17:33:01,medium_chest,9.99,800,0
TX000013453,137120,2026-01-26 17:52:23,starter_pouch,1.99,120,0
TX000001245,177857,2026-01-26 17:56:09,small_pouch,4.99,350,0
TX000010383,145407,2026-01-26 18:03:39,medium_chest,9.99,800,0
TX000002103,132414,2026-01-26 18:37:21,medium_chest,9.99,800,0
TX000001587,139404,2026-01-26 18:47:15,small_pouch,4.99,350,0
TX000004612,107568,2026-01-26 18:51:04,medium_chest,9.99,800,0
TX000005271,135011,2026-01-26 19:16:53,mega_vault,99.99,11000,0
TX000000220,161292,2026-01-26 19:24:22,medium_chest,9.99,800,0
TX000007169,139959,2026-01-26 19:38:31,starter_pouch,1.99,120,0
TX000010629,102399,2026-01-26 20:05:14,vault,49.99,5000,0
TX000006282,110797,2026-01-26 20:45:02,starter_pouch,1.99,120,0
TX000014850,176122,2026-01-26 20:56:20,medium_chest,9.99,800,0
TX000014414,120633,2026-01-26 21:51:33,small_pouch,4.99,350,0
TX000008466,104720,2026-01-26 21:53:32,large_chest,19.99,1800,0
TX000013102,154943,2026-01-26 21:56:24,large_chest,19.99,1800,0
TX000001993,170778,2026-01-26 22:23:16,starter_pouch,1.99,120,0
TX000004506,141963,2026-01-26 23:35:05,medium_chest,9.99,800,0
TX000013933,107145,2026-01-26 23:48:33,starter_pouch,1.99,120,0
TX000007445,173511,2026-01-26 23:59:56,starter_pouch,1.99,120,0
TX000004334,173692,2026-01-26 23:59:56,medium_chest,9.99,800,0
TX000006293,123953,2026-01-27 06:00:30,starter_pouch,1.99,120,0
TX000011668,171174,2026-01-27 06:34:24,large_chest,19.99,1800,0
TX000003710,160930,2026-01-27 06:59:13,vault,49.99,5000,0
TX000007880,137535,2026-01-27 07:44:59,medium_chest,9.99,800,0
TX000003541,161389,2026-01-27 08:09:02,small_pouch,4.99,350,0
TX000007365,135510,2026-01-27 08:10:13,medium_chest,9.99,800,0
TX000003686,137499,2026-01-27 08:22:03,medium_chest,9.99,800,0
TX000007570,118545,2026-01-27 09:05:52,medium_chest,9.99,800,0
TX000011857,136630,2026-01-27 10:32:45,starter_pouch,1.99,120,0
TX000008690,164240,2026-01-27 11:31:54,small_pouch,4.99,350,0
TX000008798,100703,2026-01-27 11:38:01,starter_pouch,1.99,120,0
TX000007171,179065,2026-01-27 11:47:44,starter_pouch,1.99,120,0
TX000015116,171977,2026-01-27 11:58:43,small_pouch,4.99,350,0
TX000005117,142209,2026-01-27 12:44:06,starter_pouch,1.99,120,0
TX000007196,136706,2026-01-27 12:46:43,small_pouch,4.99,350,0
TX000008740,163666,2026-01-27 13:53:34,small_pouch,4.99,350,0
TX000012368,136711,2026-01-27 14:01:58,medium_chest,9.99,800,0
TX000014630,144446,2026-01-27 14:41:12,small_pouch,4.99,350,0
TX000000486,163644,2026-01-27 14:51:29,small_pouch,4.99,350,0
TX000011108,164743,2026-01-27 15:23:24,medium_chest,9.99,800,0
TX000009770,108341,2026-01-27 16:03:18,medium_chest,9.99,800,0
TX000003246,119859,2026-01-27 16:05:17,starter_pouch,1.99,120,0
TX000009600,178350,2026-01-27 16:12:32,medium_chest,9.99,800,0
TX000009165,167096,2026-01-27 16:23:29,medium_chest,9.99,800,0
TX000015146,176277,2026-01-27 16:38:32,large_chest,19.99,1800,0
TX000003187,173606,2026-01-27 16:42:07,medium_chest,9.99,800,0
TX000009106,172606,2026-01-27 16:43:27,vault,49.99,5000,0
TX000003046,179689,2026-01-27 17:06:06,small_pouch,4.99,350,0
TX000006110,134815,2026-01-27 17:07:32,starter_pouch,1.99,120,0
TX000001178,131443,2026-01-27 17:12:31,small_pouch,4.99,350,0
TX000005190,166567,2026-01-27 17:21:15,vault,49.99,5000,0
TX000013649,128756,2026-01-27 17:24:36,small_pouch,4.99,350,0
TX000010110,104872,2026-01-27 17:33:43,large_chest,19.99,1800,0
TX000007961,173714,2026-01-27 17:37:07,starter_pouch,1.99,120,0
TX000000000,107924,2026-01-27 17:47:08,large_chest,19.99,1800,0
TX000001789,134029,2026-01-27 17:55:04,large_chest,19.99,1800,0
TX000005588,138112,2026-01-27 18:10:15,medium_chest,9.99,800,0
TX000014310,131823,2026-01-27 18:25:28,vault,49.99,5000,0
TX000013059,152433,2026-01-27 18:53:01,medium_chest,9.99,800,0
TX000013627,123414,2026-01-27 19:00:54,large_chest,19.99,1800,0
TX000000216,125062,2026-01-27 19:07:44,medium_chest,9.99,800,0
TX000013327,103549,2026-01-27 19:22:11,medium_chest,9.99,800,0
TX000007836,166265,2026-01-27 19:27:47,small_pouch,-4.99,-350,1
TX000009552,159175,2026-01-27 19:31:00,medium_chest,9.99,800,0
TX000013167,145098,2026-01-27 20:57:53,small_pouch,4.99,350,0
TX000009557,157701,2026-01-27 21:14:51,medium_chest,9.99,800,0
TX000013333,165500,2026-01-27 21:23:21,vault,49.99,5000,0
TX000007036,135976,2026-01-27 21:32:38,small_pouch,4.99,350,0
TX000000192,164937,2026-01-27 21:56:59,small_pouch,4.99,350,0
TX000010954,107292,2026-01-27 22:10:53,small_pouch,4.99,350,0
TX000009363,120597,2026-01-27 22:25:58,small_pouch,4.99,350,0
TX000010876,154277,2026-01-27 22:41:29,medium_chest,9.99,800,0
TX000001132,110842,2026-01-27 23:07:40,starter_pouch,1.99,120,0
TX000014660,157705,2026-01-27 23:17:49,medium_chest,9.99,800,0
TX000007120,132124,2026-01-27 23:23:26,vault,49.99,5000,0
TX000011803,138788,2026-01-27 23:51:08,medium_chest,9.99,800,0
TX000012256,175781,2026-01-27 23:53:25,vault,49.99,5000,0
TX000003484,107071,2026-01-27 23:59:56,medium_chest,9.99,800,0
TX000000621,174554,2026-01-27 23:59:56,vault,49.99,5000,0
TX000013053,124255,2026-01-27 23:59:56,medium_chest,9.99,800,0
TX000001746,109621,2026-01-28 06:28:41,medium_chest,9.99,800,0
TX000005586,146060,2026-01-28 07:00:27,starter_pouch,1.99,120,0
TX000005101,124535,2026-01-28 08:04:04,large_chest,19.99,1800,0
TX000012311,132250,2026-01-28 08:38:08,starter_pouch,1.99,120,0
TX000010560,121218,2026-01-28 08:44:58,starter_pouch,1.99,120,0
TX000002095,162578,2026-01-28 09:05:37,starter_pouch,1.99,120,0
TX000002986,128379,2026-01-28 09:49:31,medium_chest,9.99,800,0
TX000009417,158851,2026-01-28 09:54:14,medium_chest,9.99,800,0
TX000000661,145129,2026-01-28 09:58:44,small_pouch,4.99,350,0
TX000010717,123466,2026-01-28 10:06:54,large_chest,19.99,1800,0
TX000013271,152590,2026-01-28 10:28:31,vault,49.99,5000,0
TX000013959,171800,2026-01-28 10:32:33,medium_chest,9.99,800,0
TX000005491,166889,2026-01-28 10:33:02,large_chest,19.99,1800,0
TX000010923,126415,2026-01-28 10:58:10,small_pouch,4.99,350,0
TX000004293,166266,2026-01-28 11:03:18,mega_vault,99.99,11000,0
TX000000877,147546,2026-01-28 11:07:29,medium_chest,9.99,800,0
TX000015195,128824,2026-01-28 11:15:21,medium_chest,9.99,800,0
TX000006348,130974,2026-01-28 11:31:07,starter_pouch,1.99,120,0
TX000000105,138262,2026-01-28 11:57:47,starter_pouch,1.99,120,0
TX000006285,139242,2026-01-28 12:11:03,large_chest,19.99,1800,0
TX000011844,126647,2026-01-28 12:25:25,small_pouch,4.99,350,0
TX000002425,118985,2026-01-28 12:34:22,starter_pouch,1.99,120,0
TX000013376,165478,2026-01-28 13:02:16,medium_chest,9.99,800,0
TX000003934,161200,2026-01-28 14:37:39,vault,49.99,5000,0
TX000013698,163151,2026-01-28 14:56:05,small_pouch,4.99,350,0
TX000004950,161065,2026-01-28 15:17:17,mega_vault,99.99,11000,0
TX000012156,147330,2026-01-28 15:56:04,starter_pouch,1.99,120,0
TX000006646,162915,2026-01-28 15:57:08,small_pouch,4.99,350,0
TX000002277,134240,2026-01-28 16:10:07,mega_vault,99.99,11000,0
TX000011215,119318,2026-01-28 16:14:30,vault,49.99,5000,0
TX000011109,111587,2026-01-28 16:15:54,starter_pouch,1.99,120,0
TX000007113,105546,2026-01-28 16:28:52,large_chest,19.99,1800,0
TX000002106,167298,2026-01-28 16:37:47,small_pouch,4.99,350,0
TX000003762,120156,2026-01-28 16:44:33,starter_pouch,1.99,120,0
TX000012661,117386,2026-01-28 16:48:07,starter_pouch,1.99,120,0
TX000007959,106416,2026-01-28 17:13:41,small_pouch,4.99,350,0
TX000009300,142650,2026-01-28 17:16:22,starter_pouch,1.99,120,0
TX000004214,122824,2026-01-28 17:16:27,small_pouch,4.99,350,0
TX000008510,168347,2026-01-28 17:24:38,medium_chest,9.99,800,0
TX000014082,123414,2026-01-28 17:27:11,large_chest,19.99,1800,0
TX000005417,166143,2026-01-28 17:27:19,small_pouch,4.99,350,0
TX000004012,155415,2026-01-28 17:30:20,large_chest,19.99,1800,0
TX000002936,131756,2026-01-28 17:42:46,large_chest,19.99,1800,0
TX000009255,111363,2026-01-28 17:53:03,large_chest,19.99,1800,0
TX000008386,175413,2026-01-28 18:06:41,large_chest,19.99,1800,0
TX000010967,107357,2026-01-28 18:07:57,small_pouch,4.99,350,0
TX000007932,112375,2026-01-28 18:11:42,medium_chest,9.99,800,0
TX000010470,124285,2026-01-28 18:21:33,vault,49.99,5000,0
TX000005856,136246,2026-01-28 18:25:20,vault,49.99,5000,0
TX000006183,114631,2026-01-28 18:39:39,small_pouch,4.99,350,0
TX000000413,157504,2026-01-28 18:44:10,starter_pouch,1.99,120,0
TX000003983,130380,2026-01-28 18:47:47,small_pouch,4.99,350,0
TX000004325,126823,2026-01-28 18:56:33,vault,49.99,5000,0
TX000002701,145639,2026-01-28 18:58:23,mega_vault,99.99,11000,0
TX000011846,131712,2026-01-28 19:02:29,medium_chest,9.99,800,0
TX000008844,168447,2026-01-28 19:06:45,medium_chest,9.99,800,0
TX000003276,144195,2026-01-28 19:16:31,medium_chest,9.99,800,0
TX000000305,157483,2026-01-28 19:17:57,starter_pouch,1.99,120,0
TX000012575,116473,2026-01-28 19:25:11,starter_pouch,1.99,120,0
TX000007458,109924,2026-01-28 19:30:27,small_pouch,4.99,350,0
TX000001368,175154,2026-01-28 19:36:56,vault,49.99,5000,0
TX000000063,125712,2026-01-28 19:46:14,small_pouch,4.99,350,0
TX000009946,158871,2026-01-28 19:46:52,medium_chest,9.99,800,0
TX000005438,156330,2026-01-28 19:53:38,small_pouch,4.99,350,0
TX000008770,179876,2026-01-28 19:53:39,large_chest,19.99,1800,0
TX000012388,101731,2026-01-28 19:53:42,small_pouch,4.99,350,0
TX000013446,175075,2026-01-28 19:58:00,starter_pouch,1.99,120,0
TX000004275,130943,2026-01-28 20:03:49,starter_pouch,1.99,120,0
TX000002140,177736,2026-01-28 20:10:18,medium_chest,9.99,800,0
TX000004296,119561,2026-01-28 20:19:21,small_pouch,4.99,350,0
TX000003437,134478,2026-01-28 20:23:57,medium_chest,9.99,800,0
TX000004865,107152,2026-01-28 20:26:34,medium_chest,9.99,800,0
TX000010253,137669,2026-01-28 20:44:45,medium_chest,9.99,800,0
TX000014239,169813,2026-01-28 20:57:31,medium_chest,9.99,800,0
TX000010490,175909,2026-01-28 21:09:40,mega_vault,99.99,11000,0
TX000014699,154494,2026-01-28 21:09:54,starter_pouch,1.99,120,0
TX000010432,170616,2026-01-28 21:18:41,small_pouch,4.99,350,0
TX000002581,157958,2026-01-28 22:04:39,starter_pouch,1.99,120,0
TX000005665,157933,2026-01-28 22:24:11,small_pouch,4.99,350,0
TX000009241,171905,2026-01-28 22:48:49,starter_pouch,1.99,120,0
TX000007703,159304,2026-01-28 22:56:24,large_chest,19.99,1800,0
TX000007842,177937,2026-01-28 23:06:49,vault,49.99,5000,0
TX000013242,109669,2026-01-29 06:01:27,medium_chest,9.99,800,0
TX000002320,174529,2026-01-29 06:03:11,starter_pouch,1.99,120,0
TX000013672,155360,2026-01-29 06:07:49,medium_chest,9.99,800,0
TX000004024,115930,2026-01-29 06:45:55,small_pouch,4.99,350,0
TX000003415,113747,2026-01-29 07:09:55,starter_pouch,1.99,120,0
TX000014848,149292,2026-01-29 07:28:45,starter_pouch,1.99,120,0
TX000007926,137041,2026-01-29 09:01:06,mega_vault,99.99,11000,0
TX000001742,157050,2026-01-29 09:36:26,small_pouch,4.99,350,0
TX000004269,107439,2026-01-29 09:37:55,medium_chest,9.99,800,0
TX000001533,145129,2026-01-29 09:51:22,large_chest,19.99,1800,0
TX000014945,101636,2026-01-29 10:42:45,medium_chest,9.99,800,0
TX000011096,154225,2026-01-29 10:49:13,starter_pouch,1.99,120,0
TX000008550,119736,2026-01-29 11:46:57,starter_pouch,1.99,120,0
TX000005694,119868,2026-01-29 11:47:19,medium_chest,9.99,800,0
TX000010128,164643,2026-01-29 12:00:37,small_pouch,4.99,350,0
TX000012412,132629,2026-01-29 12:20:56,small_pouch,4.99,350,0
TX000011218,148689,2026-01-29 12:55:03,large_chest,19.99,1800,0
TX000004140,153452,2026-01-29 13:18:37,starter_pouch,1.99,120,0
TX000009473,155306,2026-01-29 13:22:27,medium_chest,9.99,800,0
TX000008754,151591,2026-01-29 14:13:38,mega_vault,99.99,11000,0
TX000003922,138642,2026-01-29 14:19:53,starter_pouch,1.99,120,0
TX000008870,107190,2026-01-29 14:27:03,small_pouch,4.99,350,0
TX000004916,135971,2026-01-29 14:32:43,small_pouch,4.99,350,0
TX000009859,110551,2026-01-29 15:07:12,medium_chest,9.99,800,0
TX000000376,132723,2026-01-29 15:10:44,medium_chest,9.99,800,0
TX000007518,127787,2026-01-29 15:33:01,small_pouch,4.99,350,0
TX000012147,125078,2026-01-29 15:53:25,starter_pouch,1.99,120,0
TX000014342,130690,2026-01-29 16:12:28,vault,49.99,5000,0
TX000003209,102711,2026-01-29 16:21:43,large_chest,19.99,1800,0
TX000001864,128613,2026-01-29 16:35:46,medium_chest,9.99,800,0
TX000005637,156893,2026-01-29 16:57:31,small_pouch,4.99,350,0
TX000011084,135407,2026-01-29 16:58:10,vault,49.99,5000,0
TX000002692,119669,2026-01-29 17:01:06,medium_chest,9.99,800,0
TX000011148,155579,2026-01-29 17:05:24,starter_pouch,1.99,120,0
TX000002578,166002,2026-01-29 17:10:55,large_chest,19.99,1800,0
TX000014614,135641,2026-01-29 17:15:53,starter_pouch,1.99,120,0
TX000006892,100166,2026-01-29 17:32:50,large_chest,19.99,1800,0
TX000010257,162747,2026-01-29 17:41:12,small_pouch,4.99,350,0
TX000002300,133421,2026-01-29 17:44:47,small_pouch,4.99,350,0
TX000004936,121663,2026-01-29 17:59:54,starter_pouch,1.99,120,0
TX000011450,170754,2026-01-29 18:04:28,large_chest,19.99,1800,0
TX000004773,152775,2026-01-29 18:42:03,vault,49.99,5000,0
TX000011982,152329,2026-01-29 18:47:14,large_chest,19.99,1800,0
TX000009853,104010,2026-01-29 18:47:20,small_pouch,4.99,350,0
TX000012318,136896,2026-01-29 18:49:48,vault,49.99,5000,0
TX000004628,100789,2026-01-29 19:46:34,starter_pouch,1.99,120,0
TX000003723,168091,2026-01-29 19:47:18,large_chest,19.99,1800,0
TX000013158,168283,2026-01-29 19:48:33,small_pouch,4.99,350,0
TX000005185,157839,2026-01-29 19:54:43,small_pouch,4.99,350,0
TX000013755,142657,2026-01-29 20:06:10,medium_chest,9.99,800,0
TX000012231,110797,2026-01-29 20:07:44,small_pouch,4.99,350,0
TX000000416,174603,2026-01-29 20:18:45,starter_pouch,1.99,120,0
TX000010662,160814,2026-01-29 20:23:28,mega_vault,99.99,11000,0
TX000001247,122601,2026-01-29 20:31:10,small_pouch,4.99,350,0
TX000011865,172875,2026-01-29 20:42:27,vault,49.99,5000,0
TX000009153,150346,2026-01-29 20:42:47,small_pouch,4.99,350,0
TX000004608,129678,2026-01-29 20:47:19,medium_chest,9.99,800,0
TX000010122,114113,2026-01-29 20:51:24,large_chest,19.99,1800,0
TX000001798,152318,2026-01-29 21:11:13,starter_pouch,-1.99,-120,1
TX000003377,124355,2026-01-29 21:24:42,small_pouch,4.99,350,0
TX000012441,116280,2026-01-29 21:26:07,small_pouch,4.99,350,0
TX000001533,145129,2026-01-29 21:29:05,large_chest,19.99,1800,0
TX000001504,151887,2026-01-29 21:32:22,large_chest,19.99,1800,0
TX000006408,100636,2026-01-29 21:40:26,starter_pouch,1.99,120,0
TX000008721,129536,2026-01-29 21:59:45,small_pouch,4.99,350,0
TX000000372,141402,2026-01-29 22:08:18,small_pouch,4.99,350,0
TX000007099,100794,2026-01-29 22:26:16,medium_chest,9.99,800,0
TX000011567,175023,2026-01-29 22:37:51,medium_chest,9.99,800,0
TX000006247,165478,2026-01-29 22:40:42,starter_pouch,1.99,120,0
TX000013254,171935,2026-01-29 22:57:20,starter_pouch,1.99,120,0
TX000008562,124781,2026-01-29 23:48:51,large_chest,19.99,1800,0
TX000000483,129724,2026-01-29 23:59:56,vault,49.99,5000,0
TX000009224,102388,2026-01-30 06:05:01,medium_chest,9.99,800,0
TX000002803,170860,2026-01-30 06:26:04,medium_chest,9.99,800,0
TX000010231,104899,2026-01-30 06:27:19,starter_pouch,1.99,120,0
TX000015054,160980,2026-01-30 06:28:11,medium_chest,9.99,800,0
TX000014832,161951,2026-01-30 07:03:16,small_pouch,4.99,350,0
TX000011199,171383,2026-01-30 07:57:45,mega_vault,99.99,11000,0
TX000013632,100433,2026-01-30 08:37:03,small_pouch,4.99,350,0
TX000001878,109321,2026-01-30 08:47:28,small_pouch,4.99,350,0
TX000002770,115468,2026-01-30 08:48:43,medium_chest,9.99,800,0
TX000009617,159542,2026-01-30 09:36:56,small_pouch,4.99,350,0
TX000001263,147561,2026-01-30 10:22:30,large_chest,19.99,1800,0
TX000007616,159317,2026-01-30 11:08:38,starter_pouch,1.99,120,0
TX000003256,180163,2026-01-30 11:52:30,vault,49.99,5000,0
TX000009687,127677,2026-01-30 11:54:42,small_pouch,4.99,350,0
TX000000715,151110,2026-01-30 11:54:49,starter_pouch,1.99,120,0
TX000003219,122090,2026-01-30 11:54:54,medium_chest,9.99,800,0
TX000006324,114378,2026-01-30 11:59:29,medium_chest,9.99,800,0
TX000007686,139191,2026-01-30 12:07:17,medium_chest,9.99,800,0
TX000010083,178394,2026-01-30 12:31:29,medium_chest,9.99,800,0
TX000004328,117552,2026-01-30 12:36:30,starter_pouch,1.99,120,0
TX000005847,178144,2026-01-30 12:44:15,starter_pouch,1.99,120,0
TX000014473,132962,2026-01-30 12:48:11,vault,49.99,5000,0
TX000011685,110372,2026-01-30 12:51:22,starter_pouch,1.99,120,0
TX000003141,168821,2026-01-30 13:27:23,small_pouch,4.99,350,0
TX000010021,139358,2026-01-30 13:46:41,starter_pouch,1.99,120,0
TX000001363,136984,2026-01-30 13:46:59,small_pouch,4.99,350,0
TX000003164,158385,2026-01-30 14:24:21,starter_pouch,1.99,120,0
TX000005728,175375,2026-01-30 14:41:12,large_chest,19.99,1800,0
TX000006789,137235,2026-01-30 14:50:38,starter_pouch,1.99,120,0
TX000002995,169918,2026-01-30 15:12:45,small_pouch,4.99,350,0
TX000003947,137224,2026-01-30 15:37:43,starter_pouch,1.99,120,0
TX000008124,113549,2026-01-30 15:45:34,small_pouch,4.99,350,0
TX000012355,152914,2026-01-30 15:58:26,small_pouch,4.99,350,0
TX000005716,130825,2026-01-30 16:03:41,vault,49.99,5000,0
TX000006123,135725,2026-01-30 16:13:07,starter_pouch,1.99,120,0
TX000004468,133374,2026-01-30 16:26:47,vault,49.99,5000,0
TX000014650,138236,2026-01-30 16:38:29,medium_chest,9.99,800,0
TX000008871,135669,2026-01-30 16:43:01,medium_chest,9.99,800,0
TX000015222,102423,2026-01-30 16:50:16,medium_chest,9.99,800,0
TX000005412,129139,2026-01-30 17:11:58,medium_chest,9.99,800,0
TX000007883,143506,2026-01-30 17:15:21,starter_pouch,1.99,120,0
TX000000450,102141,2026-01-30 17:17:28,small_pouch,4.99,350,0
TX000012669,128113,2026-01-30 17:18:37,large_chest,19.99,1800,0
TX000001700,176988,2026-01-30 17:22:47,large_chest,19.99,1800,0
TX000005572,133460,2026-01-30 17:29:50,medium_chest,9.99,800,0
TX000003278,154931,2026-01-30 17:32:25,starter_pouch,1.99,120,0
TX000005164,106120,2026-01-30 17:32:47,medium_chest,9.99,800,0
TX000004385,137355,2026-01-30 17:34:07,starter_pouch,1.99,120,0
TX000014083,155614,2026-01-30 17:35:22,medium_chest,9.99,800,0
TX000000826,164680,2026-01-30 17:47:12,medium_chest,9.99,800,0
TX000008648,157855,2026-01-30 18:05:34,medium_chest,9.99,800,0
TX000004756,114207,2026-01-30 18:17:32,medium_chest,9.99,800,0
TX000009561,113105,2026-01-30 18:26:49,starter_pouch,1.99,120,0
TX000008016,170610,2026-01-30 18:41:38,small_pouch,4.99,350,0
TX000009927,171633,2026-01-30 18:41:41,small_pouch,4.99,350,0
TX000007539,168090,2026-01-30 18:45:13,large_chest,19.99,1800,0
TX000014136,109630,2026-01-30 18:52:01,large_chest,-19.99,-1800,1
TX000009018,178356,2026-01-30 18:56:56,medium_chest,9.99,800,0
TX000004192,120397,2026-01-30 19:12:56,starter_pouch,1.99,120,0
TX000010799,170754,2026-01-30 19:23:23,small_pouch,4.99,350,0
TX000001979,116977,2026-01-30 19:27:25,large_chest,19.99,1800,0
TX000000981,128872,2026-01-30 19:29:56,starter_pouch,1.99,120,0
TX000003737,155624,2026-01-30 19:31:54,starter_pouch,1.99,120,0
TX000000402,137808,2026-01-30 19:36:21,small_pouch,4.99,350,0
TX000004251,103721,2026-01-30 19:56:02,starter_pouch,1.99,120,0
TX000014569,149639,2026-01-30 20:05:09,starter_pouch,1.99,120,0
TX000000551,168347,2026-01-30 20:12:50,small_pouch,4.99,350,0
TX000007420,129198,2026-01-30 20:22:14,medium_chest,9.99,800,0
TX000005562,162821,2026-01-30 20:25:25,small_pouch,4.99,350,0
TX000009182,158663,2026-01-30 20:28:58,large_chest,19.99,1800,0
TX000005452,151861,2026-01-30 20:37:59,small_pouch,4.99,350,0
TX000012020,139870,2026-01-30 20:40:07,starter_pouch,1.99,120,0
TX000010564,134366,2026-01-30 20:59:09,large_chest,19.99,1800,0
TX000013836,112205,2026-01-30 21:00:02,small_pouch,4.99,350,0
TX000001870,142634,2026-01-30 21:30:38,starter_pouch,1.99,120,0
TX000006253,132124,2026-01-30 21:32:44,vault,49.99,5000,0
TX000007611,103265,2026-01-30 21:35:01,starter_pouch,1.99,120,0
TX000015274,179035,2026-01-30 21:56:50,vault,49.99,5000,0
TX000005548,121315,2026-01-30 22:12:06,medium_chest,9.99,800,0
TX000000657,163321,2026-01-30 22:28:21,small_pouch,4.99,350,0
TX000005518,128579,2026-01-30 22:58:25,small_pouch,4.99,350,0
TX000011639,136879,2026-01-30 23:27:59,medium_chest,9.99,800,0
TX000013562,116212,2026-01-30 23:31:11,vault,49.99,5000,0
TX000002694,101225,2026-01-30 23:59:56,medium_chest,9.99,800,0
TX000002440,153031,2026-01-31 07:04:14,medium_chest,9.99,800,0
TX000006734,110946,2026-01-31 07:10:27,starter_pouch,1.99,120,0
TX000006060,111524,2026-01-31 08:40:19,medium_chest,9.99,800,0
TX000007038,170269,2026-01-31 08:48:45,medium_chest,9.99,800,0
TX000001224,121252,2026-01-31 08:49:22,small_pouch,4.99,350,0
TX000011874,169476,2026-01-31 08:49:56,small_pouch,4.99,350,0
TX000011890,162312,2026-01-31 09:32:36,starter_pouch,1.99,120,0
TX000011005,153734,2026-01-31 10:06:45,large_chest,19.99,1800,0
TX000003267,108142,2026-01-31 10:26:35,small_pouch,4.99,350,0
TX000002833,121663,2026-01-31 10:31:21,medium_chest,9.99,800,0
TX000007639,108228,2026-01-31 11:28:43,starter_pouch,1.99,120,0
TX000015102,131096,2026-01-31 11:36:47,large_chest,19.99,1800,0
TX000009864,169060,2026-01-31 11:58:37,starter_pouch,1.99,120,0
TX000010027,124784,2026-01-31 12:10:21,large_chest,19.99,1800,0
TX000008268,169599,2026-01-31 12:13:11,large_chest,19.99,1800,0
TX000011692,179623,2026-01-31 13:54:40,large_chest,19.99,1800,0
TX000004775,118950,2026-01-31 14:36:43,small_pouch,4.99,350,0
TX000000065,123479,2026-01-31 14:49:28,small_pouch,4.99,350,0
TX000001328,159787,2026-01-31 15:35:52,medium_chest,9.99,800,0
TX000011953,174558,2026-01-31 15:48:11,starter_pouch,1.99,120,0
TX000002734,100571,2026-01-31 15:50:27,medium_chest,9.99,800,0
TX000001003,122743,2026-01-31 16:02:32,small_pouch,4.99,350,0
TX000009883,167545,2026-01-31 16:03:29,medium_chest,9.99,800,0
TX000007722,157564,2026-01-31 16:05:31,medium_chest,9.99,800,0
TX000009556,111379,2026-01-31 16:27:11,vault,49.99,5000,0
TX000005788,122590,2026-01-31 16:27:36,starter_pouch,1.99,120,0
TX000011176,143016,2026-01-31 16:38:21,small_pouch,4.99,350,0
TX000014800,163953,2026-01-31 16:58:54,vault,49.99,5000,0
TX000014807,140248,2026-01-31 17:00:36,mega_vault,99.99,11000,0
TX000009302,116333,2026-01-31 17:05:33,starter_pouch,1.99,120,0
TX000005394,162504,2026-01-31 17:05:54,medium_chest,9.99,800,0
TX000010035,139242,2026-01-31 17:18:46,large_chest,-19.99,-1800,0
TX000010878,138753,2026-01-31 17:21:12,starter_pouch,1.99,120,0
TX000008725,151719,2026-01-31 17:23:18,large_chest,19.99,1800,0
TX000000117,100999,2026-01-31 17:44:29,starter_pouch,1.99,120,0
TX000011925,103105,2026-01-31 17:56:15,starter_pouch,1.99,120,0
TX000003307,165746,2026-01-31 17:57:21,small_pouch,4.99,350,0
TX000014528,163845,2026-01-31 17:57:33,large_chest,19.99,1800,0
TX000015096,109360,2026-01-31 17:59:13,starter_pouch,1.99,120,0
TX000012536,144184,2026-01-31 18:00:22,small_pouch,4.99,350,0
TX000007890,127336,2026-01-31 18:01:48,vault,49.99,5000,0
TX000010263,159138,2026-01-31 18:25:14,medium_chest,9.99,800,0
TX000002829,156306,2026-01-31 18:30:26,small_pouch,4.99,350,0
TX000012527,124638,2026-01-31 18:31:33,small_pouch,4.99,350,0
TX000012293,173711,2026-01-31 18:54:35,mega_vault,99.99,11000,0
TX000003465,177542,2026-01-31 18:55:43,medium_chest,9.99,800,0
TX000003653,162517,2026-01-31 18:57:14,small_pouch,4.99,350,0
TX000000540,109571,2026-01-31 19:02:18,medium_chest,9.99,800,0
TX000013463,134478,2026-01-31 19:09:57,small_pouch,4.99,350,0
TX000009573,165609,2026-01-31 19:13:16,small_pouch,4.99,350,0
TX000013714,177043,2026-01-31 19:23:30,starter_pouch,1.99,120,0
TX000010850,145431,2026-01-31 19:32:47,large_chest,19.99,1800,0
TX000001431,102955,2026-01-31 19:36:29,medium_chest,9.99,800,0
TX000006813,133052,2026-01-31 19:51:15,medium_chest,9.99,800,0
TX000005296,174267,2026-01-31 19:58:28,medium_chest,9.99,800,0
TX000009100,132599,2026-01-31 20:07:58,starter_pouch,1.99,120,0
TX000003319,164887,2026-01-31 20:08:26,medium_chest,9.99,800,0
TX000013594,147330,2026-01-31 20:10:26,large_chest,19.99,1800,0
TX000008129,175149,2026-01-31 20:11:17,small_pouch,4.99,350,0
TX000001593,119909,2026-01-31 20:22:45,small_pouch,4.99,350,0
TX000008921,149042,2026-01-31 20:30:05,small_pouch,4.99,350,0
TX000011044,135407,2026-01-31 20:50:38,small_pouch,4.99,350,0
TX000011105,149964,2026-01-31 21:03:17,medium_chest,9.99,800,0
TX000000506,130571,2026-01-31 21:20:43,large_chest,19.99,1800,0
TX000008455,145149,2026-01-31 21:24:42,medium_chest,9.99,800,0
TX000012881,169282,2026-01-31 21:40:33,small_pouch,4.99,350,0
TX000005554,156229,2026-01-31 22:01:31,small_pouch,4.99,350,0
TX000001411,157578,2026-01-31 22:11:37,large_chest,19.99,1800,0
TX000006335,175755,2026-01-31 22:16:06,medium_chest,9.99,800,0
TX000011739,176464,2026-01-31 22:24:57,starter_pouch,1.99,120,0
TX000001637,176858,2026-01-31 22:39:10,large_chest,19.99,1800,0
TX000012157,164389,2026-01-31 22:56:17,large_chest,19.99,1800,0
TX000007985,152236,2026-01-31 22:59:25,large_chest,19.99,1800,0
TX000008991,152763,2026-01-31 23:20:44,vault,49.99,5000,0
TX000012302,111753,2026-01-31 23:33:34,large_chest,19.99,1800,0
TX000005404,115114,2026-01-31 23:39:14,large_chest,19.99,1800,0
TX000014890,153170,2026-01-31 23:46:30,medium_chest,9.99,800,0
TX000006463,128978,2026-01-31 23:59:56,medium_chest,9.99,800,0
TX000003623,126323,2026-01-31 23:59:56,starter_pouch,1.99,120,0
TX000007821,121071,2026-02-01 06:04:14,starter_pouch,1.99,120,0
TX000009649,119559,2026-02-01 07:28:32,vault,49.99,5000,0
TX000000534,116897,2026-02-01 07:53:27,starter_pouch,1.99,120,0
TX000010347,179119,2026-02-01 07:55:39,starter_pouch,1.99,120,0
TX000006910,144222,2026-02-01 08:06:23,mega_vault,99.99,11000,0
TX000006715,122480,2026-02-01 09:19:17,starter_pouch,1.99,120,0
TX000008309,175261,2026-02-01 09:19:41,starter_pouch,1.99,120,0
TX000011331,140558,2026-02-01 09:23:13,small_pouch,4.99,350,0
TX000010692,144839,2026-02-01 09:56:22,large_chest,19.99,1800,0
TX000004097,153522,2026-02-01 10:49:01,small_pouch,4.99,350,0
TX000002182,123140,2026-02-01 11:15:08,vault,49.99,5000,0
TX000010430,140032,2026-02-01 11:45:53,starter_pouch,1.99,120,0
TX000003756,113511,2026-02-01 12:04:28,small_pouch,4.99,350,0
TX000009370,166829,2026-02-01 12:43:45,vault,49.99,5000,0
TX000008609,168882,2026-02-01 12:50:00,large_chest,19.99,1800,0
TX000004420,158385,2026-02-01 13:00:17,large_chest,19.99,1800,0
TX000012218,132123,2026-02-01 13:43:55,large_chest,19.99,1800,0
TX000000131,123610,2026-02-01 14:17:46,large_chest,19.99,1800,0
TX000002348,129475,2026-02-01 14:37:00,large_chest,19.99,1800,0
TX000011636,126666,2026-02-01 14:39:03,large_chest,19.99,1800,0
TX000003734,134205,2026-02-01 14:44:35,small_pouch,4.99,350,0
TX000004059,180228,2026-02-01 15:05:29,starter_pouch,1.99,120,0
TX000013750,180163,2026-02-01 15:15:12,vault,49.99,5000,0
TX000003605,126846,2026-02-01 15:18:10,small_pouch,4.99,350,0
TX000011128,173711,2026-02-01 15:21:02,mega_vault,-99.99,-11000,0
TX000002130,158865,2026-02-01 15:40:15,large_chest,19.99,1800,0
TX000000018,167507,2026-02-01 16:32:00,medium_chest,9.99,800,0
TX000014224,164351,2026-02-01 16:44:31,starter_pouch,1.99,120,0
TX000004102,138753,2026-02-01 16:50:51,vault,49.99,5000,0
TX000011882,169989,2026-02-01 16:52:10,medium_chest,9.99,800,0
TX000001419,178326,2026-02-01 16:53:51,starter_pouch,1.99,120,0
TX000005670,107613,2026-02-01 16:54:58,small_pouch,4.99,350,0
TX000013331,119598,2026-02-01 17:00:32,medium_chest,9.99,800,0
TX000008258,113403,2026-02-01 17:10:45,small_pouch,4.99,350,0
TX000001571,134117,2026-02-01 17:32:04,small_pouch,4.99,350,0
TX000011933,161105,2026-02-01 17:35:57,large_chest,19.99,1800,0
TX000003479,148437,2026-02-01 17:41:29,starter_pouch,1.99,120,0
TX000015114,159050,2026-02-01 17:54:40,small_pouch,4.99,350,0
TX000006478,115009,2026-02-01 17:57:29,medium_chest,9.99,800,0
TX000001567,135204,2026-02-01 18:08:16,small_pouch,4.99,350,0
TX000010462,178400,2026-02-01 18:16:41,medium_chest,9.99,800,0
TX000005955,175282,2026-02-01 18:38:04,small_pouch,4.99,350,0
TX000011558,166349,2026-02-01 18:39:16,starter_pouch,1.99,120,0
TX000012102,169387,2026-02-01 18:43:57,large_chest,19.99,1800,0
TX000005109,121058,2026-02-01 18:47:23,starter_pouch,1.99,120,0
TX000009729,153543,2026-02-01 18:55:46,large_chest,19.99,1800,0
TX000014483,142840,2026-02-01 19:05:06,large_chest,19.99,1800,0
TX000005254,130690,2026-02-01 19:08:09,medium_chest,9.99,800,0
TX000001129,142752,2026-02-01 19:09:07,small_pouch,4.99,350,0
TX000004558,140355,2026-02-01 19:11:46,starter_pouch,1.99,120,0
TX000002449,156186,2026-02-01 19:16:14,medium_chest,9.99,800,0
TX000011981,103092,2026-02-01 19:16:36,medium_chest,9.99,800,0
TX000011520,170927,2026-02-01 19:23:07,starter_pouch,1.99,120,0
TX000004303,172545,2026-02-01 19:24:04,small_pouch,4.99,350,0
TX000000035,179180,2026-02-01 19:36:39,large_chest,19.99,1800,0
TX000008808,103702,2026-02-01 19:38:34,medium_chest,9.99,800,0
TX000014312,131300,2026-02-01 19:42:28,medium_chest,9.99,800,0
TX000007646,143735,2026-02-01 19:44:16,medium_chest,9.99,800,0
TX000001413,171543,2026-02-01 20:08:59,large_chest,19.99,1800,0
TX000010968,115797,2026-02-01 20:16:15,small_pouch,4.99,350,0
TX000010476,101189,2026-02-01 20:18:48,small_pouch,4.99,350,0
TX000005000,117888,2026-02-01 20:27:54,vault,49.99,5000,0
TX000012763,129249,2026-02-01 20:33:15,large_chest,19.99,1800,0
TX000003183,142007,2026-02-01 20:39:06,small_pouch,4.99,350,0
TX000009860,134669,2026-02-01 21:30:57,small_pouch,4.99,350,0
TX000000318,120177,2026-02-01 21:31:08,small_pouch,4.99,350,0
TX000010678,140527,2026-02-01 21:35:23,starter_pouch,1.99,120,0
TX000011268,152454,2026-02-01 21:37:22,starter_pouch,1.99,120,0
TX000007092,176311,2026-02-01 21:39:46,large_chest,19.99,1800,0
TX000004026,125756,2026-02-01 21:48:28,small_pouch,4.99,350,0
TX000008758,109967,2026-02-01 21:49:09,medium_chest,9.99,800,0
TX000013374,108035,2026-02-01 21:56:27,starter_pouch,1.99,120,0
TX000008205,119987,2026-02-01 21:57:11,small_pouch,4.99,350,0
TX000004520,111179,2026-02-01 22:18:05,medium_chest,9.99,800,0
TX000008026,168210,2026-02-01 23:08:58,medium_chest,9.99,800,0
TX000011584,148103,2026-02-01 23:22:57,medium_chest,9.99,800,0
TX000014991,102639,2026-02-01 23:48:10,starter_pouch,1.99,120,0
TX000010300,143693,2026-02-01 23:54:55,starter_pouch,1.99,120,0
TX000010979,128193,2026-02-01 23:59:56,small_pouch,4.99,350,0
TX000011638,161759,2026-02-01 23:59:56,starter_pouch,1.99,120,0
TX000001122,128186,2026-02-02 07:32:46,large_chest,19.99,1800,0
TX000010319,112386,2026-02-02 07:49:33,small_pouch,4.99,350,0
TX000005505,145638,2026-02-02 08:35:37,medium_chest,9.99,800,0
TX000008781,133763,2026-02-02 08:37:06,medium_chest,9.99,800,0
TX000003727,127177,2026-02-02 09:00:48,starter_pouch,1.99,120,0
TX000006455,153797,2026-02-02 09:29:54,small_pouch,4.99,350,0
TX000004020,113978,2026-02-02 09:38:58,small_pouch,4.99,350,0
TX000007855,165651,2026-02-02 10:04:29,large_chest,19.99,1800,0
TX000000225,132035,2026-02-02 10:09:28,small_pouch,4.99,350,0
TX000004824,153130,2026-02-02 10:25:54,starter_pouch,1.99,120,0
TX000011504,118093,2026-02-02 10:30:14,large_chest,19.99,1800,0
TX000008501,150845,2026-02-02 10:38:06,large_chest,19.99,1800,0
TX000006552,133318,2026-02-02 10:53:52,small_pouch,4.99,350,0
TX000006584,104347,2026-02-02 11:26:21,small_pouch,4.99,350,0
TX000003849,154704,2026-02-02 12:02:49,small_pouch,4.99,350,0
TX000003212,106351,2026-02-02 12:03:43,small_pouch,4.99,350,0
TX000003941,105719,2026-02-02 12:13:44,large_chest,19.99,1800,0
TX000014571,126690,2026-02-02 12:16:54,large_chest,19.99,1800,0
TX000014722,135584,2026-02-02 12:19:38,medium_chest,9.99,800,0
TX000002922,130769,2026-02-02 12:22:05,small_pouch,4.99,350,0
TX000010223,145200,2026-02-02 12:54:17,medium_chest,9.99,800,0
TX000015204,114237,2026-02-02 13:13:33,small_pouch,4.99,350,0
TX000013859,163994,2026-02-02 13:21:32,medium_chest,9.99,800,0
TX000000853,143252,2026-02-02 14:12:03,mega_vault,99.99,11000,0
TX000011571,155956,2026-02-02 14:37:51,starter_pouch,1.99,120,0
TX000009251,143402,2026-02-02 15:12:19,starter_pouch,1.99,120,0
TX000006266,142226,2026-02-02 15:29:03,starter_pouch,1.99,120,0
TX000008054,125263,2026-02-02 15:34:35,starter_pouch,1.99,120,0
TX000007309,150721,2026-02-02 15:41:46,small_pouch,4.99,350,0
TX000006655,174415,2026-02-02 15:47:51,starter_pouch,1.99,120,0
TX000008436,176499,2026-02-02 15:53:15,small_pouch,4.99,350,0
TX000004086,116328,2026-02-02 16:15:28,small_pouch,4.99,350,0
TX000008352,174942,2026-02-02 16:31:36,small_pouch,4.99,350,0
TX000010134,121041,2026-02-02 16:32:50,small_pouch,4.99,350,0
TX000001765,113571,2026-02-02 16:37:09,large_chest,19.99,1800,0
TX000012845,168775,2026-02-02 16:37:42,vault,49.99,5000,0
TX000003287,152891,2026-02-02 17:05:41,starter_pouch,1.99,120,0
TX000003357,140641,2026-02-02 17:09:48,small_pouch,4.99,350,0
TX000005161,172501,2026-02-02 17:16:26,small_pouch,4.99,350,0
TX000008635,160130,2026-02-02 17:19:28,starter_pouch,1.99,120,0
TX000003225,148692,2026-02-02 17:57:04,medium_chest,9.99,800,0
TX000012413,170852,2026-02-02 18:21:31,mega_vault,99.99,11000,0
TX000004522,152565,2026-02-02 18:22:08,starter_pouch,1.99,120,0
TX000009136,154288,2026-02-02 18:25:10,small_pouch,4.99,350,0
TX000001638,127486,2026-02-02 18:25:36,small_pouch,4.99,350,0
TX000003168,111575,2026-02-02 18:34:29,starter_pouch,1.99,120,0
TX000006790,113085,2026-02-02 18:40:37,medium_chest,9.99,800,0
TX000014932,161366,2026-02-02 18:57:04,starter_pouch,1.99,120,0
TX000000748,137250,2026-02-02 18:58:54,starter_pouch,1.99,120,0
TX000008330,170664,2026-02-02 19:09:11,small_pouch,4.99,350,0
TX000013993,115613,2026-02-02 19:21:15,small_pouch,4.99,350,0
TX000011938,163425,2026-02-02 19:32:26,large_chest,19.99,1800,0
TX000014338,105446,2026-02-02 19:38:36,starter_pouch,1.99,120,0
TX000013432,140345,2026-02-02 19:47:47,starter_pouch,1.99,120,0
TX000002888,156405,2026-02-02 19:52:28,starter_pouch,1.99,120,0
TX000011045,156085,2026-02-02 19:53:13,small_pouch,4.99,350,0
TX000014433,153713,2026-02-02 20:17:43,vault,49.99,5000,0
TX000013987,125822,2026-02-02 20:18:41,starter_pouch,1.99,120,0
TX000010505,150653,2026-02-02 20:23:05,small_pouch,4.99,350,0
TX000005418,170654,2026-02-02 20:30:39,medium_chest,9.99,800,0
TX000005499,177351,2026-02-02 20:35:10,starter_pouch,1.99,120,0
TX000010537,147685,2026-02-02 20:46:56,large_chest,19.99,1800,0
TX000002481,142829,2026-02-02 20:48:32,starter_pouch,1.99,120,0
TX000008294,139276,2026-02-02 20:52:47,vault,49.99,5000,0
TX000001566,132060,2026-02-02 20:56:24,medium_chest,9.99,800,0
TX000001846,125310,2026-02-02 21:00:53,starter_pouch,1.99,120,0
TX000013619,127463,2026-02-02 21:02:40,small_pouch,4.99,350,0
TX000014562,117368,2026-02-02 21:16:05,small_pouch,4.99,350,0
TX000012010,144566,2026-02-02 21:35:16,small_pouch,4.99,350,0
TX000013506,114599,2026-02-02 21:45:40,large_chest,19.99,1800,0
TX000011489,164221,2026-02-02 21:47:10,small_pouch,4.99,350,0
TX000007548,142333,2026-02-02 21:52:19,mega_vault,99.99,11000,0
TX000005230,147189,2026-02-02 21:53:41,small_pouch,4.99,350,0
TX000004529,151541,2026-02-02 22:14:45,small_pouch,4.99,350,0
TX000013220,172545,2026-02-02 22:17:02,mega_vault,99.99,11000,0
TX000005297,115278,2026-02-02 22:23:23,mega_vault,99.99,11000,0
TX000007318,147747,2026-02-02 22:54:22,starter_pouch,1.99,120,0
TX000012250,130086,2026-02-02 23:55:53,medium_chest,9.99,800,0
TX000014246,153218,2026-02-02 23:59:56,large_chest,19.99,1800,0
TX000005792,165496,2026-02-02 23:59:56,starter_pouch,1.99,120,0
TX000005646,135135,2026-02-02 23:59:56,starter_pouch,1.99,120,0
TX000003330,163302,2026-02-03 06:45:42,large_chest,19.99,1800,0
TX000012667,175261,2026-02-03 06:48:03,small_pouch,4.99,350,0
TX000001695,167560,2026-02-03 07:50:31,starter_pouch,1.99,120,0
TX000000472,121201,2026-02-03 11:11:05,starter_pouch,1.99,120,0
TX000002687,170754,2026-02-03 11:46:15,medium_chest,9.99,800,0
TX000014572,179063,2026-02-03 14:35:41,large_chest,19.99,1800,0
TX000007087,143982,2026-02-03 14:58:45,starter_pouch,1.99,120,0
TX000004976,109293,2026-02-03 14:59:17,starter_pouch,1.99,120,0
TX000004548,142752,2026-02-03 15:41:13,large_chest,19.99,1800,0
TX000006904,136376,2026-02-03 17:18:20,small_pouch,4.99,350,0
TX000014317,142925,2026-02-03 17:30:28,small_pouch,4.99,350,0
TX000013141,122110,2026-02-03 17:36:30,small_pouch,4.99,350,0
TX000009102,100047,2026-02-03 18:36:30,medium_chest,9.99,800,0
TX000004415,114293,2026-02-03 18:44:18,starter_pouch,1.99,120,0
TX000010670,157839,2026-02-03 18:50:38,small_pouch,-4.99,-350,0
TX000010413,140034,2026-02-03 19:38:14,starter_pouch,1.99,120,0
TX000004304,154710,2026-02-03 19:53:27,small_pouch,4.99,350,0
TX000009821,160451,2026-02-03 19:56:28,starter_pouch,1.99,120,0
TX000000887,132689,2026-02-03 20:01:08,small_pouch,4.99,350,0
TX000009482,139679,2026-02-03 20:06:07,medium_chest,9.99,800,0
TX000012986,111687,2026-02-03 20:21:29,vault,49.99,5000,0
TX000009741,127340,2026-02-03 20:35:58,medium_chest,9.99,800,0
TX000014196,150879,2026-02-03 20:39:53,small_pouch,4.99,350,0
TX000004793,168049,2026-02-03 21:29:03,large_chest,19.99,1800,0
TX000007942,168332,2026-02-03 21:49:59,large_chest,19.99,1800,0
TX000014188,122940,2026-02-03 21:52:39,small_pouch,4.99,350,0
TX000004736,111071,2026-02-03 22:04:18,starter_pouch,1.99,120,0
TX000006230,128770,2026-02-03 22:05:51,starter_pouch,1.99,120,0
TX000004716,163869,2026-02-03 22:41:21,starter_pouch,1.99,120,0
TX000011988,153042,2026-02-03 23:25:56,large_chest,19.99,1800,0
TX000002458,126909,2026-02-03 23:43:57,starter_pouch,1.99,120,0
TX000013165,129008,2026-02-04 07:04:55,small_pouch,4.99,350,0
TX000005145,161065,2026-02-04 07:35:51,vault,49.99,5000,0
TX000005095,104739,2026-02-04 08:52:19,medium_chest,9.99,800,0
TX000005068,147561,2026-02-04 09:08:19,medium_chest,9.99,800,0
TX000011647,108904,2026-02-04 09:15:09,medium_chest,9.99,800,0
TX000002811,122817,2026-02-04 11:27:32,vault,49.99,5000,0
TX000013678,114187,2026-02-04 12:24:06,large_chest,19.99,1800,0
TX000007251,140713,2026-02-04 12:44:23,large_chest,19.99,1800,0
TX000014842,156142,2026-02-04 13:31:30,mega_vault,99.99,11000,0
TX000009793,159906,2026-02-04 13:35:09,large_chest,19.99,1800,0
TX000011123,127279,2026-02-04 14:03:54,medium_chest,9.99,800,0
TX000013082,162056,2026-02-04 15:18:39,starter_pouch,1.99,120,0
TX000007199,180163,2026-02-04 15:52:32,starter_pouch,1.99,120,0
TX000007364,114899,2026-02-04 16:31:26,vault,49.99,5000,0
TX000014287,126400,2026-02-04 16:50:46,mega_vault,99.99,11000,0
TX000007330,143378,2026-02-04 17:01:04,large_chest,19.99,1800,0
TX000002301,178480,2026-02-04 17:14:05,vault,49.99,5000,0
TX000009436,172566,2026-02-04 17:22:17,medium_chest,9.99,800,0
TX000014241,177646,2026-02-04 17:37:47,starter_pouch,1.99,120,0
TX000003355,130169,2026-02-04 17:43:45,starter_pouch,1.99,120,0
TX000006934,162753,2026-02-04 17:50:05,large_chest,19.99,1800,0
TX000015276,153008,2026-02-04 17:52:44,small_pouch,4.99,350,0
TX000012193,126292,2026-02-04 18:02:36,large_chest,19.99,1800,0
TX000011345,157654,2026-02-04 18:16:08,starter_pouch,1.99,120,0
TX000010654,160130,2026-02-04 18:57:33,large_chest,19.99,1800,0
TX000010621,171977,2026-02-04 19:36:52,large_chest,19.99,1800,0
TX000012272,116632,2026-02-04 19:40:16,small_pouch,4.99,350,0
TX000007644,106534,2026-02-04 19:42:59,starter_pouch,1.99,120,0
TX000010858,154269,2026-02-04 19:43:12,small_pouch,4.99,350,0
TX000000761,136809,2026-02-04 20:08:41,starter_pouch,1.99,120,0
TX000001874,103956,2026-02-04 20:18:52,large_chest,19.99,1800,0
TX000009838,173554,2026-02-04 20:51:12,medium_chest,9.99,800,0
TX000014607,123954,2026-02-04 20:55:28,vault,49.99,5000,0
TX000004886,157344,2026-02-04 21:00:17,mega_vault,99.99,11000,0
TX000004394,141348,2026-02-04 21:04:12,medium_chest,9.99,800,0
TX000014612,167452,2026-02-04 21:08:06,mega_vault,99.99,11000,0
TX000014202,174703,2026-02-04 21:08:37,medium_chest,9.99,800,0
TX000004379,145441,2026-02-04 21:21:01,starter_pouch,1.99,120,0
TX000014768,112336,2026-02-04 21:24:47,large_chest,19.99,1800,0
TX000006673,114868,2026-02-04 21:29:14,starter_pouch,1.99,120,0
TX000005234,109367,2026-02-04 21:39:46,starter_pouch,1.99,120,0
TX000013173,171533,2026-02-04 21:39:47,medium_chest,9.99,800,0
TX000005356,113219,2026-02-04 21:50:56,medium_chest,9.99,800,0
TX000012825,129273,2026-02-04 22:01:10,starter_pouch,1.99,120,0
TX000006766,177759,2026-02-04 22:13:37,large_chest,19.99,1800,0
TX000008228,146238,2026-02-04 22:37:38,small_pouch,4.99,350,0
TX000000559,134669,2026-02-04 22:44:12,large_chest,19.99,1800,0
TX000003088,102361,2026-02-04 22:45:02,starter_pouch,1.99,120,0
TX000011787,178209,2026-02-04 23:59:56,small_pouch,4.99,350,0
TX000002889,176339,2026-02-04 23:59:56,large_chest,19.99,1800,0
TX000000813,136385,2026-02-05 06:14:01,starter_pouch,1.99,120,0
TX000012801,174323,2026-02-05 06:19:03,small_pouch,4.99,350,0
TX000009872,142476,2026-02-05 07:16:42,medium_chest,9.99,800,0
TX000008834,135437,2026-02-05 07:53:59,small_pouch,4.99,350,0
TX000009775,120935,2026-02-05 11:11:21,small_pouch,4.99,350,0
TX000009851,178869,2026-02-05 11:15:13,starter_pouch,1.99,120,0
TX000002474,116350,2026-02-05 12:31:26,starter_pouch,1.99,120,0
TX000000831,115004,2026-02-05 13:39:12,medium_chest,9.99,800,0
TX000015220,158702,2026-02-05 14:05:52,small_pouch,4.99,350,0
TX000004484,110255,2026-02-05 14:35:53,large_chest,19.99,1800,0
TX000005470,146367,2026-02-05 14:40:09,small_pouch,4.99,350,0
TX000000793,117016,2026-02-05 15:11:19,large_chest,19.99,1800,0
TX000003693,133297,2026-02-05 15:14:54,starter_pouch,1.99,120,0
TX000001903,128787,2026-02-05 15:32:28,small_pouch,4.99,350,0
TX000006311,145312,2026-02-05 16:43:48,large_chest,19.99,1800,0
TX000011326,130218,2026-02-05 16:54:10,small_pouch,4.99,350,0
TX000005115,144403,2026-02-05 17:00:27,starter_pouch,1.99,120,0
TX000004274,164745,2026-02-05 17:10:50,medium_chest,9.99,800,0
TX000004373,109833,2026-02-05 17:16:32,vault,49.99,5000,0
TX000012270,119553,2026-02-05 17:48:26,starter_pouch,1.99,120,0
TX000006651,173668,2026-02-05 18:24:08,large_chest,19.99,1800,0
TX000002305,164648,2026-02-05 18:46:44,large_chest,19.99,1800,0
TX000014268,128462,2026-02-05 19:19:10,medium_chest,9.99,800,0
TX000007311,140706,2026-02-05 20:11:24,medium_chest,9.99,800,0
TX000008565,166805,2026-02-05 20:13:44,medium_chest,9.99,800,0
TX000013155,130577,2026-02-05 20:24:08,starter_pouch,1.99,120,0
TX000009266,179176,2026-02-05 20:29:34,starter_pouch,1.99,120,0
TX000006954,150633,2026-02-05 20:42:26,large_chest,19.99,1800,0
TX000012545,166567,2026-02-05 21:51:43,vault,49.99,5000,0
TX000009781,101235,2026-02-05 22:46:33,large_chest,19.99,1800,0
TX000007806,117192,2026-02-05 22:56:06,medium_chest,9.99,800,0
TX000004222,110184,2026-02-06 06:04:13,starter_pouch,1.99,120,0
TX000011298,144392,2026-02-06 06:48:48,medium_chest,9.99,800,0
TX000011661,157554,2026-02-06 07:23:15,small_pouch,4.99,350,0
TX000010029,145887,2026-02-06 07:58:28,starter_pouch,1.99,120,0
TX000008142,134414,2026-02-06 08:01:46,starter_pouch,1.99,120,0
TX000009661,163869,2026-02-06 08:51:04,medium_chest,9.99,800,0
TX000007227,162126,2026-02-06 08:55:02,starter_pouch,1.99,120,0
TX000005369,102461,2026-02-06 09:51:13,starter_pouch,1.99,120,0
TX000002319,164497,2026-02-06 12:58:18,vault,49.99,5000,0
TX000005074,168696,2026-02-06 14:34:21,small_pouch,4.99,350,0
TX000008904,156056,2026-02-06 14:41:01,medium_chest,9.99,800,0
TX000007523,154346,2026-02-06 14:42:46,small_pouch,4.99,350,0
TX000011426,169408,2026-02-06 14:47:04,starter_pouch,1.99,120,0
TX000004270,178454,2026-02-06 14:49:58,starter_pouch,1.99,120,0
TX000009238,109059,2026-02-06 15:16:09,medium_chest,9.99,800,0
TX000005209,134664,2026-02-06 15:25:27,starter_pouch,1.99,120,0
TX000008878,177426,2026-02-06 16:23:15,starter_pouch,1.99,120,0
TX000011767,173714,2026-02-06 16:43:31,small_pouch,4.99,350,0
TX000011696,170754,2026-02-06 16:55:55,medium_chest,9.99,800,0
TX000001348,118109,2026-02-06 17:16:38,medium_chest,9.99,800,0
TX000007037,141974,2026-02-06 17:38:37,starter_pouch,1.99,120,0
TX000013218,157197,2026-02-06 17:47:28,medium_chest,9.99,800,0
TX000014027,155205,2026-02-06 17:51:35,small_pouch,4.99,350,0
TX000006409,128334,2026-02-06 17:54:22,small_pouch,4.99,350,0
TX000011767,173714,2026-02-06 18:16:11,small_pouch,4.99,350,0
TX000003114,140458,2026-02-06 18:38:20,medium_chest,9.99,800,0
TX000011800,118877,2026-02-06 18:38:26,starter_pouch,1.99,120,0
TX000012636,171948,2026-02-06 18:47:31,starter_pouch,1.99,120,0
TX000001124,167829,2026-02-06 18:55:09,medium_chest,9.99,800,0
TX000008085,113621,2026-02-06 19:06:48,medium_chest,9.99,800,0
TX000003488,151000,2026-02-06 19:18:06,small_pouch,4.99,350,0
TX000008034,164678,2026-02-06 19:21:07,medium_chest,9.99,800,0
TX000015148,127008,2026-02-06 19:31:47,small_pouch,4.99,350,0
TX000002720,107418,2026-02-06 19:52:54,medium_chest,9.99,800,0
TX000000594,108646,2026-02-06 20:12:04,small_pouch,4.99,350,0
TX000000737,167453,2026-02-06 20:57:31,starter_pouch,1.99,120,0
TX000007456,166786,2026-02-06 20:58:12,large_chest,19.99,1800,0
TX000008490,176168,2026-02-06 21:05:37,vault,49.99,5000,0
TX000003409,160304,2026-02-06 21:40:28,small_pouch,4.99,350,0
TX000003736,125058,2026-02-06 21:44:41,vault,49.99,5000,0
TX000014989,153491,2026-02-06 22:12:34,large_chest,19.99,1800,0
TX000006639,157334,2026-02-06 23:08:44,vault,49.99,5000,0
TX000005389,147342,2026-02-06 23:53:35,large_chest,19.99,1800,0
TX000012635,118961,2026-02-06 23:59:56,medium_chest,9.99,800,0
TX000000620,166970,2026-02-06 23:59:56,medium_chest,9.99,800,0
TX000000970,131096,2026-02-06 23:59:56,large_chest,19.99,1800,0
TX000002053,174170,2026-02-06 23:59:56,large_chest,19.99,1800,0
TX000000270,116509,2026-02-07 06:04:16,medium_chest,9.99,800,1
TX000013121,104753,2026-02-07 06:04:23,medium_chest,9.99,800,1
TX000005948,113637,2026-02-07 06:27:52,vault,49.99,5000,1
TX000014080,131096,2026-02-07 06:53:55,small_pouch,4.99,350,1
TX000006287,141473,2026-02-07 06:56:23,small_pouch,4.99,350,1
TX000007962,170415,2026-02-07 06:58:28,medium_chest,9.99,800,1
TX000012604,173604,2026-02-07 07:14:09,large_chest,19.99,1800,1
TX000005219,168993,2026-02-07 07:16:37,small_pouch,4.99,350,1
TX000013018,169020,2026-02-07 07:21:47,vault,49.99,5000,1
TX000014772,160351,2026-02-07 07:26:31,vault,49.99,5000,1
TX000006731,119175,2026-02-07 07:29:49,medium_chest,9.99,800,1
TX000005793,159209,2026-02-07 07:37:22,starter_pouch,1.99,120,1
TX000009229,160149,2026-02-07 07:39:04,vault,49.99,5000,1
TX000005333,103389,2026-02-07 07:39:06,small_pouch,4.99,350,1
TX000003635,165132,2026-02-07 07:52:26,starter_pouch,1.99,120,1
TX000007742,170334,2026-02-07 07:53:01,starter_pouch,1.99,120,1
TX000004227,113444,2026-02-07 08:00:15,small_pouch,4.99,350,1
TX000004781,161697,2026-02-07 08:04:31,small_pouch,4.99,350,1
TX000000267,109853,2026-02-07 08:10:12,starter_pouch,1.99,120,1
TX000010879,159921,2026-02-07 08:22:42,starter_pouch,1.99,120,1
TX000012161,102349,2026-02-07 08:36:33,starter_pouch,1.99,120,1
TX000015106,171631,2026-02-07 08:58:22,vault,49.99,5000,1
TX000015087,121532,2026-02-07 08:58:33,starter_pouch,1.99,120,1
TX000011408,101091,2026-02-07 09:05:10,vault,49.99,5000,1
TX000014147,124127,2026-02-07 09:13:08,small_pouch,4.99,350,1
TX000015140,132557,2026-02-07 09:27:20,medium_chest,9.99,800,1
TX000014656,155064,2026-02-07 09:30:44,small_pouch,4.99,350,1
TX000012717,146611,2026-02-07 09:34:30,mega_vault,99.99,11000,1
TX000013047,115496,2026-02-07 09:41:44,starter_pouch,1.99,120,1
TX000002074,114619,2026-02-07 09:55:10,large_chest,19.99,1800,1
TX000010516,126705,2026-02-07 10:03:35,starter_pouch,1.99,120,1
TX000015020,118197,2026-02-07 10:04:22,mega_vault,99.99,11000,1
TX000001186,132623,2026-02-07 10:07:19,large_chest,19.99,1800,1
TX000005469,113073,2026-02-07 10:07:33,medium_chest,9.99,800,1
TX000000720,109346,2026-02-07 10:08:44,medium_chest,9.99,800,1
TX000013656,109747,2026-02-07 10:16:45,mega_vault,99.99,11000,1
TX000004664,115307,2026-02-07 10:21:18,starter_pouch,1.99,120,1
TX000013706,139102,2026-02-07 10:29:48,starter_pouch,1.99,120,1
TX000007634,147987,2026-02-07 10:34:36,large_chest,19.99,1800,1
TX000014912,140324,2026-02-07 10:48:21,small_pouch,4.99,350,1
TX000005030,114069,2026-02-07 10:50:30,medium_chest,9.99,800,1
TX000008693,141847,2026-02-07 10:55:31,small_pouch,4.99,350,1
TX000006730,169509,2026-02-07 10:58:45,large_chest,19.99,1800,1
TX000007172,170250,2026-02-07 10:59:50,small_pouch,4.99,350,1
TX000015190,144684,2026-02-07 11:01:41,medium_chest,9.99,800,1
TX000006788,170414,2026-02-07 11:17:42,medium_chest,9.99,800,1
TX000003275,111748,2026-02-07 11:25:28,medium_chest,9.99,800,1
TX000007337,122234,2026-02-07 11:38:31,vault,49.99,5000,1
TX000003535,106659,2026-02-07 11:40:17,mega_vault,99.99,11000,1
TX000008560,120275,2026-02-07 11:48:10,large_chest,19.99,1800,1
TX000002324,167911,2026-02-07 11:50:07,large_chest,19.99,1800,1
TX000014884,137085,2026-02-07 11:51:25,small_pouch,4.99,350,1
TX000006168,171212,2026-02-07 11:53:45,medium_chest,9.99,800,1
TX000011940,125078,2026-02-07 11:58:06,medium_chest,9.99,800,1
TX000000604,161322,2026-02-07 12:00:51,medium_chest,9.99,800,1
TX000002303,153522,2026-02-07 12:01:24,medium_chest,9.99,800,1
TX000010147,100125,2026-02-07 12:07:17,starter_pouch,1.99,120,1
TX000014022,117133,2026-02-07 12:35:44,mega_vault,99.99,11000,1
TX000004590,156833,2026-02-07 12:42:07,small_pouch,4.99,350,1
TX000012052,105787,2026-02-07 12:44:01,starter_pouch,1.99,120,1
TX000011842,125263,2026-02-07 12:49:14,starter_pouch,1.99,120,1
TX000013058,116039,2026-02-07 13:01:59,starter_pouch,1.99,120,1
TX000000584,172773,2026-02-07 13:11:22,medium_chest,9.99,800,1
TX000008223,121550,2026-02-07 13:34:30,medium_chest,9.99,800,1
TX000000016,141989,2026-02-07 13:36:00,medium_chest,9.99,800,1
TX000004425,175430,2026-02-07 13:38:06,vault,49.99,5000,1
TX000012586,159091,2026-02-07 13:56:49,medium_chest,9.99,800,1
TX000010216,164272,2026-02-07 14:06:37,starter_pouch,1.99,120,1
TX000010102,156971,2026-02-07 14:09:20,small_pouch,4.99,350,1
TX000003958,176752,2026-02-07 14:09:53,large_chest,19.99,1800,1
TX000013513,111072,2026-02-07 14:10:13,small_pouch,4.99,350,1
TX000013555,156311,2026-02-07 14:12:14,small_pouch,4.99,350,1
TX000001253,132532,2026-02-07 14:14:17,medium_chest,9.99,800,1
TX000003217,112423,2026-02-07 14:18:28,medium_chest,9.99,800,1
TX000001923,103092,2026-02-07 14:19:40,large_chest,19.99,1800,1
TX000006430,121025,2026-02-07 14:30:29,small_pouch,4.99,350,1
TX000012142,160733,2026-02-07 14:37:44,small_pouch,4.99,350,1
TX000013171,142864,2026-02-07 14:39:51,medium_chest,9.99,800,1
TX000004743,157066,2026-02-07 14:45:04,starter_pouch,1.99,120,1
TX000001338,158865,2026-02-07 14:59:06,vault,49.99,5000,1
TX000002244,144603,2026-02-07 15:19:01,small_pouch,4.99,350,1
TX000003004,111541,2026-02-07 15:22:39,small_pouch,4.99,350,1
TX000009351,178400,2026-02-07 15:25:08,starter_pouch,1.99,120,1
TX000004369,120043,2026-02-07 15:34:25,large_chest,19.99,1800,1
TX000000602,112724,2026-02-07 15:39:12,small_pouch,4.99,350,1
TX000009036,144661,2026-02-07 15:40:39,starter_pouch,1.99,120,1
TX000012487,172294,2026-02-07 15:48:26,medium_chest,9.99,800,1
TX000006907,145714,2026-02-07 15:52:51,medium_chest,9.99,800,1
TX000002991,177168,2026-02-07 16:02:56,large_chest,19.99,1800,1
TX000003215,107382,2026-02-07 16:05:02,starter_pouch,1.99,120,1
TX000003017,147039,2026-02-07 16:09:33,large_chest,19.99,1800,1
TX000000764,162173,2026-02-07 16:10:02,small_pouch,4.99,350,1
TX000006721,101860,2026-02-07 16:11:44,small_pouch,4.99,350,1
TX000014867,135577,2026-02-07 16:14:40,small_pouch,4.99,350,1
TX000012229,135042,2026-02-07 16:16:39,mega_vault,99.99,11000,1
TX000012137,130915,2026-02-07 16:16:48,small_pouch,4.99,350,1
TX000005492,133318,2026-02-07 16:20:39,starter_pouch,1.99,120,1
TX000014794,149290,2026-02-07 16:20:53,small_pouch,4.99,350,1
TX000009560,151060,2026-02-07 16:22:29,large_chest,19.99,1800,1
TX000004299,158402,2026-02-07 16:23:23,large_chest,19.99,1800,1
TX000014337,146023,2026-02-07 16:28:45,medium_chest,9.99,800,1
TX000006922,115174,2026-02-07 16:35:44,medium_chest,9.99,800,1
TX000006320,117886,2026-02-07 16:49:54,small_pouch,4.99,350,1
TX000007650,169340,2026-02-07 16:51:26,medium_chest,9.99,800,1
TX000001294,152177,2026-02-07 16:53:21,large_chest,19.99,1800,1
TX000009089,112417,2026-02-07 17:00:07,vault,49.99,5000,1
TX000005415,162542,2026-02-07 17:01:42,starter_pouch,1.99,120,1
TX000009699,137806,2026-02-07 17:06:17,large_chest,19.99,1800,1
TX000003062,174541,2026-02-07 17:06:26,vault,49.99,5000,1
TX000004043,111789,2026-02-07 17:09:46,large_chest,19.99,1800,1
TX000004616,156726,2026-02-07 17:10:10,medium_chest,9.99,800,1
TX000006362,177281,2026-02-07 17:14:16,medium_chest,9.99,800,1
TX000001936,126415,2026-02-07 17:14:30,medium_chest,9.99,800,1
TX000008410,106979,2026-02-07 17:17:19,medium_chest,9.99,800,1
TX000008595,105800,2026-02-07 17:19:50,vault,49.99,5000,1
TX000013758,139006,2026-02-07 17:22:52,large_chest,19.99,1800,1
TX000003817,153468,2026-02-07 17:25:28,starter_pouch,1.99,120,1
TX000008982,115312,2026-02-07 17:26:20,small_pouch,4.99,350,1
TX000009454,107403,2026-02-07 17:30:36,starter_pouch,1.99,120,1
TX000002345,130798,2026-02-07 17:32:18,vault,49.99,5000,1
TX000006380,142068,2026-02-07 17:37:39,starter_pouch,1.99,120,1
TX000006200,156843,2026-02-07 17:38:22,starter_pouch,1.99,120,1
TX000011740,119968,2026-02-07 17:39:14,medium_chest,9.99,800,1
TX000007581,179927,2026-02-07 17:42:35,starter_pouch,1.99,120,1
TX000010594,150706,2026-02-07 17:43:17,small_pouch,4.99,350,1
TX000001657,168740,2026-02-07 17:44:51,medium_chest,9.99,800,1
TX000007981,136046,2026-02-07 17:49:29,mega_vault,99.99,11000,1
TX000011573,136875,2026-02-07 17:50:47,vault,49.99,5000,1
TX000005987,152596,2026-02-07 17:51:10,medium_chest,9.99,800,1
TX000002178,137669,2026-02-07 17:54:20,small_pouch,4.99,350,1
TX000001701,100138,2026-02-07 17:54:58,medium_chest,9.99,800,1
TX000000523,154809,2026-02-07 17:56:21,starter_pouch,1.99,120,1
TX000001711,102642,2026-02-07 18:00:37,small_pouch,4.99,350,1
TX000010849,128877,2026-02-07 18:03:13,mega_vault,99.99,11000,1
TX000004750,119231,2026-02-07 18:04:21,small_pouch,4.99,350,1
TX000007393,171658,2026-02-07 18:09:46,small_pouch,4.99,350,1
TX000008720,180193,2026-02-07 18:09:46,vault,49.99,5000,1
TX000009850,165746,2026-02-07 18:10:21,starter_pouch,1.99,120,1
TX000015173,165048,2026-02-07 18:12:52,large_chest,19.99,1800,1
TX000013981,157093,2026-02-07 18:17:09,starter_pouch,1.99,120,1
TX000011061,101498,2026-02-07 18:18:43,small_pouch,4.99,350,1
TX000014384,100966,2026-02-07 18:19:38,small_pouch,4.99,350,1
TX000011001,174703,2026-02-07 18:23:44,small_pouch,4.99,350,1
TX000009597,100553,2026-02-07 18:28:58,large_chest,19.99,1800,1
TX000008002,119987,2026-02-07 18:31:45,small_pouch,4.99,350,1
TX000001823,108257,2026-02-07 18:32:26,vault,49.99,5000,1
TX000004186,166027,2026-02-07 18:36:15,starter_pouch,1.99,120,1
TX000010270,120457,2026-02-07 18:37:33,medium_chest,9.99,800,1
TX000004510,127763,2026-02-07 18:42:53,medium_chest,9.99,800,1
TX000003504,133561,2026-02-07 18:43:35,medium_chest,9.99,800,1
TX000002990,154066,2026-02-07 18:45:00,large_chest,19.99,1800,1
TX000012405,127340,2026-02-07 18:48:04,medium_chest,-9.99,-800,0
TX000002469,155833,2026-02-07 18:48:25,small_pouch,4.99,350,1
TX000000157,178044,2026-02-07 18:49:18,large_chest,19.99,1800,1
TX000014908,176821,2026-02-07 18:50:57,medium_chest,9.99,800,1
TX000002349,133653,2026-02-07 18:51:56,vault,49.99,5000,1
TX000002409,175171,2026-02-07 18:53:38,starter_pouch,1.99,120,1
TX000009101,166095,2026-02-07 18:55:20,starter_pouch,1.99,120,1
TX000012043,112146,2026-02-07 18:55:47,large_chest,19.99,1800,1
TX000010433,170610,2026-02-07 19:02:09,large_chest,19.99,1800,1
TX000006551,170326,2026-02-07 19:04:13,vault,49.99,5000,1
TX000008679,171202,2026-02-07 19:05:06,large_chest,19.99,1800,1
TX000012263,164221,2026-02-07 19:06:08,medium_chest,9.99,800,1
TX000012929,175971,2026-02-07 19:06:56,small_pouch,4.99,350,1
TX000012098,147417,2026-02-07 19:10:40,vault,49.99,5000,1
TX000011952,155486,2026-02-07 19:12:01,starter_pouch,1.99,120,1
TX000000764,162173,2026-02-07 19:12:28,small_pouch,4.99,350,1
TX000014663,109696,2026-02-07 19:13:09,vault,49.99,5000,1
TX000000930,110635,2026-02-07 19:13:30,small_pouch,4.99,350,1
TX000014118,163197,2026-02-07 19:14:41,small_pouch,4.99,350,1
TX000005472,131096,2026-02-07 19:16:24,medium_chest,9.99,800,1
TX000010821,154108,2026-02-07 19:19:17,large_chest,19.99,1800,1
TX000013583,149557,2026-02-07 19:19:23,small_pouch,4.99,350,1
TX000014026,142130,2026-02-07 19:19:30,starter_pouch,1.99,120,1
TX000001289,159540,2026-02-07 19:21:22,medium_chest,9.99,800,1
TX000010532,138532,2026-02-07 19:23:58,large_chest,19.99,1800,1
TX000007328,139006,2026-02-07 19:28:15,large_chest,19.99,1800,1
TX000007310,142962,2026-02-07 19:31:55,starter_pouch,1.99,120,1
TX000001556,119648,2026-02-07 19:33:11,starter_pouch,1.99,120,1
TX000013356,139593,2026-02-07 19:34:52,small_pouch,4.99,350,1
TX000009119,155214,2026-02-07 19:39:10,small_pouch,4.99,350,1
TX000007963,131102,2026-02-07 19:42:06,medium_chest,9.99,800,1
TX000012620,177137,2026-02-07 19:43:46,starter_pouch,1.99,120,1
TX000013278,149202,2026-02-07 19:45:53,medium_chest,9.99,800,1
TX000007768,121532,2026-02-07 19:46:32,starter_pouch,1.99,120,1
TX000005483,112224,2026-02-07 19:47:23,small_pouch,4.99,350,1
TX000000194,142217,2026-02-07 19:48:42,large_chest,19.99,1800,1
TX000010809,133220,2026-02-07 19:50:15,starter_pouch,1.99,120,1
TX000006284,118657,2026-02-07 19:52:25,starter_pouch,1.99,120,1
TX000006415,173711,2026-02-07 19:55:29,large_chest,19.99,1800,1
TX000011984,131450,2026-02-07 19:55:50,small_pouch,4.99,350,1
TX000002966,163614,2026-02-07 19:56:10,medium_chest,9.99,800,1
TX000004196,142217,2026-02-07 19:56:36,starter_pouch,1.99,120,1
TX000001063,102437,2026-02-07 19:56:49,medium_chest,9.99,800,1
TX000004982,100408,2026-02-07 19:57:10,starter_pouch,1.99,120,1
TX000014535,147823,2026-02-07 20:01:00,small_pouch,4.99,350,1
TX000014951,138744,2026-02-07 20:01:17,medium_chest,9.99,800,1
TX000007234,134026,2026-02-07 20:06:17,large_chest,19.99,1800,1
TX000002360,153130,2026-02-07 20:08:37,medium_chest,9.99,800,1
TX000006668,161123,2026-02-07 20:09:34,small_pouch,4.99,350,1
TX000011845,109162,2026-02-07 20:10:43,small_pouch,4.99,350,1
TX000003609,144659,2026-02-07 20:11:11,starter_pouch,1.99,120,1
TX000000137,161577,2026-02-07 20:13:22,medium_chest,9.99,800,1
TX000010342,116198,2026-02-07 20:14:21,mega_vault,99.99,11000,1
TX000007659,153194,2026-02-07 20:15:01,starter_pouch,1.99,120,1
TX000009695,125369,2026-02-07 20:15:16,vault,49.99,5000,1
TX000009366,107790,2026-02-07 20:18:30,small_pouch,4.99,350,1
TX000008079,116519,2026-02-07 20:18:36,starter_pouch,1.99,120,1
TX000014020,176970,2026-02-07 20:20:15,large_chest,19.99,1800,1
TX000006026,164768,2026-02-07 20:20:37,small_pouch,4.99,350,1
TX000007053,131799,2026-02-07 20:25:13,starter_pouch,1.99,120,1
TX000010486,165595,2026-02-07 20:27:55,small_pouch,4.99,350,1
TX000004521,113637,2026-02-07 20:33:14,medium_chest,9.99,800,1
TX000009033,173383,2026-02-07 20:36:27,large_chest,19.99,1800,1
TX000006025,125229,2026-02-07 20:37:36,starter_pouch,1.99,120,1
TX000002417,143926,2026-02-07 20:40:36,mega_vault,99.99,11000,1
TX000013905,158301,2026-02-07 20:40:42,medium_chest,9.99,800,1
TX000012773,127128,2026-02-07 20:41:47,small_pouch,4.99,350,1
TX000001038,118346,2026-02-07 20:47:11,small_pouch,4.99,350,1
TX000014099,173024,2026-02-07 20:47:17,starter_pouch,1.99,120,1
TX000011115,149260,2026-02-07 20:47:26,medium_chest,9.99,800,1
TX000015066,162546,2026-02-07 20:51:06,medium_chest,9.99,800,1
TX000005291,171001,2026-02-07 20:52:15,starter_pouch,1.99,120,1
TX000008575,100906,2026-02-07 20:52:49,medium_chest,9.99,800,1
TX000000854,172938,2026-02-07 20:54:18,large_chest,19.99,1800,1
TX000010453,140315,2026-02-07 20:56:15,medium_chest,9.99,800,1
TX000012494,164224,2026-02-07 21:01:18,vault,49.99,5000,1
TX000012652,157148,2026-02-07 21:02:00,large_chest,19.99,1800,1
TX000012886,140114,2026-02-07 21:03:17,medium_chest,9.99,800,1
TX000013301,153042,2026-02-07 21:04:02,medium_chest,9.99,800,1
TX000004257,170133,2026-02-07 21:04:59,starter_pouch,1.99,120,1
TX000014037,119841,2026-02-07 21:09:57,small_pouch,4.99,350,1
TX000007198,106987,2026-02-07 21:11:06,medium_chest,9.99,800,1
TX000012997,119374,2026-02-07 21:18:54,mega_vault,99.99,11000,1
TX000007560,132537,2026-02-07 21:22:11,starter_pouch,1.99,120,1
TX000010280,124115,2026-02-07 21:24:40,small_pouch,4.99,350,1
TX000000381,117809,2026-02-07 21:30:38,small_pouch,4.99,350,1
TX000013121,104753,2026-02-07 21:32:49,medium_chest,9.99,800,1
TX000007288,170118,2026-02-07 21:34:43,small_pouch,4.99,350,1
TX000011576,175792,2026-02-07 21:36:28,large_chest,19.99,1800,1
TX000015034,159253,2026-02-07 21:36:51,starter_pouch,1.99,120,1
TX000014273,128610,2026-02-07 21:38:47,starter_pouch,1.99,120,1
TX000001958,131072,2026-02-07 21:38:57,starter_pouch,1.99,120,1
TX000001688,126799,2026-02-07 21:39:43,small_pouch,4.99,350,1
TX000005024,166807,2026-02-07 21:42:31,large_chest,19.99,1800,1
TX000007283,141944,2026-02-07 21:42:58,medium_chest,9.99,800,1
TX000000461,101308,2026-02-07 21:51:25,small_pouch,4.99,350,1
TX000006427,178020,2026-02-07 21:54:31,starter_pouch,1.99,120,1
TX000007896,147039,2026-02-07 21:55:26,mega_vault,99.99,11000,1
TX000008083,117437,2026-02-07 21:59:19,vault,49.99,5000,1
TX000007179,143248,2026-02-07 22:08:38,medium_chest,9.99,800,1
TX000008052,117835,2026-02-07 22:09:34,vault,49.99,5000,1
TX000014698,107164,2026-02-07 22:15:24,starter_pouch,1.99,120,1
TX000000823,112576,2026-02-07 22:35:37,starter_pouch,1.99,120,1
TX000013030,113951,2026-02-07 22:35:51,small_pouch,4.99,350,1
TX000009719,101042,2026-02-07 22:36:51,starter_pouch,1.99,120,1
TX000010571,143852,2026-02-07 22:38:11,starter_pouch,1.99,120,1
TX000009437,178991,2026-02-07 22:51:21,starter_pouch,1.99,120,1
TX000000199,168463,2026-02-07 22:51:49,medium_chest,9.99,800,1
TX000001987,119817,2026-02-07 23:00:18,medium_chest,9.99,800,1
TX000002548,104625,2026-02-07 23:13:19,starter_pouch,1.99,120,1
TX000000052,109592,2026-02-07 23:14:02,medium_chest,9.99,800,1
TX000014396,114296,2026-02-07 23:14:54,starter_pouch,1.99,120,1
TX000010518,118755,2026-02-07 23:16:34,starter_pouch,1.99,120,1
TX000008700,152331,2026-02-07 23:16:48,starter_pouch,1.99,120,1
TX000011644,129723,2026-02-07 23:21:24,medium_chest,9.99,800,1
TX000002372,172829,2026-02-07 23:21:41,large_chest,19.99,1800,1
TX000006537,116977,2026-02-07 23:22:23,large_chest,19.99,1800,1
TX000009737,117868,2026-02-07 23:28:03,medium_chest,9.99,800,1
TX000009607,153063,2026-02-07 23:30:04,medium_chest,9.99,800,1
TX000013200,131005,2026-02-07 23:59:56,small_pouch,4.99,350,1
TX000007302,131176,2026-02-07 23:59:56,small_pouch,4.99,350,1
TX000003408,140605,2026-02-07 23:59:56,starter_pouch,1.99,120,1
TX000013796,117396,2026-02-07 23:59:56,medium_chest,9.99,800,1
TX000006484,119031,2026-02-07 23:59:56,large_chest,19.99,1800,1
TX000015060,145615,2026-02-07 23:59:56,mega_vault,99.99,11000,1
TX000010290,177197,2026-02-08 06:00:52,medium_chest,9.99,800,1
TX000003832,113450,2026-02-08 06:01:55,small_pouch,4.99,350,1
TX000009455,104764,2026-02-08 06:04:56,small_pouch,4.99,350,1
TX000003796,113430,2026-02-08 06:16:34,starter_pouch,1.99,120,1
TX000004847,143093,2026-02-08 06:17:22,starter_pouch,1.99,120,1
TX000002297,152660,2026-02-08 06:48:54,starter_pouch,1.99,120,1
TX000001021,143348,2026-02-08 06:51:07,starter_pouch,1.99,120,1
TX000002466,163869,2026-02-08 06:52:55,small_pouch,4.99,350,1
TX000012063,152201,2026-02-08 06:56:21,small_pouch,4.99,350,1
TX000010755,116085,2026-02-08 06:56:44,starter_pouch,1.99,120,1
TX000003369,119968,2026-02-08 07:00:52,starter_pouch,1.99,120,1
TX000011141,150070,2026-02-08 07:12:21,vault,49.99,5000,1
TX000006160,133344,2026-02-08 07:13:24,starter_pouch,1.99,120,1
TX000003870,171925,2026-02-08 07:19:11,starter_pouch,1.99,120,1
TX000006115,140363,2026-02-08 07:22:57,medium_chest,9.99,800,1
TX000005717,142315,2026-02-08 07:29:37,large_chest,19.99,1800,1
TX000006423,173034,2026-02-08 07:30:48,medium_chest,9.99,800,1
TX000003053,169911,2026-02-08 07:37:03,large_chest,19.99,1800,1
TX000003652,112017,2026-02-08 07:59:20,medium_chest,9.99,800,1
TX000006980,138059,2026-02-08 08:02:29,small_pouch,4.99,350,1
TX000000713,119531,2026-02-08 08:17:19,medium_chest,9.99,800,1
TX000003420,139856,2026-02-08 08:18:59,medium_chest,9.99,800,1
TX000005275,142321,2026-02-08 08:39:02,starter_pouch,1.99,120,1
TX000013939,119175,2026-02-08 08:47:33,starter_pouch,1.99,120,1
TX000003323,108727,2026-02-08 08:52:12,small_pouch,4.99,350,1
TX000008927,106187,2026-02-08 08:58:16,small_pouch,4.99,350,1
TX000009909,134130,2026-02-08 08:58:52,small_pouch,4.99,350,1
TX000001906,142720,2026-02-08 08:59:46,small_pouch,4.99,350,1
TX000014382,169503,2026-02-08 09:05:11,small_pouch,4.99,350,1
TX000011928,103984,2026-02-08 09:07:32,large_chest,19.99,1800,1
TX000004253,149489,2026-02-08 09:11:31,starter_pouch,1.99,120,1
TX000005843,163018,2026-02-08 09:25:26,small_pouch,4.99,350,1
TX000001007,153574,2026-02-08 09:25:31,medium_chest,9.99,800,1
TX000006275,179213,2026-02-08 09:27:20,starter_pouch,1.99,120,1
TX000014009,128519,2026-02-08 09:27:47,small_pouch,4.99,350,1
TX000002821,162200,2026-02-08 09:59:51,medium_chest,9.99,800,1
TX000002323,167884,2026-02-08 10:17:32,large_chest,19.99,1800,1
TX000006143,119744,2026-02-08 10:22:12,small_pouch,4.99,350,1
TX000011126,112487,2026-02-08 10:26:44,vault,49.99,5000,1
TX000012032,138873,2026-02-08 10:27:00,starter_pouch,1.99,120,1
TX000012093,130172,2026-02-08 10:37:58,small_pouch,4.99,350,1
TX000005610,137110,2026-02-08 10:45:04,starter_pouch,1.99,120,1
TX000002298,168689,2026-02-08 10:50:27,large_chest,19.99,1800,1
TX000014189,100595,2026-02-08 11:00:10,small_pouch,4.99,350,1
TX000011029,135913,2026-02-08 11:07:08,medium_chest,9.99,800,1
TX000015001,160559,2026-02-08 11:12:59,small_pouch,4.99,350,1
TX000006429,129035,2026-02-08 11:18:33,vault,49.99,5000,1
TX000010403,159274,2026-02-08 11:26:09,small_pouch,4.99,350,1
TX000001327,149630,2026-02-08 11:34:50,starter_pouch,1.99,120,1
TX000002527,145482,2026-02-08 11:43:22,small_pouch,4.99,350,1
TX000012101,157372,2026-02-08 11:49:32,small_pouch,4.99,350,1
TX000009172,155705,2026-02-08 11:58:12,small_pouch,4.99,350,1
TX000002696,171746,2026-02-08 12:02:18,large_chest,19.99,1800,1
TX000007509,179232,2026-02-08 12:06:13,large_chest,19.99,1800,1
TX000012521,156186,2026-02-08 12:07:53,small_pouch,4.99,350,1
TX000006852,120913,2026-02-08 12:12:25,starter_pouch,1.99,120,1
TX000009813,139931,2026-02-08 12:16:10,starter_pouch,1.99,120,1
TX000007798,149310,2026-02-08 12:23:26,mega_vault,99.99,11000,1
TX000005995,107681,2026-02-08 12:23:35,vault,49.99,5000,1
TX000000553,169813,2026-02-08 12:24:36,medium_chest,9.99,800,1
TX000006192,152428,2026-02-08 12:33:20,mega_vault,99.99,11000,1
TX000007512,103443,2026-02-08 12:38:48,large_chest,19.99,1800,1
TX000000581,149629,2026-02-08 12:40:39,mega_vault,99.99,11000,1
TX000002652,142913,2026-02-08 12:43:21,starter_pouch,1.99,120,1
TX000010077,127082,2026-02-08 12:50:09,small_pouch,4.99,350,1
TX000003570,163955,2026-02-08 12:50:16,medium_chest,9.99,800,1
TX000007797,165938,2026-02-08 12:53:36,mega_vault,99.99,11000,1
TX000008029,133610,2026-02-08 12:55:13,medium_chest,9.99,800,1
TX000003008,174806,2026-02-08 13:07:35,starter_pouch,1.99,120,1
TX000006343,131680,2026-02-08 13:11:15,large_chest,19.99,1800,1
TX000002337,128623,2026-02-08 13:14:52,vault,49.99,5000,1
TX000009063,157895,2026-02-08 13:16:06,vault,49.99,5000,1
TX000002951,163052,2026-02-08 13:21:05,small_pouch,4.99,350,1
TX000008221,162966,2026-02-08 13:23:07,medium_chest,9.99,800,1
TX000010252,119080,2026-02-08 13:28:29,large_chest,19.99,1800,1
TX000005798,111511,2026-02-08 13:29:14,large_chest,19.99,1800,1
TX000006861,145821,2026-02-08 13:31:28,large_chest,19.99,1800,1
TX000008814,173383,2026-02-08 13:31:41,starter_pouch,1.99,120,1
TX000007828,150853,2026-02-08 13:39:30,large_chest,19.99,1800,1
TX000002932,115099,2026-02-08 13:40:13,small_pouch,4.99,350,1
TX000014166,119868,2026-02-08 13:40:13,large_chest,19.99,1800,1
TX000008416,138962,2026-02-08 13:40:18,small_pouch,4.99,350,1
TX000006377,164629,2026-02-08 13:46:20,large_chest,19.99,1800,1
TX000012484,117068,2026-02-08 14:04:24,small_pouch,4.99,350,1
TX000014704,180221,2026-02-08 14:09:58,small_pouch,4.99,350,1
TX000005402,156468,2026-02-08 14:12:27,starter_pouch,1.99,120,1
TX000010867,126439,2026-02-08 14:12:47,small_pouch,4.99,350,1
TX000005377,149729,2026-02-08 14:19:04,starter_pouch,1.99,120,1
TX000010140,145025,2026-02-08 14:31:52,starter_pouch,1.99,120,1
TX000000874,176722,2026-02-08 14:39:22,medium_chest,9.99,800,1
TX000012520,145129,2026-02-08 14:50:52,starter_pouch,1.99,120,1
TX000007273,150437,2026-02-08 15:00:28,small_pouch,4.99,350,1
TX000005983,112544,2026-02-08 15:01:01,medium_chest,9.99,800,1
TX000010888,136355,2026-02-08 15:12:43,starter_pouch,1.99,120,1
TX000012335,114652,2026-02-08 15:28:43,large_chest,19.99,1800,1
TX000005542,115560,2026-02-08 15:35:52,large_chest,19.99,1800,1
TX000005597,141801,2026-02-08 15:39:50,medium_chest,9.99,800,1
TX000012647,110504,2026-02-08 15:43:53,vault,49.99,5000,1
TX000000519,136718,2026-02-08 15:46:29,vault,49.99,5000,1
TX000009777,172186,2026-02-08 15:51:04,vault,49.99,5000,1
TX000001346,170084,2026-02-08 15:53:00,small_pouch,4.99,350,1
TX000003974,103840,2026-02-08 15:58:15,vault,49.99,5000,1
TX000011559,131032,2026-02-08 16:02:45,medium_chest,9.99,800,1
TX000013222,127669,2026-02-08 16:13:44,large_chest,19.99,1800,1
TX000008837,109456,2026-02-08 16:16:10,starter_pouch,1.99,120,1
TX000013153,169057,2026-02-08 16:21:40,large_chest,19.99,1800,1
TX000006593,156293,2026-02-08 16:22:29,small_pouch,4.99,350,1
TX000013392,128766,2026-02-08 16:29:40,starter_pouch,1.99,120,1
TX000008419,106075,2026-02-08 16:32:12,small_pouch,4.99,350,1
TX000003716,161412,2026-02-08 16:33:19,medium_chest,9.99,800,1
TX000008932,152451,2026-02-08 16:35:13,large_chest,19.99,1800,1
TX000010952,153116,2026-02-08 16:40:28,starter_pouch,1.99,120,1
TX000014229,126083,2026-02-08 16:44:22,medium_chest,9.99,800,1
TX000013595,127802,2026-02-08 16:44:33,starter_pouch,1.99,120,1
TX000006650,103721,2026-02-08 17:00:32,medium_chest,9.99,800,1
TX000003521,122530,2026-02-08 17:09:50,medium_chest,9.99,800,1
TX000004715,158675,2026-02-08 17:11:24,medium_chest,9.99,800,1
TX000010202,134170,2026-02-08 17:15:48,vault,49.99,5000,1
TX000000083,149224,2026-02-08 17:16:51,starter_pouch,1.99,120,1
TX000012128,107935,2026-02-08 17:18:41,vault,49.99,5000,1
TX000012863,158575,2026-02-08 17:22:20,vault,49.99,5000,1
TX000002959,119029,2026-02-08 17:22:57,large_chest,19.99,1800,1
TX000002737,123286,2026-02-08 17:23:52,large_chest,19.99,1800,1
TX000008160,172067,2026-02-08 17:25:28,vault,49.99,5000,1
TX000010930,102247,2026-02-08 17:26:19,small_pouch,4.99,350,1
TX000010739,153556,2026-02-08 17:26:19,small_pouch,4.99,350,1
TX000006166,144331,2026-02-08 17:26:55,starter_pouch,1.99,120,1
TX000003894,103139,2026-02-08 17:29:47,small_pouch,4.99,350,1
TX000009818,121566,2026-02-08 17:30:28,large_chest,19.99,1800,1
TX000013343,145742,2026-02-08 17:33:53,starter_pouch,1.99,120,1
TX000001819,132124,2026-02-08 17:35:02,vault,49.99,5000,1
TX000009656,120217,2026-02-08 17:36:10,medium_chest,9.99,800,1
TX000008243,176646,2026-02-08 17:38:46,large_chest,19.99,1800,1
TX000002546,135135,2026-02-08 17:39:36,starter_pouch,-1.99,-120,0
TX000007491,147300,2026-02-08 17:42:33,large_chest,19.99,1800,1
TX000008539,166612,2026-02-08 17:44:26,small_pouch,4.99,350,1
TX000005695,109696,2026-02-08 17:44:32,small_pouch,4.99,350,1
TX000011957,165208,2026-02-08 17:47:51,vault,49.99,5000,1
TX000005631,132613,2026-02-08 17:48:27,small_pouch,4.99,350,1
TX000012118,166502,2026-02-08 17:49:39,vault,49.99,5000,1
TX000003142,159590,2026-02-08 17:51:11,starter_pouch,1.99,120,1
TX000004117,133406,2026-02-08 17:59:07,starter_pouch,1.99,120,1
TX000006016,172859,2026-02-08 17:59:29,starter_pouch,1.99,120,1
TX000001463,166143,2026-02-08 17:59:56,starter_pouch,1.99,120,1
TX000006280,148616,2026-02-08 18:01:19,small_pouch,4.99,350,1
TX000006201,138640,2026-02-08 18:01:45,starter_pouch,1.99,120,1
TX000010798,163375,2026-02-08 18:07:30,small_pouch,4.99,350,1
TX000008404,142176,2026-02-08 18:08:29,starter_pouch,1.99,120,1
TX000002662,128982,2026-02-08 18:09:59,starter_pouch,1.99,120,1
TX000014753,144376,2026-02-08 18:11:01,starter_pouch,1.99,120,1
TX000012977,144800,2026-02-08 18:11:11,starter_pouch,1.99,120,1
TX000009046,145956,2026-02-08 18:14:32,small_pouch,4.99,350,1
TX000005016,175402,2026-02-08 18:15:04,starter_pouch,1.99,120,1
TX000001372,112874,2026-02-08 18:17:27,medium_chest,9.99,800,1
TX000009052,146613,2026-02-08 18:18:20,large_chest,19.99,1800,1
TX000002958,107200,2026-02-08 18:24:20,small_pouch,4.99,350,1
TX000014723,179849,2026-02-08 18:29:26,starter_pouch,1.99,120,1
TX000015089,102739,2026-02-08 18:31:20,starter_pouch,1.99,120,1
TX000003303,130978,2026-02-08 18:36:55,starter_pouch,1.99,120,1
TX000003177,148689,2026-02-08 18:37:01,vault,49.99,5000,1
TX000013888,173056,2026-02-08 18:41:13,mega_vault,99.99,11000,1
TX000001845,150729,2026-02-08 18:42:09,medium_chest,9.99,800,1
TX000009730,165350,2026-02-08 18:42:28,vault,49.99,5000,1
TX000008828,159611,2026-02-08 18:49:15,large_chest,19.99,1800,1
TX000010344,149600,2026-02-08 18:56:35,vault,49.99,5000,1
TX000002261,158892,2026-02-08 18:57:05,large_chest,19.99,1800,1
TX000005001,174435,2026-02-08 19:00:03,medium_chest,9.99,800,1
TX000014849,117014,2026-02-08 19:03:34,starter_pouch,1.99,120,1
TX000013127,114991,2026-02-08 19:06:04,small_pouch,4.99,350,1
TX000001505,147897,2026-02-08 19:07:41,starter_pouch,1.99,120,1
TX000004532,166889,2026-02-08 19:09:45,starter_pouch,1.99,120,1
TX000004152,149140,2026-02-08 19:12:25,medium_chest,9.99,800,1
TX000009441,120388,2026-02-08 19:14:16,small_pouch,4.99,350,1
TX000003592,116436,2026-02-08 19:15:15,vault,49.99,5000,1
TX000006743,109738,2026-02-08 19:18:29,small_pouch,4.99,350,1
TX000000818,151214,2026-02-08 19:20:11,large_chest,19.99,1800,1
TX000010555,165870,2026-02-08 19:20:42,starter_pouch,1.99,120,1
TX000011539,104609,2026-02-08 19:22:07,medium_chest,9.99,800,1
TX000004124,123619,2026-02-08 19:22:21,medium_chest,9.99,800,1
TX000010668,141081,2026-02-08 19:23:03,medium_chest,9.99,800,1
TX000006039,119175,2026-02-08 19:24:21,small_pouch,4.99,350,1
TX000009983,124906,2026-02-08 19:27:24,small_pouch,4.99,350,1
TX000002098,119880,2026-02-08 19:29:16,starter_pouch,1.99,120,1
TX000004571,126560,2026-02-08 19:31:56,small_pouch,4.99,350,1
TX000009867,150110,2026-02-08 19:32:07,starter_pouch,1.99,120,1
TX000003619,131977,2026-02-08 19:32:35,large_chest,19.99,1800,1
TX000009077,101383,2026-02-08 19:32:48,starter_pouch,1.99,120,1
TX000003970,157897,2026-02-08 19:35:49,small_pouch,4.99,350,1
TX000006301,109577,2026-02-08 19:36:30,medium_chest,9.99,800,1
TX000000627,147330,2026-02-08 19:37:58,starter_pouch,1.99,120,1
TX000000562,164907,2026-02-08 19:44:48,small_pouch,4.99,350,1
TX000010218,112719,2026-02-08 19:45:35,large_chest,19.99,1800,1
TX000003607,113088,2026-02-08 19:46:37,starter_pouch,1.99,120,1
TX000009292,114941,2026-02-08 19:51:32,medium_chest,9.99,800,1
TX000001359,101773,2026-02-08 19:52:57,large_chest,19.99,1800,1
TX000000839,166973,2026-02-08 19:57:03,small_pouch,4.99,350,1
TX000000452,130754,2026-02-08 20:00:00,small_pouch,4.99,350,1
TX000011260,103336,2026-02-08 20:00:17,vault,49.99,5000,1
TX000008862,135471,2026-02-08 20:03:24,medium_chest,9.99,800,1
TX000009430,175413,2026-02-08 20:11:37,mega_vault,99.99,11000,1
TX000011311,143348,2026-02-08 20:11:54,medium_chest,9.99,800,1
TX000004790,175878,2026-02-08 20:13:20,vault,49.99,5000,1
TX000009898,173420,2026-02-08 20:13:53,mega_vault,99.99,11000,1
TX000007627,158285,2026-02-08 20:17:09,starter_pouch,1.99,120,1
TX000009712,175616,2026-02-08 20:24:10,small_pouch,4.99,350,1
TX000001791,108708,2026-02-08 20:25:04,vault,49.99,5000,1
TX000007385,162976,2026-02-08 20:26:17,medium_chest,9.99,800,1
TX000002038,155254,2026-02-08 20:32:54,small_pouch,4.99,350,1
TX000001957,173926,2026-02-08 20:36:16,small_pouch,4.99,350,1
TX000014981,144346,2026-02-08 20:39:02,starter_pouch,1.99,120,1
TX000014043,148337,2026-02-08 20:39:19,starter_pouch,1.99,120,1
TX000009108,116028,2026-02-08 20:40:20,medium_chest,9.99,800,1
TX000010123,175282,2026-02-08 20:42:32,medium_chest,9.99,800,1
TX000003802,100502,2026-02-08 20:43:01,starter_pouch,1.99,120,1
TX000003938,177795,2026-02-08 20:43:09,starter_pouch,1.99,120,1
TX000011049,116350,2026-02-08 20:43:36,small_pouch,4.99,350,1
TX000012179,113656,2026-02-08 20:46:59,small_pouch,4.99,350,1
TX000009862,126246,2026-02-08 20:55:22,medium_chest,9.99,800,1
TX000008162,165942,2026-02-08 20:58:24,mega_vault,99.99,11000,1
TX000014980,148788,2026-02-08 20:59:48,medium_chest,9.99,800,1
TX000004200,166529,2026-02-08 21:00:15,starter_pouch,1.99,120,1
TX000003101,165529,2026-02-08 21:01:16,vault,49.99,5000,1
TX000009676,106510,2026-02-08 21:08:25,medium_chest,9.99,800,1
TX000004419,173878,2026-02-08 21:08:43,small_pouch,4.99,350,1
TX000000497,174292,2026-02-08 21:12:32,large_chest,19.99,1800,1
TX000011777,103090,2026-02-08 21:13:34,small_pouch,4.99,350,1
TX000010980,174652,2026-02-08 21:13:52,starter_pouch,1.99,120,1
TX000013076,154830,2026-02-08 21:13:55,vault,49.99,5000,1
TX000003398,125302,2026-02-08 21:14:25,medium_chest,9.99,800,1
TX000003368,153130,2026-02-08 21:15:31,mega_vault,99.99,11000,1
TX000008041,156361,2026-02-08 21:15:51,vault,49.99,5000,1
TX000001489,176381,2026-02-08 21:16:35,starter_pouch,1.99,120,1
TX000003924,102350,2026-02-08 21:16:55,medium_chest,9.99,800,1
TX000003542,121870,2026-02-08 21:21:26,small_pouch,4.99,350,1
TX000005076,173900,2026-02-08 21:21:55,large_chest,19.99,1800,1
TX000009457,121257,2026-02-08 21:23:22,small_pouch,4.99,350,1
TX000014893,159296,2026-02-08 21:25:40,small_pouch,4.99,350,1
TX000014129,167911,2026-02-08 21:29:55,mega_vault,99.99,11000,1
TX000005845,127437,2026-02-08 21:30:17,small_pouch,4.99,350,1
TX000009647,126895,2026-02-08 21:30:26,medium_chest,9.99,800,1
TX000002964,176779,2026-02-08 21:31:35,medium_chest,9.99,800,1
TX000004265,157423,2026-02-08 21:34:22,vault,49.99,5000,1
TX000001570,148039,2026-02-08 21:38:13,small_pouch,4.99,350,1
TX000003242,146100,2026-02-08 21:40:03,large_chest,19.99,1800,1
TX000001404,119669,2026-02-08 21:42:43,small_pouch,4.99,350,1
TX000007733,155664,2026-02-08 21:48:10,large_chest,19.99,1800,1
TX000000319,137287,2026-02-08 21:48:14,starter_pouch,1.99,120,1
TX000008357,134705,2026-02-08 21:57:23,starter_pouch,1.99,120,1
TX000013353,151700,2026-02-08 21:57:29,medium_chest,9.99,800,1
TX000004157,114100,2026-02-08 22:04:49,starter_pouch,1.99,120,1
TX000014050,139197,2026-02-08 22:06:27,medium_chest,9.99,800,1
TX000005526,100396,2026-02-08 22:11:21,mega_vault,99.99,11000,1
TX000003560,162883,2026-02-08 22:11:56,starter_pouch,1.99,120,1
TX000000810,153745,2026-02-08 22:15:47,small_pouch,4.99,350,1
TX000007706,107880,2026-02-08 22:16:19,small_pouch,4.99,350,1
TX000006224,155447,2026-02-08 22:18:37,large_chest,19.99,1800,1
TX000004310,170593,2026-02-08 22:20:17,mega_vault,99.99,11000,1
TX000002361,167339,2026-02-08 22:24:25,small_pouch,4.99,350,1
TX000010838,151060,2026-02-08 22:26:33,starter_pouch,1.99,120,1
TX000000300,142327,2026-02-08 22:29:52,medium_chest,9.99,800,1
TX000010920,129092,2026-02-08 22:36:37,medium_chest,9.99,800,1
TX000005029,153521,2026-02-08 22:43:19,starter_pouch,1.99,120,1
TX000000775,138018,2026-02-08 22:44:52,small_pouch,4.99,350,1
TX000003907,114567,2026-02-08 22:44:58,starter_pouch,1.99,120,1
TX000006256,155795,2026-02-08 22:52:36,starter_pouch,1.99,120,1
TX000013916,113450,2026-02-08 22:55:29,medium_chest,9.99,800,1
TX000005328,145785,2026-02-08 22:58:41,small_pouch,4.99,350,1
TX000003598,144334,2026-02-08 23:00:10,large_chest,19.99,1800,1
TX000000941,138576,2026-02-08 23:05:08,starter_pouch,1.99,120,1
TX000006356,161783,2026-02-08 23:11:52,starter_pouch,1.99,120,1
TX000011729,120562,2026-02-08 23:17:24,small_pouch,4.99,350,1
TX000006932,106507,2026-02-08 23:53:30,small_pouch,4.99,350,1
TX000010352,148653,2026-02-08 23:56:36,starter_pouch,1.99,120,1
TX000004591,141506,2026-02-08 23:59:56,small_pouch,4.99,350,1
TX000000392,135269,2026-02-08 23:59:56,large_chest,19.99,1800,1
TX000009250,102497,2026-02-08 23:59:56,small_pouch,4.99,350,1
TX000004922,173295,2026-02-09 06:17:54,medium_chest,9.99,800,0
TX000014349,110522,2026-02-09 06:22:32,large_chest,19.99,1800,0
TX000012889,123336,2026-02-09 06:56:14,small_pouch,4.99,350,0
TX000001745,157093,2026-02-09 07:34:41,large_chest,19.99,1800,0
TX000008010,131405,2026-02-09 09:17:20,medium_chest,9.99,800,0
TX000003940,167430,2026-02-09 10:12:00,mega_vault,99.99,11000,0
TX000015252,125955,2026-02-09 10:41:20,small_pouch,4.99,350,0
TX000012046,168567,2026-02-09 10:43:09,large_chest,19.99,1800,0
TX000013130,124821,2026-02-09 10:54:57,small_pouch,4.99,350,0
TX000013239,102441,2026-02-09 12:06:59,small_pouch,4.99,350,0
TX000009901,148257,2026-02-09 12:14:07,small_pouch,4.99,350,0
TX000012689,140261,2026-02-09 12:50:04,small_pouch,4.99,350,0
TX000003111,144731,2026-02-09 12:53:47,starter_pouch,1.99,120,0
TX000014583,176477,2026-02-09 13:27:26,medium_chest,9.99,800,0
TX000014209,171675,2026-02-09 13:45:13,mega_vault,99.99,11000,0
TX000015201,135154,2026-02-09 14:29:17,small_pouch,4.99,350,0
TX000010037,176285,2026-02-09 14:36:18,medium_chest,9.99,800,0
TX000011848,139861,2026-02-09 14:54:57,starter_pouch,1.99,120,0
TX000008747,149916,2026-02-09 15:02:48,small_pouch,4.99,350,0
TX000012772,124717,2026-02-09 15:35:21,large_chest,19.99,1800,0
TX000005769,125062,2026-02-09 15:42:58,small_pouch,4.99,350,0
TX000012887,118163,2026-02-09 16:16:46,vault,49.99,5000,0
TX000010151,167084,2026-02-09 16:35:03,medium_chest,9.99,800,0
TX000006336,173710,2026-02-09 16:46:18,small_pouch,4.99,350,0
TX000014940,149224,2026-02-09 17:04:05,starter_pouch,1.99,120,0
TX000014847,106390,2026-02-09 17:15:01,large_chest,19.99,1800,0
TX000011317,170290,2026-02-09 17:17:03,small_pouch,4.99,350,0
TX000013264,129501,2026-02-09 17:19:33,large_chest,19.99,1800,0
TX000010082,155360,2026-02-09 17:22:19,starter_pouch,1.99,120,0
TX000004331,100501,2026-02-09 17:32:50,medium_chest,9.99,800,0
TX000011637,172537,2026-02-09 17:47:46,large_chest,19.99,1800,0
TX000008135,163869,2026-02-09 17:59:39,large_chest,19.99,1800,0
TX000003318,153574,2026-02-09 18:39:09,small_pouch,4.99,350,0
TX000000670,147417,2026-02-09 18:43:52,large_chest,19.99,1800,0
TX000007885,118926,2026-02-09 18:45:10,starter_pouch,1.99,120,0
TX000012411,173775,2026-02-09 18:51:58,vault,49.99,5000,0
TX000002641,180163,2026-02-09 18:56:31,starter_pouch,1.99,120,0
TX000009766,107132,2026-02-09 18:56:48,starter_pouch,1.99,120,0
TX000008402,128475,2026-02-09 18:58:36,large_chest,19.99,1800,0
TX000006390,142672,2026-02-09 19:01:25,small_pouch,4.99,350,0
TX000000245,110614,2026-02-09 19:16:41,mega_vault,99.99,11000,0
TX000011670,144021,2026-02-09 19:23:28,starter_pouch,1.99,120,0
TX000001500,117415,2026-02-09 19:54:22,small_pouch,4.99,350,0
TX000005677,169230,2026-02-09 20:08:36,small_pouch,4.99,350,0
TX000006679,116141,2026-02-09 20:10:22,mega_vault,99.99,11000,0
TX000004944,178171,2026-02-09 20:18:44,starter_pouch,1.99,120,0
TX000012213,143635,2026-02-09 20:30:27,starter_pouch,1.99,120,0
TX000001811,120597,2026-02-09 20:31:54,small_pouch,4.99,350,0
TX000005710,133320,2026-02-09 20:32:37,small_pouch,4.99,350,0
TX000008365,142787,2026-02-09 20:32:53,large_chest,19.99,1800,0
TX000005137,139259,2026-02-09 20:41:21,medium_chest,9.99,800,0
TX000004168,165160,2026-02-09 20:58:58,small_pouch,4.99,350,0
TX000008667,130609,2026-02-09 21:02:11,medium_chest,9.99,800,0
TX000013402,107538,2026-02-09 21:16:14,starter_pouch,1.99,120,0
TX000000872,158651,2026-02-09 21:32:11,medium_chest,9.99,800,0
TX000003023,178336,2026-02-09 21:34:29,vault,49.99,5000,0
TX000014432,122567,2026-02-09 21:42:21,medium_chest,9.99,800,0
TX000008514,115555,2026-02-09 21:55:13,vault,49.99,5000,0
TX000014853,156720,2026-02-09 22:06:54,vault,49.99,5000,0
TX000012962,116048,2026-02-09 22:31:06,small_pouch,4.99,350,0
TX000008536,161917,2026-02-09 22:39:32,small_pouch,4.99,350,0
TX000000656,129533,2026-02-09 23:16:22,starter_pouch,1.99,120,0
TX000012548,102503,2026-02-09 23:59:56,large_chest,19.99,1800,0
TX000009629,112763,2026-02-09 23:59:56,vault,49.99,5000,0
TX000004635,138642,2026-02-09 23:59:56,starter_pouch,1.99,120,0
TX000010386,160125,2026-02-10 06:09:29,small_pouch,4.99,350,0
TX000003948,138289,2026-02-10 06:11:28,vault,49.99,5000,0
TX000012755,159801,2026-02-10 07:10:53,medium_chest,9.99,800,0
TX000007741,114814,2026-02-10 07:18:16,starter_pouch,1.99,120,0
TX000009599,149310,2026-02-10 07:29:24,vault,49.99,5000,0
TX000014167,169541,2026-02-10 09:04:48,medium_chest,9.99,800,0
TX000004348,143785,2026-02-10 10:22:31,medium_chest,9.99,800,0
TX000013815,131071,2026-02-10 11:10:24,medium_chest,9.99,800,0
TX000009342,134759,2026-02-10 11:16:17,medium_chest,9.99,800,0
TX000006113,145821,2026-02-10 11:17:20,medium_chest,9.99,800,0
TX000010190,149619,2026-02-10 11:37:14,starter_pouch,1.99,120,0
TX000013266,136552,2026-02-10 12:00:47,starter_pouch,1.99,120,0
TX000015282,129035,2026-02-10 12:55:36,vault,-49.99,-5000,1
TX000014412,140595,2026-02-10 14:25:06,small_pouch,4.99,350,0
TX000001387,117309,2026-02-10 14:26:17,starter_pouch,1.99,120,0
TX000002439,134501,2026-02-10 14:42:19,small_pouch,4.99,350,0
TX000004320,120978,2026-02-10 15:03:46,medium_chest,9.99,800,0
TX000014054,132335,2026-02-10 15:28:45,medium_chest,9.99,800,0
TX000011686,125058,2026-02-10 16:09:20,medium_chest,9.99,800,0
TX000006014,150778,2026-02-10 16:18:05,medium_chest,9.99,800,0
TX000011461,103744,2026-02-10 16:37:47,medium_chest,9.99,800,0
TX000011031,169989,2026-02-10 16:49:13,medium_chest,9.99,800,0
TX000012747,139936,2026-02-10 16:53:18,starter_pouch,1.99,120,0
TX000006147,161529,2026-02-10 17:06:06,starter_pouch,1.99,120,0
TX000000999,126154,2026-02-10 18:03:20,medium_chest,9.99,800,0
TX000014031,120481,2026-02-10 18:04:44,starter_pouch,1.99,120,0
TX000008263,138924,2026-02-10 18:05:56,large_chest,19.99,1800,0
TX000005105,107107,2026-02-10 18:57:01,medium_chest,9.99,800,0
TX000012050,165249,2026-02-10 19:09:41,small_pouch,4.99,350,0
TX000000262,142048,2026-02-10 19:09:51,starter_pouch,1.99,120,0
TX000004870,138640,2026-02-10 19:14:39,starter_pouch,-1.99,-120,1
TX000010155,164023,2026-02-10 19:17:46,large_chest,19.99,1800,0
TX000004951,114330,2026-02-10 19:30:56,mega_vault,99.99,11000,0
TX000013620,153824,2026-02-10 19:39:54,small_pouch,4.99,350,0
TX000013969,123372,2026-02-10 19:41:21,small_pouch,4.99,350,0
TX000009164,160570,2026-02-10 20:05:11,large_chest,19.99,1800,0
TX000014401,176456,2026-02-10 20:13:26,large_chest,19.99,1800,0
TX000009954,155023,2026-02-10 20:21:34,mega_vault,99.99,11000,0
TX000010301,112136,2026-02-10 20:34:17,medium_chest,9.99,800,0
TX000005727,162119,2026-02-10 20:46:18,medium_chest,9.99,800,0
TX000014958,166627,2026-02-10 20:48:26,vault,49.99,5000,0
TX000012472,116003,2026-02-10 21:02:30,small_pouch,4.99,350,0
TX000011107,117199,2026-02-10 22:03:48,large_chest,19.99,1800,0
TX000012057,166236,2026-02-10 22:11:47,medium_chest,9.99,800,0
TX000009606,103504,2026-02-10 22:34:02,small_pouch,4.99,350,0
TX000001154,153375,2026-02-10 22:35:22,mega_vault,99.99,11000,0
TX000008708,177012,2026-02-10 23:13:45,medium_chest,9.99,800,0
TX000006592,112607,2026-02-10 23:14:36,medium_chest,9.99,800,0
TX000001423,154817,2026-02-10 23:18:15,starter_pouch,1.99,120,0
TX000001535,171819,2026-02-10 23:46:01,medium_chest,9.99,800,0
TX000005543,164932,2026-02-10 23:55:56,vault,49.99,5000,0
TX000010304,116288,2026-02-10 23:59:56,medium_chest,9.99,800,0
TX000003458,103763,2026-02-10 23:59:56,small_pouch,4.99,350,0
TX000003470,127885,2026-02-11 06:45:13,starter_pouch,1.99,120,0
TX000000612,147050,2026-02-11 06:54:57,starter_pouch,1.99,120,0
TX000013572,142873,2026-02-11 07:16:49,small_pouch,4.99,350,0
TX000003877,150977,2026-02-11 07:20:55,large_chest,19.99,1800,0
TX000010100,119427,2026-02-11 07:55:56,medium_chest,9.99,800,0
TX000001922,149422,2026-02-11 08:50:40,starter_pouch,1.99,120,0
TX000001867,169964,2026-02-11 09:45:18,large_chest,19.99,1800,0
TX000015231,162471,2026-02-11 10:31:44,small_pouch,4.99,350,0
TX000010504,172545,2026-02-11 10:32:13,medium_chest,9.99,800,0
TX000014819,124489,2026-02-11 11:00:31,starter_pouch,1.99,120,0
TX000001274,175365,2026-02-11 11:12:26,small_pouch,4.99,350,0
TX000004118,124153,2026-02-11 11:56:32,small_pouch,4.99,350,0
TX000005256,140079,2026-02-11 12:03:00,starter_pouch,1.99,120,0
TX000000420,162309,2026-02-11 12:57:24,small_pouch,4.99,350,0
TX000014665,157334,2026-02-11 13:12:45,starter_pouch,1.99,120,0
TX000003960,121216,2026-02-11 13:20:04,medium_chest,9.99,800,0
TX000001008,128770,2026-02-11 15:08:21,small_pouch,4.99,350,0
TX000015101,115257,2026-02-11 15:20:57,starter_pouch,1.99,120,0
TX000014095,130656,2026-02-11 15:58:05,medium_chest,9.99,800,0
TX000006685,176456,2026-02-11 16:14:41,vault,49.99,5000,0
TX000006252,135987,2026-02-11 16:28:44,medium_chest,9.99,800,0
TX000010034,150574,2026-02-11 16:37:56,starter_pouch,1.99,120,0
TX000011021,138530,2026-02-11 16:39:38,medium_chest,9.99,800,0
TX000002681,174093,2026-02-11 16:44:41,medium_chest,9.99,800,0
TX000011147,148103,2026-02-11 16:50:16,large_chest,19.99,1800,0
TX000005771,111066,2026-02-11 16:50:36,vault,49.99,5000,0
TX000001140,127164,2026-02-11 17:12:26,small_pouch,4.99,350,0
TX000002147,150437,2026-02-11 17:19:20,medium_chest,9.99,800,0
TX000013112,104390,2026-02-11 17:23:25,small_pouch,4.99,350,0
TX000009956,136647,2026-02-11 17:31:16,small_pouch,4.99,350,0
TX000011946,132227,2026-02-11 17:43:01,small_pouch,4.99,350,0
TX000006300,123644,2026-02-11 17:58:51,large_chest,19.99,1800,0
TX000009152,106134,2026-02-11 18:02:05,small_pouch,4.99,350,0
TX000007912,117395,2026-02-11 18:48:57,small_pouch,4.99,350,0
TX000005497,132776,2026-02-11 19:00:07,vault,49.99,5000,0
TX000014661,122724,2026-02-11 19:06:31,large_chest,19.99,1800,0
TX000002543,171286,2026-02-11 19:15:26,small_pouch,4.99,350,0
TX000003375,180277,2026-02-11 19:26:17,medium_chest,9.99,800,0
TX000006681,128329,2026-02-11 19:35:19,small_pouch,4.99,350,0
TX000012514,114894,2026-02-11 19:44:49,starter_pouch,1.99,120,0
TX000010297,119531,2026-02-11 19:48:41,medium_chest,-9.99,-800,1
TX000014746,156944,2026-02-11 19:54:03,medium_chest,9.99,800,0
TX000014896,159915,2026-02-11 20:01:21,medium_chest,9.99,800,0
TX000006355,172503,2026-02-11 20:17:19,large_chest,19.99,1800,0
TX000011995,109547,2026-02-11 20:20:22,vault,49.99,5000,0
TX000008138,119868,2026-02-11 20:31:41,large_chest,19.99,1800,0
TX000014254,180112,2026-02-11 20:48:57,medium_chest,9.99,800,0
TX000003750,177864,2026-02-11 20:57:44,vault,49.99,5000,0
TX000003302,153059,2026-02-11 20:58:39,mega_vault,99.99,11000,0
TX000008818,100528,2026-02-11 21:29:47,large_chest,19.99,1800,0
TX000007156,102267,2026-02-11 21:35:29,large_chest,19.99,1800,0
TX000014755,117476,2026-02-11 21:49:13,medium_chest,9.99,800,0
TX000004242,142126,2026-02-11 22:21:40,large_chest,19.99,1800,0
TX000000165,121750,2026-02-11 22:41:19,vault,49.99,5000,0
TX000009920,116328,2026-02-11 22:48:56,small_pouch,4.99,350,0
TX000005355,131124,2026-02-11 23:11:52,small_pouch,4.99,350,0
TX000013512,150853,2026-02-11 23:37:30,starter_pouch,1.99,120,0
TX000006034,143258,2026-02-11 23:39:45,small_pouch,4.99,350,0
TX000001649,158956,2026-02-12 06:06:19,small_pouch,4.99,350,0
TX000000614,154529,2026-02-12 06:06:47,small_pouch,4.99,350,0
TX000013020,161273,2026-02-12 06:54:48,medium_chest,9.99,800,0
TX000006705,108417,2026-02-12 06:55:27,medium_chest,9.99,800,0
TX000008772,145129,2026-02-12 07:56:27,medium_chest,9.99,800,0
TX000007651,123371,2026-02-12 08:32:34,starter_pouch,1.99,120,0
TX000014544,114652,2026-02-12 08:37:52,large_chest,-19.99,-1800,1
TX000000448,116897,2026-02-12 09:01:21,medium_chest,9.99,800,0
TX000013176,118109,2026-02-12 09:03:09,large_chest,19.99,1800,0
TX000000304,133781,2026-02-12 09:07:08,starter_pouch,1.99,120,0
TX000002666,118093,2026-02-12 09:32:54,starter_pouch,1.99,120,0
TX000007043,159023,2026-02-12 11:19:10,large_chest,19.99,1800,0
TX000003034,148268,2026-02-12 11:19:35,starter_pouch,1.99,120,0
TX000012981,116198,2026-02-12 11:53:54,small_pouch,4.99,350,0
TX000012961,158562,2026-02-12 12:19:03,small_pouch,4.99,350,0
TX000014500,162981,2026-02-12 12:30:11,starter_pouch,1.99,120,0
TX000009214,151759,2026-02-12 12:39:06,vault,49.99,5000,0
TX000009306,168898,2026-02-12 13:24:52,medium_chest,9.99,800,0
TX000014002,164516,2026-02-12 13:47:43,large_chest,19.99,1800,0
TX000002423,148596,2026-02-12 14:29:56,large_chest,19.99,1800,0
TX000006169,165842,2026-02-12 14:59:01,starter_pouch,1.99,120,0
TX000004659,171977,2026-02-12 15:06:17,large_chest,19.99,1800,0
TX000013067,146078,2026-02-12 15:09:19,starter_pouch,1.99,120,0
TX000004987,150977,2026-02-12 15:21:09,medium_chest,9.99,800,0
TX000006372,154036,2026-02-12 15:24:47,starter_pouch,1.99,120,0
TX000015057,149348,2026-02-12 15:36:23,mega_vault,99.99,11000,0
TX000007054,174757,2026-02-12 15:40:32,small_pouch,4.99,350,0
TX000002625,144440,2026-02-12 15:46:51,starter_pouch,1.99,120,0
TX000012273,175935,2026-02-12 16:00:52,starter_pouch,1.99,120,0
TX000001918,148632,2026-02-12 16:13:56,large_chest,19.99,1800,0
TX000009523,111876,2026-02-12 16:20:52,large_chest,19.99,1800,0
TX000006740,112239,2026-02-12 16:23:15,large_chest,19.99,1800,0
TX000011217,115362,2026-02-12 16:24:01,medium_chest,9.99,800,0
TX000012430,153713,2026-02-12 16:24:45,small_pouch,4.99,350,0
TX000004530,161540,2026-02-12 16:52:19,mega_vault,99.99,11000,0
TX000010999,176752,2026-02-12 16:53:15,medium_chest,9.99,800,0
TX000003011,139860,2026-02-12 17:33:17,medium_chest,9.99,800,0
TX000000382,100814,2026-02-12 17:35:47,medium_chest,9.99,800,0
TX000013016,176779,2026-02-12 17:42:53,small_pouch,4.99,350,0
TX000014417,156317,2026-02-12 17:43:05,medium_chest,9.99,800,0
TX000014961,173775,2026-02-12 17:57:36,mega_vault,99.99,11000,0
TX000003464,107795,2026-02-12 18:15:13,small_pouch,4.99,350,0
TX000013320,125209,2026-02-12 18:19:19,medium_chest,9.99,800,0
TX000003438,119279,2026-02-12 18:23:08,small_pouch,4.99,350,0
TX000003079,177058,2026-02-12 18:32:38,large_chest,19.99,1800,0
TX000005136,149441,2026-02-12 18:33:10,large_chest,19.99,1800,0
TX000000847,152927,2026-02-12 18:43:36,starter_pouch,1.99,120,0
TX000004765,117014,2026-02-12 18:47:20,large_chest,19.99,1800,0
TX000004668,171630,2026-02-12 18:54:18,vault,49.99,5000,0
TX000012378,104833,2026-02-12 19:01:44,small_pouch,4.99,350,0
TX000003065,130008,2026-02-12 19:19:26,vault,49.99,5000,0
TX000012517,141635,2026-02-12 19:29:46,starter_pouch,1.99,120,0
TX000010614,151128,2026-02-12 19:37:28,small_pouch,4.99,350,0
TX000000162,174947,2026-02-12 19:43:13,small_pouch,4.99,350,0
TX000004346,177080,2026-02-12 19:44:36,medium_chest,9.99,800,0
TX000007783,179961,2026-02-12 19:45:40,starter_pouch,1.99,120,0
TX000001491,172821,2026-02-12 19:47:28,medium_chest,9.99,800,0
TX000005135,128887,2026-02-12 20:00:18,small_pouch,4.99,350,0
TX000008580,121836,2026-02-12 20:03:56,medium_chest,9.99,800,0
TX000001260,112382,2026-02-12 20:05:24,large_chest,19.99,1800,0
TX000007669,161356,2026-02-12 20:07:00,medium_chest,9.99,800,0
TX000012857,179201,2026-02-12 20:09:04,starter_pouch,1.99,120,0
TX000014920,110372,2026-02-12 20:18:28,starter_pouch,1.99,120,0
TX000005785,119222,2026-02-12 20:24:14,large_chest,19.99,1800,0
TX000014549,176687,2026-02-12 20:24:55,small_pouch,4.99,350,0
TX000013830,161302,2026-02-12 20:38:01,large_chest,19.99,1800,0
TX000014176,139105,2026-02-12 20:39:56,small_pouch,4.99,350,0
TX000000074,116024,2026-02-12 20:50:27,starter_pouch,1.99,120,0
TX000003464,107795,2026-02-12 21:02:52,small_pouch,4.99,350,0
TX000005463,172876,2026-02-12 21:07:29,vault,49.99,5000,0
TX000012285,177810,2026-02-12 21:30:30,small_pouch,4.99,350,0
TX000003663,163293,2026-02-12 21:40:39,medium_chest,9.99,800,0
TX000014992,112210,2026-02-12 21:50:00,vault,49.99,5000,0
TX000003928,140510,2026-02-12 21:54:57,starter_pouch,1.99,120,0
TX000004935,148149,2026-02-12 22:06:05,starter_pouch,1.99,120,0
TX000006680,162319,2026-02-12 22:07:18,starter_pouch,1.99,120,0
TX000005673,103145,2026-02-12 22:13:41,vault,49.99,5000,0
TX000002392,114568,2026-02-12 22:26:43,large_chest,19.99,1800,0
TX000005172,102351,2026-02-12 22:34:11,medium_chest,9.99,800,0
TX000008676,147039,2026-02-12 22:47:05,starter_pouch,1.99,120,0
TX000013497,117791,2026-02-12 22:48:19,starter_pouch,1.99,120,0
TX000011812,119964,2026-02-12 22:57:08,medium_chest,9.99,800,0
TX000009782,161426,2026-02-12 23:28:09,medium_chest,9.99,800,0
TX000010136,164584,2026-02-12 23:38:12,medium_chest,9.99,800,0
TX000006436,116977,2026-02-12 23:44:03,vault,49.99,5000,0
TX000005204,142048,2026-02-12 23:59:56,starter_pouch,1.99,120,0
TX000007357,154275,2026-02-12 23:59:56,small_pouch,4.99,350,0
TX000005064,114804,2026-02-13 06:05:58,small_pouch,4.99,350,0
TX000009230,126504,2026-02-13 06:10:43,vault,49.99,5000,0
TX000004541,152541,2026-02-13 06:26:57,mega_vault,99.99,11000,0
TX000008128,168384,2026-02-13 06:59:06,medium_chest,9.99,800,0
TX000011337,156714,2026-02-13 07:02:46,starter_pouch,1.99,120,0
TX000000068,162619,2026-02-13 07:03:09,starter_pouch,1.99,120,0
TX000005705,159874,2026-02-13 07:10:09,medium_chest,9.99,800,0
TX000006294,161037,2026-02-13 07:15:09,small_pouch,4.99,350,0
TX000007392,127009,2026-02-13 07:21:00,medium_chest,9.99,800,0
TX000003345,169340,2026-02-13 07:26:20,medium_chest,9.99,800,0
TX000014947,113971,2026-02-13 08:45:56,starter_pouch,1.99,120,0
TX000003290,120616,2026-02-13 09:06:15,large_chest,19.99,1800,0
TX000005558,151966,2026-02-13 09:21:11,medium_chest,9.99,800,0
TX000008382,157108,2026-02-13 09:33:19,starter_pouch,1.99,120,0
TX000015182,129155,2026-02-13 10:55:04,small_pouch,4.99,350,0
TX000003509,145200,2026-02-13 11:20:42,large_chest,19.99,1800,0
TX000006683,163197,2026-02-13 11:40:48,large_chest,19.99,1800,0
TX000012002,146160,2026-02-13 12:38:26,large_chest,19.99,1800,0
TX000005517,100562,2026-02-13 13:25:14,starter_pouch,1.99,120,0
TX000005072,156973,2026-02-13 13:32:50,mega_vault,99.99,11000,0
TX000002044,149241,2026-02-13 13:35:22,vault,49.99,5000,0
TX000006117,120375,2026-02-13 13:36:57,starter_pouch,1.99,120,0
TX000014720,108226,2026-02-13 14:11:13,mega_vault,99.99,11000,0
TX000000861,109696,2026-02-13 14:21:09,small_pouch,4.99,350,0
TX000011306,141143,2026-02-13 14:31:58,medium_chest,9.99,800,0
TX000008686,154830,2026-02-13 14:50:26,mega_vault,99.99,11000,0
TX000009993,139843,2026-02-13 15:07:38,medium_chest,9.99,800,0
TX000009960,176833,2026-02-13 15:11:09,starter_pouch,1.99,120,0
TX000013650,136131,2026-02-13 15:32:11,starter_pouch,1.99,120,0
TX000009072,127370,2026-02-13 15:33:13,vault,49.99,5000,0
TX000001712,169883,2026-02-13 15:50:59,large_chest,19.99,1800,0
TX000003182,155454,2026-02-13 16:07:01,medium_chest,9.99,800,0
TX000012726,178412,2026-02-13 16:09:29,small_pouch,4.99,350,0
TX000008319,133292,2026-02-13 16:10:21,starter_pouch,1.99,120,0
TX000000056,135816,2026-02-13 16:30:12,starter_pouch,1.99,120,0
TX000002488,148874,2026-02-13 16:48:54,medium_chest,9.99,800,0
TX000011929,151193,2026-02-13 17:06:14,vault,49.99,5000,0
TX000007069,173338,2026-02-13 17:13:25,large_chest,19.99,1800,0
TX000012475,139809,2026-02-13 17:31:24,starter_pouch,1.99,120,0
TX000006329,110599,2026-02-13 17:34:43,small_pouch,4.99,350,0
TX000011398,113367,2026-02-13 17:35:37,starter_pouch,1.99,120,0
TX000000203,115099,2026-02-13 17:44:02,starter_pouch,1.99,120,0
TX000011348,114626,2026-02-13 17:49:06,medium_chest,9.99,800,0
TX000003143,108351,2026-02-13 17:58:51,starter_pouch,1.99,120,0
TX000012221,142505,2026-02-13 18:02:41,small_pouch,4.99,350,0
TX000013041,140479,2026-02-13 18:05:51,starter_pouch,1.99,120,0
TX000005481,167656,2026-02-13 18:15:51,medium_chest,9.99,800,0
TX000005031,146019,2026-02-13 18:19:57,large_chest,19.99,1800,0
TX000013189,103676,2026-02-13 18:32:39,medium_chest,9.99,800,0
TX000000399,103549,2026-02-13 18:54:16,mega_vault,99.99,11000,0
TX000004115,118979,2026-02-13 19:00:16,starter_pouch,1.99,120,0
TX000000615,114962,2026-02-13 19:05:12,starter_pouch,1.99,120,0
TX000013802,119249,2026-02-13 19:17:17,medium_chest,9.99,800,0
TX000002727,125234,2026-02-13 19:18:11,large_chest,19.99,1800,0
TX000000864,168917,2026-02-13 19:20:56,small_pouch,4.99,350,0
TX000004832,175754,2026-02-13 19:20:57,starter_pouch,1.99,120,0
TX000010751,173707,2026-02-13 19:30:42,small_pouch,4.99,350,0
TX000000097,143456,2026-02-13 19:34:23,small_pouch,4.99,350,0
TX000006869,171276,2026-02-13 19:39:02,small_pouch,4.99,350,0
TX000006800,116594,2026-02-13 19:59:40,starter_pouch,1.99,120,0
TX000006557,178121,2026-02-13 20:04:55,starter_pouch,1.99,120,0
TX000007540,163611,2026-02-13 20:08:27,small_pouch,4.99,350,0
TX000004531,131564,2026-02-13 20:19:48,medium_chest,9.99,800,0
TX000001029,154559,2026-02-13 20:26:21,starter_pouch,1.99,120,0
TX000013786,137808,2026-02-13 20:28:02,large_chest,19.99,1800,0
TX000006124,155517,2026-02-13 20:44:03,small_pouch,4.99,350,0
TX000008313,153188,2026-02-13 20:47:12,starter_pouch,1.99,120,0
TX000001131,165463,2026-02-13 21:00:20,starter_pouch,1.99,120,0
TX000000467,161829,2026-02-13 21:16:38,starter_pouch,1.99,120,0
TX000011297,123203,2026-02-13 21:25:33,medium_chest,9.99,800,0
TX000007378,145265,2026-02-13 21:43:04,vault,49.99,5000,0
TX000005599,132971,2026-02-13 21:56:33,starter_pouch,1.99,120,0
TX000006619,153170,2026-02-13 22:19:51,small_pouch,4.99,350,0
TX000000369,128008,2026-02-13 23:02:37,vault,49.99,5000,0
TX000002723,131898,2026-02-13 23:59:56,starter_pouch,1.99,120,0
TX000005416,107970,2026-02-13 23:59:56,starter_pouch,1.99,120,0
TX000004298,174464,2026-02-13 23:59:56,starter_pouch,1.99,120,0
TX000013033,144692,2026-02-13 23:59:56,mega_vault,99.99,11000,0
TX000011033,138920,2026-02-14 06:14:46,large_chest,19.99,1800,0
TX000001236,152433,2026-02-14 06:16:29,medium_chest,9.99,800,0
TX000006641,169686,2026-02-14 07:13:38,small_pouch,4.99,350,0
TX000001948,113276,2026-02-14 07:16:11,medium_chest,9.99,800,0
TX000009382,118494,2026-02-14 07:28:48,large_chest,19.99,1800,0
TX000011755,139843,2026-02-14 07:46:59,small_pouch,4.99,350,0
TX000008559,107197,2026-02-14 07:47:15,starter_pouch,1.99,120,0
TX000013337,140266,2026-02-14 08:04:51,starter_pouch,1.99,120,0
TX000008824,105836,2026-02-14 08:10:45,medium_chest,9.99,800,0
TX000013726,120397,2026-02-14 08:43:45,large_chest,19.99,1800,0
TX000014641,140442,2026-02-14 08:50:45,starter_pouch,1.99,120,0
TX000006785,157056,2026-02-14 08:50:51,starter_pouch,1.99,120,0
TX000000101,131522,2026-02-14 08:55:05,small_pouch,4.99,350,0
TX000012117,150430,2026-02-14 09:01:57,mega_vault,99.99,11000,0
TX000008962,123127,2026-02-14 09:49:02,small_pouch,4.99,350,0
TX000002573,106785,2026-02-14 10:11:21,medium_chest,9.99,800,0
TX000014091,127385,2026-02-14 10:12:44,large_chest,19.99,1800,0
TX000011072,153305,2026-02-14 11:07:48,medium_chest,9.99,800,0
TX000010350,137808,2026-02-14 11:11:56,starter_pouch,1.99,120,0
TX000009973,105837,2026-02-14 11:46:48,medium_chest,9.99,800,0
TX000014751,102477,2026-02-14 12:01:22,starter_pouch,1.99,120,0
TX000006521,135021,2026-02-14 12:09:27,small_pouch,4.99,350,0
TX000007949,132892,2026-02-14 13:11:12,medium_chest,9.99,800,0
TX000005861,153864,2026-02-14 13:33:41,small_pouch,4.99,350,0
TX000012078,110898,2026-02-14 13:58:13,vault,49.99,5000,0
TX000007504,129158,2026-02-14 15:07:55,small_pouch,4.99,350,0
TX000006602,176277,2026-02-14 15:27:10,medium_chest,9.99,800,0
TX000002052,179514,2026-02-14 15:36:17,small_pouch,4.99,350,0
TX000001577,122601,2026-02-14 15:51:10,small_pouch,4.99,350,0
TX000014809,172545,2026-02-14 16:07:55,vault,49.99,5000,0
TX000003725,116212,2026-02-14 16:09:58,starter_pouch,1.99,120,0
TX000006863,145129,2026-02-14 16:22:35,medium_chest,9.99,800,0
TX000000127,131453,2026-02-14 16:24:26,small_pouch,4.99,350,0
TX000003578,105251,2026-02-14 16:24:29,large_chest,19.99,1800,0
TX000012597,135750,2026-02-14 16:27:47,small_pouch,4.99,350,0
TX000000023,134414,2026-02-14 16:37:38,medium_chest,9.99,800,0
TX000003446,102031,2026-02-14 16:44:00,starter_pouch,1.99,120,0
TX000010771,165478,2026-02-14 17:00:50,large_chest,19.99,1800,0
TX000008900,114906,2026-02-14 17:10:58,small_pouch,4.99,350,0
TX000004720,165651,2026-02-14 17:14:43,small_pouch,4.99,350,0
TX000014314,116328,2026-02-14 17:24:26,starter_pouch,1.99,120,0
TX000011869,116086,2026-02-14 17:29:10,small_pouch,4.99,350,0
TX000000892,144322,2026-02-14 17:37:35,large_chest,19.99,1800,0
TX000014109,158385,2026-02-14 17:40:54,starter_pouch,1.99,120,0
TX000001501,110489,2026-02-14 17:47:26,vault,49.99,5000,0
TX000007312,145354,2026-02-14 17:54:57,large_chest,19.99,1800,0
TX000009869,154915,2026-02-14 17:56:41,small_pouch,4.99,350,0
TX000004047,161065,2026-02-14 18:12:22,large_chest,19.99,1800,0
TX000010553,131405,2026-02-14 18:14:11,vault,49.99,5000,0
TX000002270,157958,2026-02-14 18:24:19,starter_pouch,1.99,120,0
TX000012553,162638,2026-02-14 18:25:33,medium_chest,9.99,800,0
TX000010604,154809,2026-02-14 18:32:34,starter_pouch,1.99,120,0
TX000011127,118544,2026-02-14 18:39:35,starter_pouch,1.99,120,0
TX000015097,150767,2026-02-14 18:41:22,large_chest,19.99,1800,0
TX000005107,172873,2026-02-14 18:45:48,starter_pouch,1.99,120,0
TX000009628,167008,2026-02-14 18:50:59,large_chest,19.99,1800,0
TX000003835,166133,2026-02-14 18:52:55,starter_pouch,1.99,120,0
TX000003575,150701,2026-02-14 19:07:45,small_pouch,4.99,350,0
TX000006699,158569,2026-02-14 19:10:18,vault,49.99,5000,0
TX000005620,117171,2026-02-14 19:24:24,starter_pouch,1.99,120,0
TX000003401,179001,2026-02-14 19:26:41,large_chest,19.99,1800,0
TX000013824,101950,2026-02-14 19:34:07,starter_pouch,1.99,120,0
TX000005733,165668,2026-02-14 19:36:24,vault,49.99,5000,0
TX000014508,146730,2026-02-14 19:46:29,vault,49.99,5000,0
TX000015046,126102,2026-02-14 19:50:55,large_chest,19.99,1800,0
TX000012756,162262,2026-02-14 19:56:29,medium_chest,9.99,800,0
TX000004454,122595,2026-02-14 20:03:39,large_chest,19.99,1800,0
TX000014965,150010,2026-02-14 20:05:04,large_chest,19.99,1800,0
TX000000867,100463,2026-02-14 20:05:59,large_chest,19.99,1800,0
TX000013159,127763,2026-02-14 20:10:53,medium_chest,9.99,800,0
TX000015112,122605,2026-02-14 20:12:02,starter_pouch,1.99,120,0
TX000012654,157075,2026-02-14 20:16:51,large_chest,19.99,1800,0
TX000002713,170128,2026-02-14 20:20:31,medium_chest,9.99,800,0
TX000009015,125039,2026-02-14 20:22:24,starter_pouch,1.99,120,0
TX000006021,139593,2026-02-14 20:22:45,medium_chest,9.99,800,0
TX000000664,166934,2026-02-14 20:23:42,starter_pouch,1.99,120,0
TX000002161,135834,2026-02-14 20:31:10,starter_pouch,1.99,120,0
TX000005757,134467,2026-02-14 20:40:17,starter_pouch,1.99,120,0
TX000015070,151712,2026-02-14 20:49:00,starter_pouch,1.99,120,0
TX000013282,127319,2026-02-14 20:52:27,small_pouch,4.99,350,0
TX000015230,121767,2026-02-14 21:00:31,small_pouch,4.99,350,0
TX000001721,130931,2026-02-14 21:00:33,small_pouch,4.99,350,0
TX000010278,124009,2026-02-14 21:00:55,small_pouch,4.99,350,0
TX000014228,134463,2026-02-14 21:08:23,mega_vault,99.99,11000,0
TX000013870,117925,2026-02-14 21:13:29,medium_chest,9.99,800,0
TX000011085,175427,2026-02-14 21:31:47,starter_pouch,1.99,120,0
TX000013476,110614,2026-02-14 21:38:05,small_pouch,4.99,350,0
TX000004036,144192,2026-02-14 21:41:44,starter_pouch,1.99,120,0
TX000003862,112758,2026-02-14 21:42:34,medium_chest,9.99,800,0
TX000003953,108022,2026-02-14 21:44:10,starter_pouch,1.99,120,0
TX000001220,150876,2026-02-14 21:44:55,vault,49.99,5000,0
TX000000619,101196,2026-02-14 22:07:48,starter_pouch,1.99,120,0
TX000005801,149996,2026-02-14 22:17:32,medium_chest,9.99,800,0
TX000012730,124474,2026-02-14 22:18:19,small_pouch,4.99,350,0
TX000005003,142854,2026-02-14 22:20:44,medium_chest,9.99,800,0
TX000006327,132130,2026-02-14 22:25:40,starter_pouch,1.99,120,0
TX000004064,113572,2026-02-14 22:38:45,small_pouch,4.99,350,0
TX000009435,116386,2026-02-14 23:08:03,medium_chest,9.99,800,0
TX000005167,172010,2026-02-14 23:18:15,starter_pouch,1.99,120,0
TX000012481,172180,2026-02-14 23:45:22,medium_chest,9.99,800,0
TX000006397,175552,2026-02-14 23:59:56,starter_pouch,1.99,120,0
TX000011152,102396,2026-02-14 23:59:56,mega_vault,99.99,11000,0
TX000006669,131739,2026-02-14 23:59:56,large_chest,19.99,1800,0
TX000000485,117038,2026-02-15 06:18:20,starter_pouch,1.99,120,0
TX000013552,106759,2026-02-15 06:23:14,medium_chest,9.99,800,0
TX000005752,155776,2026-02-15 06:25:56,small_pouch,4.99,350,0
TX000004487,151462,2026-02-15 06:54:05,starter_pouch,1.99,120,0
TX000012547,141863,2026-02-15 07:02:21,medium_chest,9.99,800,0
TX000005908,168250,2026-02-15 07:14:50,medium_chest,9.99,800,0
TX000003840,179843,2026-02-15 07:25:16,medium_chest,9.99,800,0
TX000003797,145200,2026-02-15 08:29:05,small_pouch,4.99,350,0
TX000005134,180064,2026-02-15 08:31:22,large_chest,19.99,1800,0
TX000012440,163266,2026-02-15 08:33:50,medium_chest,9.99,800,0
TX000014823,168694,2026-02-15 08:45:26,starter_pouch,1.99,120,0
TX000002419,112662,2026-02-15 09:16:51,medium_chest,9.99,800,0
TX000002040,127649,2026-02-15 09:18:02,starter_pouch,1.99,120,0
TX000005576,165543,2026-02-15 09:36:26,small_pouch,4.99,350,0
TX000010582,131896,2026-02-15 09:40:57,small_pouch,4.99,350,0
TX000001783,139870,2026-02-15 09:46:17,small_pouch,4.99,350,0
TX000011508,111235,2026-02-15 10:27:34,medium_chest,9.99,800,0
TX000000651,147585,2026-02-15 11:50:29,small_pouch,4.99,350,0
TX000014358,102104,2026-02-15 11:59:49,small_pouch,4.99,350,0
TX000004855,138917,2026-02-15 12:24:22,small_pouch,4.99,350,0
TX000011378,160351,2026-02-15 12:32:21,mega_vault,99.99,11000,0
TX000012459,176339,2026-02-15 12:49:10,large_chest,19.99,1800,0
TX000008494,121975,2026-02-15 12:53:14,medium_chest,9.99,800,0
TX000011357,126932,2026-02-15 12:53:36,small_pouch,4.99,350,0
TX000002947,175439,2026-02-15 12:58:28,mega_vault,99.99,11000,0
TX000011794,177513,2026-02-15 13:17:02,small_pouch,4.99,350,0
TX000006158,112858,2026-02-15 13:30:34,medium_chest,9.99,800,0
TX000011279,115515,2026-02-15 14:25:49,large_chest,19.99,1800,0
TX000002205,139856,2026-02-15 14:50:59,small_pouch,4.99,350,0
TX000012416,132551,2026-02-15 15:00:43,starter_pouch,1.99,120,0
TX000001621,127994,2026-02-15 15:14:01,vault,49.99,5000,0
TX000010513,107970,2026-02-15 15:19:44,small_pouch,4.99,350,0
TX000003659,126365,2026-02-15 15:25:41,small_pouch,4.99,350,0
TX000000124,161499,2026-02-15 15:41:58,starter_pouch,1.99,120,0
TX000000289,172821,2026-02-15 15:46:22,medium_chest,9.99,800,0
TX000001550,161292,2026-02-15 15:51:33,small_pouch,4.99,350,0
TX000006965,125643,2026-02-15 16:04:28,large_chest,19.99,1800,0
TX000011515,138355,2026-02-15 16:05:13,medium_chest,9.99,800,0
TX000007249,145775,2026-02-15 16:12:42,medium_chest,9.99,800,0
TX000002745,155940,2026-02-15 16:14:17,starter_pouch,1.99,120,0
TX000004065,116560,2026-02-15 16:16:18,small_pouch,4.99,350,0
TX000010272,108065,2026-02-15 16:20:47,starter_pouch,1.99,120,0
TX000005294,150653,2026-02-15 16:21:50,large_chest,19.99,1800,0
TX000011888,124638,2026-02-15 16:25:22,starter_pouch,1.99,120,0
TX000011534,128168,2026-02-15 16:27:43,starter_pouch,1.99,120,0
TX000004817,128471,2026-02-15 16:34:55,small_pouch,4.99,350,0
TX000012184,150780,2026-02-15 16:53:20,starter_pouch,1.99,120,0
TX000003699,163575,2026-02-15 16:55:32,starter_pouch,1.99,120,0
TX000012850,141814,2026-02-15 16:56:28,small_pouch,4.99,350,0
TX000006307,157839,2026-02-15 16:56:49,large_chest,19.99,1800,0
TX000000424,141638,2026-02-15 16:59:28,medium_chest,9.99,800,0
TX000000246,142431,2026-02-15 17:07:31,large_chest,19.99,1800,0
TX000005595,149781,2026-02-15 17:08:18,small_pouch,4.99,350,0
TX000003184,125630,2026-02-15 17:12:23,starter_pouch,1.99,120,0
TX000000638,166143,2026-02-15 17:13:08,medium_chest,9.99,800,0
TX000013582,122211,2026-02-15 17:21:33,starter_pouch,1.99,120,0
TX000003594,115630,2026-02-15 17:21:33,medium_chest,9.99,800,0
TX000010025,122275,2026-02-15 17:32:07,medium_chest,9.99,800,0
TX000004665,163293,2026-02-15 17:34:42,medium_chest,-9.99,-800,0
TX000004009,161343,2026-02-15 17:36:04,starter_pouch,1.99,120,0
TX000004964,144643,2026-02-15 17:44:55,medium_chest,9.99,800,0
TX000008326,157958,2026-02-15 17:49:56,medium_chest,9.99,800,0
TX000001885,168306,2026-02-15 17:59:02,starter_pouch,1.99,120,0
TX000013447,178931,2026-02-15 18:04:35,mega_vault,99.99,11000,0
TX000002909,136426,2026-02-15 18:06:34,small_pouch,4.99,350,0
TX000010233,129536,2026-02-15 18:15:29,large_chest,19.99,1800,0
TX000002717,155429,2026-02-15 18:22:15,small_pouch,4.99,350,0
TX000001228,100085,2026-02-15 18:29:37,starter_pouch,1.99,120,0
TX000008456,169037,2026-02-15 18:36:41,starter_pouch,1.99,120,0
TX000014327,124366,2026-02-15 18:44:54,small_pouch,4.99,350,0
TX000009204,116170,2026-02-15 18:49:32,mega_vault,99.99,11000,0
TX000007219,115278,2026-02-15 18:49:34,medium_chest,9.99,800,0
TX000013674,131848,2026-02-15 18:52:56,starter_pouch,1.99,120,0
TX000002373,163666,2026-02-15 18:55:13,vault,49.99,5000,0
TX000001736,163743,2026-02-15 19:09:37,small_pouch,4.99,350,0
TX000009319,125249,2026-02-15 19:14:49,mega_vault,99.99,11000,0
TX000014574,115837,2026-02-15 19:17:00,medium_chest,9.99,800,0
TX000002205,139856,2026-02-15 19:32:18,small_pouch,4.99,350,0
TX000012268,165214,2026-02-15 19:39:00,starter_pouch,1.99,120,0
TX000002739,100749,2026-02-15 19:44:53,small_pouch,4.99,350,0
TX000012340,164932,2026-02-15 19:48:44,small_pouch,4.99,350,0
TX000005374,142570,2026-02-15 19:50:42,small_pouch,4.99,350,0
TX000004894,119080,2026-02-15 20:04:21,mega_vault,99.99,11000,0
TX000001114,136265,2026-02-15 20:17:44,mega_vault,99.99,11000,0
TX000005536,161725,2026-02-15 20:17:49,large_chest,19.99,1800,0
TX000004640,169662,2026-02-15 20:20:16,medium_chest,9.99,800,0
TX000014561,102289,2026-02-15 20:21:09,vault,49.99,5000,0
TX000005600,120973,2026-02-15 20:23:59,medium_chest,9.99,800,0
TX000006829,151480,2026-02-15 20:30:22,medium_chest,9.99,800,0
TX000012799,159176,2026-02-15 20:31:33,starter_pouch,1.99,120,0
TX000013535,179018,2026-02-15 20:46:46,medium_chest,9.99,800,0
TX000009548,133158,2026-02-15 20:52:27,small_pouch,4.99,350,0
TX000011717,153683,2026-02-15 20:52:37,mega_vault,99.99,11000,0
TX000011471,103763,2026-02-15 20:58:44,large_chest,19.99,1800,0
TX000003490,142103,2026-02-15 21:11:42,small_pouch,4.99,350,0
TX000011407,113010,2026-02-15 21:12:45,large_chest,19.99,1800,0
TX000014901,126248,2026-02-15 21:18:31,vault,49.99,5000,0
TX000006959,148039,2026-02-15 21:36:18,starter_pouch,1.99,120,0
TX000012224,156361,2026-02-15 21:45:13,medium_chest,9.99,800,0
TX000012878,142925,2026-02-15 21:51:43,small_pouch,4.99,350,0
TX000012185,130758,2026-02-15 22:01:05,medium_chest,9.99,800,0
TX000010467,134941,2026-02-15 22:02:21,starter_pouch,1.99,120,0
TX000014262,150986,2026-02-15 22:05:16,small_pouch,4.99,350,0
TX000000072,137656,2026-02-15 22:38:22,starter_pouch,1.99,120,0
TX000010688,164183,2026-02-15 22:50:11,medium_chest,9.99,800,0
TX000012451,118419,2026-02-15 22:50:37,small_pouch,4.99,350,0
TX000009347,158314,2026-02-15 22:51:51,medium_chest,9.99,800,0
TX000003838,167044,2026-02-15 22:51:58,small_pouch,4.99,350,0
TX000015048,128951,2026-02-15 22:54:43,medium_chest,9.99,800,0
TX000004999,118577,2026-02-15 22:55:58,starter_pouch,1.99,120,0
TX000004881,155293,2026-02-15 23:04:04,vault,49.99,5000,0
TX000007465,128519,2026-02-15 23:08:58,starter_pouch,1.99,120,0
TX000004411,162923,2026-02-15 23:59:56,medium_chest,9.99,800,0
TX000010649,137703,2026-02-15 23:59:56,medium_chest,9.99,800,0
TX000007343,108257,2026-02-15 23:59:56,small_pouch,4.99,350,0
TX000008657,169886,2026-02-15 23:59:56,medium_chest,9.99,800,0
TX000012785,138642,2026-02-15 23:59:56,vault,49.99,5000,0
TX000009652,154599,2026-02-15 23:59:56,small_pouch,4.99,350,0
TX000011585,148103,2026-02-16 06:15:36,vault,49.99,5000,0
TX000002499,130567,2026-02-16 06:25:56,small_pouch,4.99,350,0
TX000004896,110360,2026-02-16 06:52:27,small_pouch,4.99,350,0
TX000006013,114676,2026-02-16 07:04:41,small_pouch,4.99,350,0
TX000001576,101078,2026-02-16 08:00:47,small_pouch,4.99,350,0
TX000014419,160689,2026-02-16 08:01:01,starter_pouch,1.99,120,0
TX000010938,170356,2026-02-16 08:04:47,large_chest,19.99,1800,0
TX000012953,126083,2026-02-16 09:03:54,large_chest,19.99,1800,0
TX000003320,133297,2026-02-16 09:42:00,medium_chest,9.99,800,0
TX000002168,107685,2026-02-16 10:02:46,medium_chest,9.99,800,0
TX000002784,140955,2026-02-16 10:03:13,small_pouch,4.99,350,0
TX000002267,166117,2026-02-16 10:06:18,starter_pouch,1.99,120,0
TX000003416,128437,2026-02-16 10:39:52,small_pouch,4.99,350,0
TX000004399,134014,2026-02-16 10:59:47,medium_chest,9.99,800,0
TX000001277,106136,2026-02-16 11:13:05,medium_chest,9.99,800,0
TX000005621,118033,2026-02-16 12:37:05,small_pouch,4.99,350,0
TX000003181,161753,2026-02-16 13:18:43,medium_chest,9.99,800,0
TX000002941,101499,2026-02-16 14:06:21,starter_pouch,1.99,120,0
TX000007443,168484,2026-02-16 14:31:49,starter_pouch,1.99,120,0
TX000001325,167044,2026-02-16 14:44:07,starter_pouch,1.99,120,0
TX000007211,135517,2026-02-16 14:52:46,small_pouch,4.99,350,0
TX000012215,114669,2026-02-16 15:05:07,small_pouch,4.99,350,0
TX000005890,137243,2026-02-16 15:28:48,medium_chest,9.99,800,0
TX000006612,161540,2026-02-16 15:34:07,medium_chest,9.99,800,0
TX000007546,118803,2026-02-16 15:35:13,small_pouch,4.99,350,0
TX000013800,165215,2026-02-16 16:03:37,large_chest,19.99,1800,0
TX000008315,105220,2026-02-16 16:06:48,starter_pouch,1.99,120,0
TX000000462,166829,2026-02-16 16:19:20,large_chest,19.99,1800,0
TX000010369,143123,2026-02-16 16:19:29,starter_pouch,1.99,120,0
TX000011165,136426,2026-02-16 16:55:31,medium_chest,9.99,800,0
TX000010752,136046,2026-02-16 17:00:04,starter_pouch,1.99,120,0
TX000003478,114055,2026-02-16 17:10:31,small_pouch,4.99,350,0
TX000013972,119880,2026-02-16 17:16:52,large_chest,19.99,1800,0
TX000013838,121528,2026-02-16 17:19:43,medium_chest,9.99,800,0
TX000012448,179680,2026-02-16 17:23:56,starter_pouch,1.99,120,0
TX000014752,159924,2026-02-16 17:26:06,vault,49.99,5000,0
TX000007114,135240,2026-02-16 17:34:13,medium_chest,9.99,800,0
TX000009271,119669,2026-02-16 17:43:13,large_chest,19.99,1800,0
TX000000969,114401,2026-02-16 17:45:00,starter_pouch,1.99,120,0
TX000002424,108525,2026-02-16 17:50:08,small_pouch,4.99,350,0
TX000003352,166349,2026-02-16 18:04:36,medium_chest,9.99,800,0
TX000006950,145879,2026-02-16 18:06:40,mega_vault,99.99,11000,0
TX000011566,129997,2026-02-16 18:30:22,large_chest,19.99,1800,0
TX000008227,163611,2026-02-16 18:32:43,medium_chest,9.99,800,0
TX000001562,158134,2026-02-16 18:36:20,vault,49.99,5000,0
TX000012387,168272,2026-02-16 18:40:42,medium_chest,9.99,800,0
TX000007106,124171,2026-02-16 18:43:53,medium_chest,9.99,800,0
TX000010597,171819,2026-02-16 18:46:18,medium_chest,9.99,800,0
TX000000237,175211,2026-02-16 18:48:39,small_pouch,4.99,350,0
TX000007931,124008,2026-02-16 19:00:18,small_pouch,4.99,350,0
TX000014090,166671,2026-02-16 19:01:28,small_pouch,4.99,350,0
TX000010665,170754,2026-02-16 19:05:57,small_pouch,4.99,350,0
TX000005779,123721,2026-02-16 19:11:59,vault,49.99,5000,0
TX000006890,145965,2026-02-16 19:18:34,starter_pouch,1.99,120,0
TX000011522,170975,2026-02-16 19:23:09,small_pouch,4.99,350,0
TX000005780,163261,2026-02-16 19:28:12,starter_pouch,1.99,120,0
TX000006745,151623,2026-02-16 19:32:56,small_pouch,4.99,350,0
TX000000371,105794,2026-02-16 19:36:46,mega_vault,99.99,11000,0
TX000002919,142373,2026-02-16 19:37:39,starter_pouch,1.99,120,0
TX000014780,107292,2026-02-16 19:52:09,starter_pouch,1.99,120,0
TX000015139,145129,2026-02-16 20:07:37,medium_chest,9.99,800,0
TX000010609,146539,2026-02-16 20:15:16,medium_chest,9.99,800,0
TX000007905,107512,2026-02-16 20:20:28,small_pouch,4.99,350,0
TX000002508,177259,2026-02-16 20:24:33,starter_pouch,1.99,120,0
TX000012279,106429,2026-02-16 20:28:24,medium_chest,9.99,800,0
TX000012284,141382,2026-02-16 20:28:30,small_pouch,4.99,350,0
TX000010365,139624,2026-02-16 20:33:22,small_pouch,4.99,350,0
TX000012798,177695,2026-02-16 20:38:04,large_chest,19.99,1800,0
TX000002768,123357,2026-02-16 20:41:57,small_pouch,4.99,350,0
TX000004949,140576,2026-02-16 20:47:58,large_chest,19.99,1800,0
TX000009642,111090,2026-02-16 21:06:38,medium_chest,9.99,800,0
TX000014811,156444,2026-02-16 21:10:30,starter_pouch,1.99,120,0
TX000012027,116328,2026-02-16 21:15:13,large_chest,19.99,1800,0
TX000007262,118880,2026-02-16 21:26:42,small_pouch,4.99,350,0
TX000004518,144500,2026-02-16 21:26:45,large_chest,19.99,1800,0
TX000011474,122583,2026-02-16 21:28:20,small_pouch,4.99,350,0
TX000007017,149725,2026-02-16 21:34:58,starter_pouch,1.99,120,0
TX000005239,136447,2026-02-16 21:41:35,large_chest,19.99,1800,0
TX000012837,164331,2026-02-16 21:58:26,medium_chest,9.99,800,0
TX000012462,164159,2026-02-16 22:07:00,medium_chest,9.99,800,0
TX000004910,144017,2026-02-16 22:34:15,vault,49.99,5000,0
TX000014329,114288,2026-02-16 22:43:53,starter_pouch,1.99,120,0
TX000010853,132319,2026-02-16 22:46:57,large_chest,19.99,1800,0
TX000001354,149759,2026-02-16 22:50:37,starter_pouch,1.99,120,0
TX000012894,110385,2026-02-16 22:56:41,large_chest,19.99,1800,0
TX000014666,130014,2026-02-16 23:05:36,medium_chest,9.99,800,0
TX000002141,174049,2026-02-16 23:07:55,large_chest,19.99,1800,0
TX000014205,180163,2026-02-16 23:27:21,mega_vault,99.99,11000,0
TX000014501,156374,2026-02-16 23:31:28,starter_pouch,1.99,120,0
TX000014413,136726,2026-02-16 23:49:13,small_pouch,4.99,350,0
TX000001172,165842,2026-02-16 23:59:56,starter_pouch,1.99,120,0
TX000013522,167935,2026-02-16 23:59:56,medium_chest,9.99,800,0
TX000014295,165866,2026-02-16 23:59:56,large_chest,19.99,1800,0
TX000000260,102267,2026-02-17 06:35:45,small_pouch,4.99,350,0
TX000013237,142496,2026-02-17 06:45:50,medium_chest,9.99,800,0
TX000011666,139860,2026-02-17 07:15:32,starter_pouch,1.99,120,0
TX000010356,150761,2026-02-17 08:30:35,medium_chest,9.99,800,0
TX000008361,170136,2026-02-17 08:55:47,starter_pouch,1.99,120,0
TX000006222,174736,2026-02-17 09:38:44,large_chest,19.99,1800,0
TX000008469,124817,2026-02-17 09:59:26,large_chest,19.99,1800,0
TX000002431,111584,2026-02-17 10:00:02,medium_chest,9.99,800,0
TX000001545,152456,2026-02-17 10:05:21,starter_pouch,1.99,120,0
TX000008776,108708,2026-02-17 10:23:02,small_pouch,4.99,350,0
TX000008867,139861,2026-02-17 12:13:36,mega_vault,99.99,11000,0
TX000003353,169893,2026-02-17 12:18:50,small_pouch,4.99,350,0
TX000000500,100081,2026-02-17 12:35:38,starter_pouch,1.99,120,0
TX000012938,146769,2026-02-17 12:38:09,large_chest,19.99,1800,0
TX000002329,141741,2026-02-17 12:39:33,small_pouch,4.99,350,0
TX000008208,145092,2026-02-17 12:48:15,small_pouch,4.99,350,0
TX000014962,105392,2026-02-17 13:01:51,starter_pouch,1.99,120,0
TX000010493,150492,2026-02-17 13:16:15,starter_pouch,1.99,120,0
TX000002864,128810,2026-02-17 13:22:56,small_pouch,4.99,350,0
TX000013722,126806,2026-02-17 14:01:38,small_pouch,4.99,350,0
TX000007914,136586,2026-02-17 14:10:51,medium_chest,9.99,800,0
TX000011016,155575,2026-02-17 14:27:03,small_pouch,4.99,350,0
TX000004583,119059,2026-02-17 14:45:31,medium_chest,9.99,800,0
TX000011694,115292,2026-02-17 14:49:48,small_pouch,4.99,350,0
TX000013273,167274,2026-02-17 15:13:51,starter_pouch,1.99,120,0
TX000004540,135226,2026-02-17 15:22:24,small_pouch,4.99,350,0
TX000000017,171477,2026-02-17 15:27:38,large_chest,19.99,1800,0
TX000001650,166829,2026-02-17 15:27:55,large_chest,19.99,1800,0
TX000007897,149244,2026-02-17 15:40:01,starter_pouch,1.99,120,0
TX000012765,177731,2026-02-17 15:41:18,starter_pouch,1.99,120,0
TX000003803,149985,2026-02-17 15:49:15,large_chest,19.99,1800,0
TX000013707,154870,2026-02-17 15:54:37,medium_chest,9.99,800,0
TX000009338,161135,2026-02-17 16:11:36,small_pouch,4.99,350,0
TX000013037,174425,2026-02-17 16:37:00,large_chest,19.99,1800,0
TX000012401,177118,2026-02-17 16:39:08,starter_pouch,1.99,120,0
TX000014071,103358,2026-02-17 16:41:24,large_chest,19.99,1800,0
TX000013731,101140,2026-02-17 16:44:55,mega_vault,99.99,11000,0
TX000009040,172773,2026-02-17 16:52:31,small_pouch,4.99,350,0
TX000012349,140260,2026-02-17 17:01:12,starter_pouch,1.99,120,0
TX000010746,168783,2026-02-17 17:03:59,large_chest,19.99,1800,0
TX000008594,141081,2026-02-17 17:08:07,small_pouch,4.99,350,0
TX000009031,143644,2026-02-17 17:10:05,starter_pouch,1.99,120,0
TX000008334,141801,2026-02-17 17:13:55,large_chest,19.99,1800,0
TX000008013,160443,2026-02-17 17:18:16,large_chest,19.99,1800,0
TX000007591,118494,2026-02-17 17:36:02,vault,49.99,5000,0
TX000005279,136061,2026-02-17 17:39:49,small_pouch,4.99,350,0
TX000010044,142384,2026-02-17 17:40:30,medium_chest,9.99,800,0
TX000002835,156946,2026-02-17 17:41:31,starter_pouch,1.99,120,0
TX000008976,171149,2026-02-17 17:45:30,starter_pouch,1.99,120,0
TX000012754,138819,2026-02-17 17:50:34,large_chest,19.99,1800,0
TX000009945,145210,2026-02-17 17:56:01,small_pouch,4.99,350,0
TX000004508,114385,2026-02-17 17:57:01,medium_chest,9.99,800,0
TX000010363,128423,2026-02-17 17:57:54,medium_chest,9.99,800,0
TX000014115,171949,2026-02-17 18:02:24,vault,49.99,5000,0
TX000000598,139256,2026-02-17 18:04:06,medium_chest,9.99,800,0
TX000007851,121647,2026-02-17 18:04:24,starter_pouch,1.99,120,0
TX000003732,138492,2026-02-17 18:22:39,medium_chest,9.99,800,0
TX000000783,173926,2026-02-17 18:32:31,starter_pouch,1.99,120,0
TX000002364,114444,2026-02-17 18:46:51,small_pouch,4.99,350,0
TX000002917,114866,2026-02-17 18:54:27,medium_chest,9.99,800,0
TX000013871,100915,2026-02-17 18:57:26,starter_pouch,1.99,120,0
TX000009822,119458,2026-02-17 19:05:03,vault,49.99,5000,0
TX000008320,171790,2026-02-17 19:10:24,large_chest,19.99,1800,0
TX000009767,143456,2026-02-17 19:14:08,starter_pouch,1.99,120,0
TX000000202,156179,2026-02-17 19:17:44,starter_pouch,1.99,120,0
TX000000788,153819,2026-02-17 19:19:02,small_pouch,4.99,350,0
TX000012696,131288,2026-02-17 19:25:57,starter_pouch,1.99,120,0
TX000000815,144468,2026-02-17 19:29:46,small_pouch,4.99,350,0
TX000004262,108417,2026-02-17 19:30:24,starter_pouch,1.99,120,0
TX000012479,160354,2026-02-17 19:32:35,medium_chest,9.99,800,0
TX000004650,159255,2026-02-17 19:36:20,medium_chest,9.99,800,0
TX000013968,115257,2026-02-17 19:38:32,starter_pouch,1.99,120,0
TX000014402,155147,2026-02-17 19:43:00,vault,49.99,5000,0
TX000003499,172830,2026-02-17 19:44:34,large_chest,19.99,1800,0
TX000013901,120476,2026-02-17 20:03:26,starter_pouch,1.99,120,0
TX000010063,126815,2026-02-17 20:17:54,starter_pouch,1.99,120,0
TX000007866,129546,2026-02-17 20:18:18,starter_pouch,1.99,120,0
TX000006956,125532,2026-02-17 20:19:51,small_pouch,4.99,350,0
TX000015227,122610,2026-02-17 20:25:00,starter_pouch,1.99,120,0
TX000009800,114758,2026-02-17 20:28:00,large_chest,19.99,1800,0
TX000006277,134836,2026-02-17 20:28:17,small_pouch,4.99,350,0
TX000008475,140315,2026-02-17 20:36:27,starter_pouch,1.99,120,0
TX000003038,141784,2026-02-17 20:36:35,small_pouch,4.99,350,0
TX000011817,104889,2026-02-17 20:38:34,small_pouch,4.99,350,0
TX000013533,167471,2026-02-17 20:41:51,small_pouch,4.99,350,0
TX000013260,140057,2026-02-17 20:42:01,starter_pouch,1.99,120,0
TX000007299,147973,2026-02-17 20:45:45,starter_pouch,1.99,120,0
TX000008587,104601,2026-02-17 20:47:08,small_pouch,4.99,350,0
TX000001879,122817,2026-02-17 20:47:28,starter_pouch,1.99,120,0
TX000002422,179130,2026-02-17 20:52:04,small_pouch,4.99,350,0
TX000006001,118155,2026-02-17 21:03:39,starter_pouch,1.99,120,0
TX000009037,162079,2026-02-17 21:07:08,large_chest,19.99,1800,0
TX000003002,138829,2026-02-17 21:28:47,medium_chest,9.99,800,0
TX000014516,138520,2026-02-17 21:32:02,large_chest,19.99,1800,0
TX000013421,119249,2026-02-17 21:40:54,medium_chest,9.99,800,0
TX000008469,124817,2026-02-17 21:42:57,large_chest,19.99,1800,0
TX000000134,117020,2026-02-17 21:45:56,small_pouch,4.99,350,0
TX000008376,104720,2026-02-17 21:53:31,vault,49.99,5000,0
TX000008933,141382,2026-02-17 22:02:07,starter_pouch,1.99,120,0
TX000008329,124376,2026-02-17 22:05:55,medium_chest,9.99,800,0
TX000007133,154288,2026-02-17 22:22:04,starter_pouch,1.99,120,0
TX000010754,119101,2026-02-17 22:59:17,medium_chest,9.99,800,0
TX000008706,168767,2026-02-17 23:03:08,large_chest,19.99,1800,0
TX000005551,129561,2026-02-17 23:13:22,vault,49.99,5000,0
TX000005920,175755,2026-02-17 23:33:39,starter_pouch,1.99,120,0
TX000001954,100832,2026-02-17 23:50:01,large_chest,19.99,1800,0
TX000011808,114535,2026-02-17 23:59:56,small_pouch,4.99,350,0
TX000013665,136050,2026-02-17 23:59:56,small_pouch,4.99,350,0
TX000007612,175342,2026-02-18 06:11:51,small_pouch,4.99,350,0
TX000013734,112288,2026-02-18 07:24:47,starter_pouch,1.99,120,0
TX000007679,161826,2026-02-18 07:24:49,starter_pouch,1.99,120,0
TX000015193,130648,2026-02-18 07:33:58,small_pouch,4.99,350,0
TX000011715,157050,2026-02-18 10:09:12,medium_chest,9.99,800,0
TX000004857,173146,2026-02-18 10:13:01,large_chest,19.99,1800,0
TX000004125,105493,2026-02-18 10:32:28,small_pouch,4.99,350,0
TX000000366,152706,2026-02-18 10:49:50,medium_chest,9.99,800,0
TX000007152,101952,2026-02-18 13:45:11,starter_pouch,1.99,120,0
TX000003087,169134,2026-02-18 15:58:20,vault,49.99,5000,0
TX000014830,161979,2026-02-18 16:03:08,medium_chest,9.99,800,0
TX000013116,168899,2026-02-18 16:37:40,starter_pouch,1.99,120,0
TX000000049,159304,2026-02-18 16:43:22,vault,49.99,5000,0
TX000000917,119102,2026-02-18 16:45:38,medium_chest,9.99,800,0
TX000001305,119291,2026-02-18 16:53:12,medium_chest,9.99,800,0
TX000014357,127027,2026-02-18 17:01:12,small_pouch,4.99,350,0
TX000011851,152433,2026-02-18 17:05:06,starter_pouch,1.99,120,0
TX000007206,148401,2026-02-18 17:22:24,small_pouch,4.99,350,0
TX000014998,113883,2026-02-18 17:46:45,starter_pouch,1.99,120,0
TX000003336,158605,2026-02-18 17:49:31,medium_chest,9.99,800,0
TX000004367,167935,2026-02-18 17:55:35,mega_vault,99.99,11000,0
TX000014418,172545,2026-02-18 18:20:22,vault,49.99,5000,0
TX000014987,110995,2026-02-18 18:41:18,starter_pouch,1.99,120,0
TX000005726,161753,2026-02-18 18:56:04,large_chest,19.99,1800,0
TX000011334,168109,2026-02-18 19:11:58,starter_pouch,1.99,120,0
TX000006887,110621,2026-02-18 19:32:12,small_pouch,4.99,350,0
TX000006919,155037,2026-02-18 19:45:53,small_pouch,4.99,350,0
TX000006325,123147,2026-02-18 19:57:22,large_chest,19.99,1800,0
TX000001785,155044,2026-02-18 20:03:32,starter_pouch,1.99,120,0
TX000006193,142678,2026-02-18 20:05:01,vault,49.99,5000,0
TX000008714,117189,2026-02-18 20:15:02,medium_chest,9.99,800,0
TX000005747,160697,2026-02-18 20:18:33,small_pouch,4.99,350,0
TX000011531,125262,2026-02-18 20:43:51,small_pouch,4.99,350,0
TX000007503,153205,2026-02-18 21:08:13,starter_pouch,1.99,120,0
TX000005609,102326,2026-02-18 21:13:07,large_chest,19.99,1800,0
TX000000111,127426,2026-02-18 21:40:29,medium_chest,9.99,800,0
TX000013477,172821,2026-02-18 22:06:02,starter_pouch,1.99,120,0
TX000013416,102695,2026-02-18 22:33:56,medium_chest,9.99,800,0
TX000008668,129398,2026-02-18 22:34:07,vault,49.99,5000,0
TX000006747,177965,2026-02-18 22:34:30,medium_chest,9.99,800,0
TX000006136,140749,2026-02-18 22:50:48,medium_chest,9.99,800,0
TX000004714,159253,2026-02-18 23:18:09,large_chest,19.99,1800,0
TX000008571,138924,2026-02-18 23:27:24,large_chest,-19.99,-1800,0
TX000000896,172944,2026-02-18 23:59:56,medium_chest,9.99,800,0
TX000008413,101047,2026-02-18 23:59:56,large_chest,19.99,1800,0
TX000013405,135068,2026-02-18 23:59:56,starter_pouch,1.99,120,0
TX000008464,142169,2026-02-19 06:38:10,medium_chest,9.99,800,0
TX000001796,109045,2026-02-19 07:55:07,medium_chest,9.99,800,0
TX000005529,149383,2026-02-19 09:04:53,starter_pouch,1.99,120,0
TX000012260,171306,2026-02-19 09:09:05,small_pouch,4.99,350,0
TX000005475,104157,2026-02-19 09:11:14,starter_pouch,1.99,120,0
TX000004482,116632,2026-02-19 09:15:47,vault,49.99,5000,0
TX000008823,157336,2026-02-19 09:17:25,medium_chest,9.99,800,0
TX000001722,159647,2026-02-19 10:22:18,small_pouch,4.99,350,0
TX000002005,158158,2026-02-19 13:48:50,small_pouch,4.99,350,0
TX000007775,141101,2026-02-19 14:39:24,medium_chest,9.99,800,0
TX000013517,170715,2026-02-19 15:35:01,large_chest,19.99,1800,0
TX000000158,135133,2026-02-19 15:59:12,starter_pouch,1.99,120,0
TX000001112,101959,2026-02-19 16:23:35,small_pouch,4.99,350,0
TX000004110,138455,2026-02-19 17:33:42,starter_pouch,1.99,120,0
TX000003332,117599,2026-02-19 17:48:48,starter_pouch,1.99,120,0
TX000005225,147980,2026-02-19 17:53:58,small_pouch,4.99,350,0
TX000014108,117994,2026-02-19 18:12:24,starter_pouch,1.99,120,0
TX000013670,148401,2026-02-19 18:13:27,large_chest,19.99,1800,0
TX000010007,172782,2026-02-19 18:15:39,vault,49.99,5000,0
TX000009551,149384,2026-02-19 18:31:42,small_pouch,4.99,350,0
TX000007559,142217,2026-02-19 18:52:44,large_chest,19.99,1800,0
TX000013382,112702,2026-02-19 19:02:18,vault,49.99,5000,0
TX000006855,172010,2026-02-19 19:07:12,starter_pouch,-1.99,-120,0
TX000007799,175220,2026-02-19 19:18:18,starter_pouch,1.99,120,0
TX000006395,135138,2026-02-19 19:23:24,starter_pouch,1.99,120,0
TX000010093,173582,2026-02-19 19:23:27,starter_pouch,1.99,120,0
TX000009826,159773,2026-02-19 19:28:34,small_pouch,4.99,350,0
TX000005300,174357,2026-02-19 19:35:52,small_pouch,4.99,350,0
TX000014108,117994,2026-02-19 19:35:54,starter_pouch,1.99,120,0
TX000003463,170385,2026-02-19 19:40:15,medium_chest,9.99,800,0
TX000000520,143664,2026-02-19 19:50:50,vault,49.99,5000,0
TX000005058,137909,2026-02-19 20:06:05,small_pouch,4.99,350,0
TX000013144,137568,2026-02-19 20:20:51,small_pouch,4.99,350,0
TX000001473,163666,2026-02-19 20:48:48,large_chest,19.99,1800,0
TX000005598,167628,2026-02-19 20:55:43,starter_pouch,1.99,120,0
TX000002928,174881,2026-02-19 21:02:08,starter_pouch,1.99,120,0
TX000003426,137894,2026-02-19 21:04:33,small_pouch,4.99,350,0
TX000004827,143687,2026-02-19 21:08:14,vault,49.99,5000,0
TX000013023,170586,2026-02-19 21:31:13,large_chest,19.99,1800,0
TX000009581,144556,2026-02-19 21:35:14,starter_pouch,1.99,120,0
TX000002393,114092,2026-02-19 21:47:04,medium_chest,9.99,800,0
TX000004788,156305,2026-02-19 21:57:34,large_chest,19.99,1800,0
TX000010195,139416,2026-02-19 22:15:05,medium_chest,9.99,800,0
TX000000655,163067,2026-02-19 23:28:23,large_chest,19.99,1800,0
TX000013597,170507,2026-02-19 23:59:56,starter_pouch,1.99,120,0
TX000010874,122946,2026-02-20 07:07:10,large_chest,19.99,1800,0
TX000007264,117541,2026-02-20 08:49:35,small_pouch,4.99,350,0
TX000000779,143010,2026-02-20 08:49:43,starter_pouch,1.99,120,0
TX000015053,130905,2026-02-20 09:26:09,small_pouch,4.99,350,0
TX000006448,174691,2026-02-20 10:21:14,medium_chest,9.99,800,0
TX000004859,109332,2026-02-20 10:27:56,large_chest,19.99,1800,0
TX000007427,176921,2026-02-20 10:51:58,small_pouch,4.99,350,0
TX000013235,166330,2026-02-20 11:28:14,large_chest,19.99,1800,0
TX000000031,102642,2026-02-20 11:30:54,starter_pouch,1.99,120,0
TX000004495,143417,2026-02-20 12:08:40,large_chest,19.99,1800,0
TX000010895,172875,2026-02-20 13:18:01,small_pouch,4.99,350,0
TX000006065,109450,2026-02-20 13:43:00,vault,49.99,5000,0
TX000000218,104833,2026-02-20 13:57:00,starter_pouch,1.99,120,0
TX000009535,145129,2026-02-20 14:01:12,medium_chest,-9.99,-800,0
TX000006382,147751,2026-02-20 14:08:42,medium_chest,9.99,800,0
TX000014629,142710,2026-02-20 15:17:49,vault,49.99,5000,0
TX000002993,128718,2026-02-20 16:11:38,mega_vault,99.99,11000,0
TX000012821,135407,2026-02-20 16:28:12,large_chest,19.99,1800,0
TX000002516,105675,2026-02-20 16:33:37,small_pouch,4.99,350,0
TX000010749,153574,2026-02-20 16:38:46,large_chest,19.99,1800,0
TX000003828,176445,2026-02-20 16:50:36,small_pouch,4.99,350,0
TX000011329,164204,2026-02-20 16:54:30,large_chest,19.99,1800,0
TX000001392,115076,2026-02-20 17:24:05,large_chest,19.99,1800,0
TX000005020,169659,2026-02-20 17:26:50,starter_pouch,1.99,120,0
TX000010149,161345,2026-02-20 17:26:59,small_pouch,4.99,350,0
TX000003204,105120,2026-02-20 17:38:47,medium_chest,9.99,800,0
TX000009221,137798,2026-02-20 17:40:08,mega_vault,99.99,11000,0
TX000008624,105799,2026-02-20 17:41:55,small_pouch,4.99,350,0
TX000000731,132034,2026-02-20 17:50:03,large_chest,19.99,1800,0
TX000015067,145891,2026-02-20 18:18:01,medium_chest,9.99,800,0
TX000007217,174512,2026-02-20 18:35:42,starter_pouch,1.99,120,0
TX000005013,105513,2026-02-20 18:46:40,small_pouch,4.99,350,0
TX000007139,147412,2026-02-20 18:46:56,starter_pouch,1.99,120,0
TX000011939,129953,2026-02-20 19:02:10,vault,49.99,5000,0
TX000008308,114979,2026-02-20 19:03:22,vault,49.99,5000,0
TX000008149,150010,2026-02-20 19:09:14,large_chest,19.99,1800,0
TX000005823,116087,2026-02-20 19:35:19,small_pouch,4.99,350,0
TX000013066,157692,2026-02-20 19:39:32,large_chest,19.99,1800,0
TX000007953,145924,2026-02-20 19:54:00,small_pouch,4.99,350,0
TX000012501,101070,2026-02-20 19:54:41,large_chest,19.99,1800,0
TX000010055,108711,2026-02-20 20:04:41,mega_vault,99.99,11000,0
TX000001015,177210,2026-02-20 20:12:57,medium_chest,9.99,800,0
TX000003233,112773,2026-02-20 20:37:24,vault,49.99,5000,0
TX000007772,157379,2026-02-20 21:21:42,starter_pouch,1.99,120,0
TX000002837,168359,2026-02-20 23:59:56,starter_pouch,1.99,120,0
TX000008117,134678,2026-02-21 06:17:33,small_pouch,4.99,350,0
TX000012668,147284,2026-02-21 06:54:01,starter_pouch,1.99,120,0
TX000003680,108191,2026-02-21 07:03:19,starter_pouch,1.99,120,0
TX000002248,126114,2026-02-21 07:21:44,medium_chest,9.99,800,0
TX000008022,162908,2026-02-21 07:22:10,small_pouch,4.99,350,0
TX000013821,154228,2026-02-21 09:39:44,vault,49.99,5000,0
TX000013008,134234,2026-02-21 10:00:55,starter_pouch,1.99,120,0
TX000005553,108926,2026-02-21 10:04:45,starter_pouch,1.99,120,0
TX000008292,169553,2026-02-21 10:47:48,starter_pouch,1.99,120,0
TX000009291,112902,2026-02-21 10:54:34,starter_pouch,1.99,120,0
TX000010709,116741,2026-02-21 11:02:54,small_pouch,4.99,350,0
TX000006392,125009,2026-02-21 11:06:00,small_pouch,4.99,350,0
TX000011116,176921,2026-02-21 11:24:28,small_pouch,-4.99,-350,0
TX000007225,170754,2026-02-21 13:07:23,medium_chest,9.99,800,0
TX000004828,156293,2026-02-21 14:00:26,small_pouch,4.99,350,0
TX000005175,134920,2026-02-21 14:41:53,vault,49.99,5000,0
TX000012668,147284,2026-02-21 14:42:52,starter_pouch,1.99,120,0
TX000002083,111330,2026-02-21 17:23:29,small_pouch,4.99,350,0
TX000000871,117994,2026-02-21 17:55:55,starter_pouch,-1.99,-120,0
TX000009291,112902,2026-02-21 18:22:01,starter_pouch,1.99,120,0
TX000011014,148635,2026-02-21 18:25:18,small_pouch,4.99,350,0
TX000011323,117675,2026-02-21 18:35:02,starter_pouch,1.99,120,0
TX000013879,159686,2026-02-21 18:38:14,large_chest,19.99,1800,0
TX000014025,152055,2026-02-21 18:45:41,starter_pouch,1.99,120,0
TX000008854,102711,2026-02-21 18:50:02,large_chest,19.99,1800,0
TX000008915,142672,2026-02-21 18:52:17,medium_chest,9.99,800,0
TX000015068,161317,2026-02-21 18:52:57,starter_pouch,1.99,120,0
TX000010760,166622,2026-02-21 19:23:44,medium_chest,9.99,800,0
TX000012522,172773,2026-02-21 19:26:06,starter_pouch,1.99,120,0
TX000013240,116043,2026-02-21 19:29:11,starter_pouch,1.99,120,0
TX000013961,109738,2026-02-21 19:30:37,starter_pouch,1.99,120,0
TX000005126,143561,2026-02-21 19:31:54,large_chest,19.99,1800,0
TX000012791,165974,2026-02-21 19:34:38,medium_chest,9.99,800,0
TX000003097,122324,2026-02-21 19:56:27,starter_pouch,1.99,120,0
TX000010318,153555,2026-02-21 20:03:54,starter_pouch,1.99,120,0
TX000000591,120666,2026-02-21 20:35:04,small_pouch,4.99,350,0
TX000005406,140910,2026-02-21 20:45:18,large_chest,19.99,1800,0
TX000013291,135834,2026-02-21 21:16:24,small_pouch,4.99,350,0
TX000002721,166475,2026-02-21 21:16:57,mega_vault,99.99,11000,0
TX000001523,156822,2026-02-21 22:55:35,medium_chest,9.99,800,0
TX000013856,115065,2026-02-21 23:09:44,large_chest,19.99,1800,0
TX000013368,153749,2026-02-22 06:01:26,large_chest,19.99,1800,1
TX000013329,143402,2026-02-22 06:03:13,medium_chest,9.99,800,1
TX000004625,109577,2026-02-22 06:04:14,medium_chest,9.99,800,1
TX000007143,178708,2026-02-22 06:10:59,medium_chest,9.99,800,1
TX000003620,177426,2026-02-22 06:18:29,starter_pouch,1.99,120,1
TX000007167,179201,2026-02-22 06:18:47,starter_pouch,1.99,120,1
TX000009537,114796,2026-02-22 06:19:16,starter_pouch,1.99,120,1
TX000013978,167003,2026-02-22 06:30:24,small_pouch,4.99,350,1
TX000005960,160515,2026-02-22 06:41:00,medium_chest,9.99,800,1
TX000003821,133301,2026-02-22 06:44:50,small_pouch,4.99,350,1
TX000007242,143090,2026-02-22 06:58:13,starter_pouch,1.99,120,1
TX000013386,108417,2026-02-22 07:05:30,small_pouch,4.99,350,1
TX000007117,117437,2026-02-22 07:07:14,starter_pouch,1.99,120,1
TX000008954,100353,2026-02-22 07:14:11,vault,49.99,5000,1
TX000003389,149067,2026-02-22 07:17:41,large_chest,19.99,1800,1
TX000011598,142333,2026-02-22 07:21:41,small_pouch,4.99,350,1
TX000015287,133442,2026-02-22 07:28:07,small_pouch,4.99,350,1
TX000002112,176212,2026-02-22 07:35:01,medium_chest,9.99,800,1
TX000009811,170664,2026-02-22 07:40:35,starter_pouch,1.99,120,1
TX000002076,122820,2026-02-22 07:47:04,starter_pouch,1.99,120,1
TX000002792,157161,2026-02-22 07:47:32,starter_pouch,1.99,120,1
TX000005215,134261,2026-02-22 08:13:30,starter_pouch,1.99,120,1
TX000013956,146347,2026-02-22 08:19:01,small_pouch,4.99,350,1
TX000004123,130392,2026-02-22 08:26:09,starter_pouch,1.99,120,1
TX000000808,161378,2026-02-22 08:29:06,medium_chest,9.99,800,1
TX000009589,104854,2026-02-22 08:34:08,large_chest,19.99,1800,1
TX000009939,150734,2026-02-22 08:39:17,starter_pouch,1.99,120,1
TX000000985,118710,2026-02-22 08:41:32,starter_pouch,1.99,120,1
TX000002060,133981,2026-02-22 08:44:49,starter_pouch,1.99,120,1
TX000007209,117929,2026-02-22 08:50:48,small_pouch,4.99,350,1
TX000010010,135407,2026-02-22 09:02:11,medium_chest,9.99,800,1
TX000013865,134812,2026-02-22 09:04:04,medium_chest,9.99,800,1
TX000010635,168252,2026-02-22 09:08:28,starter_pouch,1.99,120,1
TX000003175,152183,2026-02-22 09:10:19,small_pouch,4.99,350,1
TX000008369,115649,2026-02-22 09:15:20,small_pouch,4.99,350,1
TX000008949,110683,2026-02-22 09:42:30,mega_vault,99.99,11000,1
TX000001694,123093,2026-02-22 09:51:15,vault,49.99,5000,1
TX000012720,102497,2026-02-22 10:05:11,small_pouch,4.99,350,1
TX000004240,149179,2026-02-22 10:06:04,small_pouch,4.99,350,1
TX000000183,177489,2026-02-22 10:25:37,small_pouch,4.99,350,1
TX000015232,125540,2026-02-22 10:44:33,starter_pouch,1.99,120,1
TX000009200,173714,2026-02-22 10:55:41,medium_chest,9.99,800,1
TX000001141,169722,2026-02-22 10:57:03,medium_chest,9.99,800,1
TX000001734,145566,2026-02-22 11:02:10,small_pouch,4.99,350,1
TX000000414,169902,2026-02-22 11:11:34,starter_pouch,1.99,120,1
TX000010349,128982,2026-02-22 11:14:10,large_chest,19.99,1800,1
TX000011596,173543,2026-02-22 11:14:28,small_pouch,4.99,350,1
TX000000351,137081,2026-02-22 11:19:04,small_pouch,4.99,350,1
TX000003845,127787,2026-02-22 11:38:25,mega_vault,99.99,11000,1
TX000013936,149975,2026-02-22 11:40:41,medium_chest,9.99,800,1
TX000002443,140183,2026-02-22 11:52:18,large_chest,19.99,1800,1
TX000012422,166231,2026-02-22 12:06:46,starter_pouch,1.99,120,1
TX000013895,146019,2026-02-22 12:15:20,medium_chest,9.99,800,1
TX000012240,158047,2026-02-22 12:16:45,medium_chest,9.99,800,1
TX000002446,149724,2026-02-22 12:16:59,starter_pouch,1.99,120,1
TX000003513,117458,2026-02-22 12:19:22,starter_pouch,1.99,120,1
TX000005683,103676,2026-02-22 12:30:09,vault,49.99,5000,1
TX000014927,164779,2026-02-22 12:30:28,starter_pouch,1.99,120,1
TX000002384,103203,2026-02-22 12:33:12,starter_pouch,1.99,120,1
TX000001572,136790,2026-02-22 12:46:51,starter_pouch,1.99,120,1
TX000008388,160515,2026-02-22 12:47:00,vault,49.99,5000,1
TX000002075,128246,2026-02-22 12:47:20,large_chest,19.99,1800,1
TX000000336,116279,2026-02-22 12:54:54,starter_pouch,1.99,120,1
TX000001969,112938,2026-02-22 12:55:07,small_pouch,4.99,350,1
TX000005220,157256,2026-02-22 12:56:19,large_chest,19.99,1800,1
TX000002624,128258,2026-02-22 13:03:40,vault,49.99,5000,1
TX000002781,126224,2026-02-22 13:07:18,medium_chest,9.99,800,1
TX000009447,135154,2026-02-22 13:14:30,small_pouch,4.99,350,1
TX000008009,139108,2026-02-22 13:25:38,vault,49.99,5000,1
TX000013529,116212,2026-02-22 13:39:42,starter_pouch,1.99,120,1
TX000002113,143370,2026-02-22 13:42:02,starter_pouch,1.99,120,1
TX000006452,178171,2026-02-22 13:46:27,medium_chest,9.99,800,1
TX000013626,116291,2026-02-22 13:54:57,medium_chest,9.99,800,1
TX000004178,131483,2026-02-22 13:57:31,large_chest,19.99,1800,1
TX000006990,166023,2026-02-22 14:04:34,vault,49.99,5000,1
TX000011479,113549,2026-02-22 14:12:04,vault,49.99,5000,1
TX000011097,134391,2026-02-22 14:16:24,small_pouch,4.99,350,1
TX000004741,175527,2026-02-22 14:21:24,small_pouch,4.99,350,1
TX000007744,164698,2026-02-22 14:24:11,small_pouch,4.99,350,1
TX000008437,109219,2026-02-22 14:26:48,large_chest,19.99,1800,1
TX000012743,165727,2026-02-22 14:28:36,vault,49.99,5000,1
TX000004090,168899,2026-02-22 14:31:53,starter_pouch,1.99,120,1
TX000000845,124854,2026-02-22 14:38:58,starter_pouch,1.99,120,1
TX000005106,167242,2026-02-22 14:56:57,small_pouch,4.99,350,1
TX000013825,141795,2026-02-22 14:57:31,small_pouch,4.99,350,1
TX000012036,176970,2026-02-22 15:00:02,small_pouch,4.99,350,1
TX000006738,170675,2026-02-22 15:13:46,large_chest,19.99,1800,1
TX000001475,177913,2026-02-22 15:15:10,vault,49.99,5000,1
TX000012300,166604,2026-02-22 15:24:41,medium_chest,9.99,800,1
TX000009371,167994,2026-02-22 15:28:47,small_pouch,4.99,350,1
TX000008322,116190,2026-02-22 15:32:58,medium_chest,9.99,800,1
TX000013676,175599,2026-02-22 15:35:57,starter_pouch,1.99,120,1
TX000001895,176022,2026-02-22 15:37:51,starter_pouch,1.99,120,1
TX000007793,126677,2026-02-22 15:38:39,starter_pouch,1.99,120,1
TX000011601,175704,2026-02-22 15:41:12,small_pouch,4.99,350,1
TX000013307,153621,2026-02-22 15:43:45,starter_pouch,1.99,120,1
TX000014995,128584,2026-02-22 15:45:51,medium_chest,9.99,800,1
TX000011284,127787,2026-02-22 15:46:28,starter_pouch,1.99,120,1
TX000008425,119808,2026-02-22 15:52:38,starter_pouch,1.99,120,1
TX000002913,106215,2026-02-22 15:52:57,large_chest,19.99,1800,1
TX000007002,151960,2026-02-22 15:58:53,medium_chest,9.99,800,1
TX000004467,177744,2026-02-22 16:03:20,starter_pouch,1.99,120,1
TX000011976,162369,2026-02-22 16:06:57,small_pouch,4.99,350,1
TX000006509,147939,2026-02-22 16:07:35,small_pouch,4.99,350,1
TX000003392,128828,2026-02-22 16:15:34,large_chest,19.99,1800,1
TX000007835,118057,2026-02-22 16:20:28,starter_pouch,1.99,120,1
TX000004087,133050,2026-02-22 16:33:03,vault,49.99,5000,1
TX000008723,103769,2026-02-22 16:34:42,medium_chest,9.99,800,1
TX000005251,139333,2026-02-22 16:35:31,medium_chest,9.99,800,1
TX000011556,138530,2026-02-22 16:37:12,starter_pouch,1.99,120,1
TX000007167,179201,2026-02-22 16:39:33,starter_pouch,1.99,120,1
TX000002844,145387,2026-02-22 16:39:38,starter_pouch,1.99,120,1
TX000010481,133925,2026-02-22 16:42:11,starter_pouch,1.99,120,1
TX000011100,133047,2026-02-22 16:47:03,small_pouch,4.99,350,1
TX000003214,101196,2026-02-22 16:51:11,medium_chest,9.99,800,1
TX000001113,104755,2026-02-22 16:52:25,small_pouch,4.99,350,1
TX000002981,119953,2026-02-22 16:53:38,vault,49.99,5000,1
TX000002009,157705,2026-02-22 16:54:10,small_pouch,4.99,350,1
TX000008912,163996,2026-02-22 16:54:34,small_pouch,4.99,350,1
TX000000649,122306,2026-02-22 16:55:14,medium_chest,9.99,800,1
TX000011041,114779,2026-02-22 16:55:37,small_pouch,4.99,350,1
TX000000189,105970,2026-02-22 16:59:58,starter_pouch,1.99,120,1
TX000014010,105187,2026-02-22 17:00:07,medium_chest,9.99,800,1
TX000014628,154108,2026-02-22 17:00:17,medium_chest,9.99,800,1
TX000013431,153713,2026-02-22 17:01:39,starter_pouch,1.99,120,1
TX000008311,127932,2026-02-22 17:05:24,medium_chest,9.99,800,1
TX000008444,115835,2026-02-22 17:07:34,medium_chest,9.99,800,1
TX000004078,136431,2026-02-22 17:13:25,starter_pouch,1.99,120,1
TX000005473,180249,2026-02-22 17:15:24,starter_pouch,1.99,120,1
TX000002138,138530,2026-02-22 17:16:26,medium_chest,9.99,800,1
TX000013862,104326,2026-02-22 17:17:09,large_chest,19.99,1800,1
TX000015075,169102,2026-02-22 17:21:38,starter_pouch,1.99,120,1
TX000009071,173482,2026-02-22 17:24:39,mega_vault,99.99,11000,1
TX000002586,170817,2026-02-22 17:25:03,medium_chest,9.99,800,1
TX000002710,141366,2026-02-22 17:25:21,medium_chest,9.99,800,1
TX000013960,117929,2026-02-22 17:27:15,small_pouch,4.99,350,1
TX000013561,161306,2026-02-22 17:27:18,medium_chest,9.99,800,1
TX000009408,165819,2026-02-22 17:27:59,small_pouch,4.99,350,1
TX000001361,172512,2026-02-22 17:28:42,starter_pouch,1.99,120,1
TX000013795,156382,2026-02-22 17:34:09,starter_pouch,1.99,120,1
TX000008193,110922,2026-02-22 17:34:25,vault,49.99,5000,1
TX000014143,144678,2026-02-22 17:37:48,starter_pouch,1.99,120,1
TX000007662,174912,2026-02-22 17:38:53,vault,49.99,5000,1
TX000001986,162728,2026-02-22 17:40:34,large_chest,19.99,1800,1
TX000001071,156886,2026-02-22 17:45:03,medium_chest,9.99,800,1
TX000006028,115242,2026-02-22 17:45:05,vault,49.99,5000,1
TX000004958,118419,2026-02-22 17:48:33,medium_chest,9.99,800,1
TX000003146,119783,2026-02-22 17:50:45,small_pouch,4.99,350,1
TX000013195,149762,2026-02-22 17:53:37,starter_pouch,1.99,120,1
TX000008907,162063,2026-02-22 17:54:19,small_pouch,4.99,350,1
TX000010045,112846,2026-02-22 17:55:58,small_pouch,4.99,350,1
TX000004010,160237,2026-02-22 17:56:12,large_chest,19.99,1800,1
TX000010921,127096,2026-02-22 17:56:35,small_pouch,4.99,350,1
TX000012998,119032,2026-02-22 17:56:54,medium_chest,9.99,800,1
TX000004774,123959,2026-02-22 18:00:29,small_pouch,4.99,350,1
TX000012764,141637,2026-02-22 18:05:04,small_pouch,4.99,350,1
TX000005027,108626,2026-02-22 18:08:08,starter_pouch,1.99,120,1
TX000009030,166851,2026-02-22 18:10:18,starter_pouch,1.99,120,1
TX000013072,162728,2026-02-22 18:14:24,starter_pouch,1.99,120,1
TX000005413,129100,2026-02-22 18:15:31,medium_chest,9.99,800,1
TX000001654,134279,2026-02-22 18:18:22,medium_chest,9.99,800,1
TX000000709,164712,2026-02-22 18:19:15,vault,49.99,5000,1
TX000006814,134789,2026-02-22 18:19:29,small_pouch,4.99,350,1
TX000014447,119762,2026-02-22 18:19:33,small_pouch,4.99,350,1
TX000008180,106895,2026-02-22 18:21:22,starter_pouch,1.99,120,1
TX000002816,159365,2026-02-22 18:22:12,starter_pouch,1.99,120,1
TX000002560,116481,2026-02-22 18:26:54,starter_pouch,1.99,120,1
TX000012094,130630,2026-02-22 18:27:01,medium_chest,9.99,800,1
TX000011979,111623,2026-02-22 18:29:07,starter_pouch,1.99,120,1
TX000013339,132853,2026-02-22 18:29:08,large_chest,19.99,1800,1
TX000011261,118033,2026-02-22 18:30:05,small_pouch,-4.99,-350,0
TX000010308,169728,2026-02-22 18:33:26,large_chest,19.99,1800,1
TX000004108,176752,2026-02-22 18:35:20,medium_chest,9.99,800,1
TX000003348,123370,2026-02-22 18:36:51,medium_chest,9.99,800,1
TX000012396,125198,2026-02-22 18:37:22,starter_pouch,1.99,120,1
TX000013481,177828,2026-02-22 18:38:15,medium_chest,9.99,800,1
TX000009189,111658,2026-02-22 18:40:09,starter_pouch,1.99,120,1
TX000014100,109671,2026-02-22 18:44:51,starter_pouch,1.99,120,1
TX000013902,160349,2026-02-22 18:45:16,starter_pouch,1.99,120,1
TX000013062,105442,2026-02-22 18:48:02,starter_pouch,1.99,120,1
TX000000630,158820,2026-02-22 18:50:35,starter_pouch,1.99,120,1
TX000009693,135833,2026-02-22 18:53:09,large_chest,19.99,1800,1
TX000006936,116820,2026-02-22 18:55:03,starter_pouch,1.99,120,1
TX000008075,140707,2026-02-22 18:55:08,small_pouch,4.99,350,1
TX000009359,131984,2026-02-22 18:56:13,vault,49.99,5000,1
TX000003253,157319,2026-02-22 18:56:31,small_pouch,4.99,350,1
TX000008150,160361,2026-02-22 18:57:39,small_pouch,4.99,350,1
TX000006050,113076,2026-02-22 19:00:47,medium_chest,9.99,800,1
TX000012248,110760,2026-02-22 19:04:08,starter_pouch,1.99,120,1
TX000001443,132598,2026-02-22 19:05:09,starter_pouch,1.99,120,1
TX000014553,143738,2026-02-22 19:07:48,mega_vault,99.99,11000,1
TX000004108,176752,2026-02-22 19:11:30,medium_chest,9.99,800,1
TX000012769,132351,2026-02-22 19:13:24,starter_pouch,1.99,120,1
TX000003701,127948,2026-02-22 19:15:16,medium_chest,9.99,800,1
TX000002725,167183,2026-02-22 19:15:22,medium_chest,9.99,800,1
TX000002521,105270,2026-02-22 19:16:00,large_chest,19.99,1800,1
TX000011979,111623,2026-02-22 19:17:30,starter_pouch,1.99,120,1
TX000004403,105552,2026-02-22 19:19:29,large_chest,19.99,1800,1
TX000007637,135920,2026-02-22 19:21:27,starter_pouch,1.99,120,1
TX000008988,154214,2026-02-22 19:21:51,medium_chest,9.99,800,1
TX000003472,135355,2026-02-22 19:22:49,vault,49.99,5000,1
TX000010708,105505,2026-02-22 19:23:19,medium_chest,9.99,800,1
TX000014321,118218,2026-02-22 19:25:47,large_chest,19.99,1800,1
TX000013971,132956,2026-02-22 19:26:08,medium_chest,9.99,800,1
TX000003152,176163,2026-02-22 19:27:56,vault,49.99,5000,1
TX000011646,108610,2026-02-22 19:29:39,large_chest,19.99,1800,1
TX000007495,179683,2026-02-22 19:30:39,starter_pouch,1.99,120,1
TX000009840,105507,2026-02-22 19:33:18,small_pouch,4.99,350,1
TX000013415,159175,2026-02-22 19:33:49,starter_pouch,1.99,120,1
TX000012097,156589,2026-02-22 19:39:41,starter_pouch,1.99,120,1
TX000002465,172145,2026-02-22 19:41:14,vault,49.99,5000,1
TX000003009,126589,2026-02-22 19:43:55,small_pouch,4.99,350,1
TX000013414,123619,2026-02-22 19:45:07,small_pouch,4.99,350,1
TX000004234,134664,2026-02-22 19:45:09,starter_pouch,1.99,120,1
TX000015013,115340,2026-02-22 19:47:54,small_pouch,4.99,350,1
TX000010106,118419,2026-02-22 19:51:39,mega_vault,99.99,11000,1
TX000005818,171977,2026-02-22 19:52:24,vault,49.99,5000,1
TX000001776,161702,2026-02-22 19:53:13,small_pouch,4.99,350,1
TX000006531,171952,2026-02-22 19:53:36,medium_chest,9.99,800,1
TX000014308,175154,2026-02-22 19:54:15,medium_chest,9.99,800,1
TX000007282,105584,2026-02-22 19:56:12,medium_chest,9.99,800,1
TX000000099,129655,2026-02-22 19:59:22,starter_pouch,1.99,120,1
TX000014609,123476,2026-02-22 20:01:52,small_pouch,4.99,350,1
TX000001439,175609,2026-02-22 20:03:19,starter_pouch,1.99,120,1
TX000011265,171929,2026-02-22 20:10:02,vault,49.99,5000,1
TX000006009,116917,2026-02-22 20:10:21,starter_pouch,1.99,120,1
TX000005622,126764,2026-02-22 20:11:02,starter_pouch,1.99,120,1
TX000013261,151699,2026-02-22 20:11:30,starter_pouch,1.99,120,1
TX000013106,121450,2026-02-22 20:11:58,vault,49.99,5000,1
TX000000647,149811,2026-02-22 20:12:15,mega_vault,99.99,11000,1
TX000001467,133335,2026-02-22 20:12:56,small_pouch,4.99,350,1
TX000001662,137670,2026-02-22 20:15:54,small_pouch,4.99,350,1
TX000000070,148409,2026-02-22 20:16:38,small_pouch,4.99,350,1
TX000000408,171012,2026-02-22 20:16:39,small_pouch,4.99,350,1
TX000005306,140925,2026-02-22 20:18:09,starter_pouch,1.99,120,1
TX000005343,129997,2026-02-22 20:20:32,small_pouch,4.99,350,1
TX000013358,104190,2026-02-22 20:21:11,large_chest,19.99,1800,1
TX000009547,101010,2026-02-22 20:22:30,large_chest,19.99,1800,1
TX000007093,119669,2026-02-22 20:24:59,small_pouch,4.99,350,1
TX000010556,153436,2026-02-22 20:27:32,mega_vault,99.99,11000,1
TX000000109,148416,2026-02-22 20:29:25,vault,49.99,5000,1
TX000003896,116279,2026-02-22 20:30:03,starter_pouch,1.99,120,1
TX000008735,129678,2026-02-22 20:33:57,mega_vault,99.99,11000,1
TX000014305,131542,2026-02-22 20:35:47,starter_pouch,1.99,120,1
TX000015292,133629,2026-02-22 20:36:00,medium_chest,9.99,800,1
TX000000947,151703,2026-02-22 20:38:33,large_chest,19.99,1800,1
TX000003728,155344,2026-02-22 20:39:04,starter_pouch,1.99,120,1
TX000002600,152952,2026-02-22 20:41:17,small_pouch,4.99,350,1
TX000003860,125315,2026-02-22 20:43:08,small_pouch,4.99,350,1
TX000001996,153240,2026-02-22 20:45:09,starter_pouch,1.99,120,1
TX000006354,153781,2026-02-22 20:45:44,starter_pouch,1.99,120,1
TX000002483,176930,2026-02-22 20:47:21,medium_chest,9.99,800,1
TX000000277,109577,2026-02-22 20:49:37,large_chest,19.99,1800,1
TX000011051,156179,2026-02-22 20:50:46,large_chest,19.99,1800,1
TX000007596,111112,2026-02-22 20:53:39,large_chest,19.99,1800,1
TX000003690,117174,2026-02-22 20:55:00,small_pouch,4.99,350,1
TX000013267,174967,2026-02-22 20:55:34,starter_pouch,1.99,120,1
TX000012659,138893,2026-02-22 20:55:46,starter_pouch,1.99,120,1
TX000009844,169394,2026-02-22 21:00:11,starter_pouch,1.99,120,1
TX000007950,165478,2026-02-22 21:00:31,vault,49.99,5000,1
TX000010381,178670,2026-02-22 21:01:07,starter_pouch,1.99,120,1
TX000013010,137690,2026-02-22 21:01:56,large_chest,19.99,1800,1
TX000003466,171690,2026-02-22 21:04:40,large_chest,19.99,1800,1
TX000007051,135482,2026-02-22 21:05:49,large_chest,19.99,1800,1
TX000002753,119868,2026-02-22 21:08:58,small_pouch,4.99,350,1
TX000013792,129147,2026-02-22 21:09:43,large_chest,19.99,1800,1
TX000011709,164023,2026-02-22 21:13:46,starter_pouch,1.99,120,1
TX000010204,162117,2026-02-22 21:14:45,medium_chest,9.99,800,1
TX000010710,158088,2026-02-22 21:15:36,small_pouch,4.99,350,1
TX000013072,162728,2026-02-22 21:19:27,starter_pouch,1.99,120,1
TX000012309,145431,2026-02-22 21:22:41,vault,49.99,5000,1
TX000014172,141252,2026-02-22 21:23:05,large_chest,19.99,1800,1
TX000011437,152906,2026-02-22 21:26:44,starter_pouch,1.99,120,1
TX000010331,114513,2026-02-22 21:28:46,small_pouch,4.99,350,1
TX000011090,170654,2026-02-22 21:32:20,starter_pouch,1.99,120,1
TX000008188,128200,2026-02-22 21:37:04,medium_chest,9.99,800,1
TX000007435,151269,2026-02-22 21:38:37,starter_pouch,1.99,120,1
TX000008852,130275,2026-02-22 21:39:40,starter_pouch,1.99,120,1
TX000009362,147585,2026-02-22 21:41:19,small_pouch,4.99,350,1
TX000013267,174967,2026-02-22 21:43:55,starter_pouch,1.99,120,1
TX000003581,164221,2026-02-22 21:45:31,mega_vault,99.99,11000,1
TX000007580,116519,2026-02-22 21:47:03,mega_vault,99.99,11000,1
TX000009773,135066,2026-02-22 21:47:28,small_pouch,4.99,350,1
TX000008840,127859,2026-02-22 21:47:59,medium_chest,9.99,800,1
TX000006255,145265,2026-02-22 21:49:51,medium_chest,9.99,800,1
TX000008768,137421,2026-02-22 21:52:45,small_pouch,4.99,350,1
TX000000954,157909,2026-02-22 21:53:26,starter_pouch,1.99,120,1
TX000006191,108429,2026-02-22 21:53:36,large_chest,19.99,1800,1
TX000003025,108425,2026-02-22 21:57:09,starter_pouch,1.99,120,1
TX000011708,116170,2026-02-22 21:58:51,mega_vault,99.99,11000,1
TX000015149,117872,2026-02-22 21:59:05,starter_pouch,1.99,120,1
TX000004301,103601,2026-02-22 22:01:14,starter_pouch,1.99,120,1
TX000002128,176184,2026-02-22 22:04:11,medium_chest,9.99,800,1
TX000004333,163666,2026-02-22 22:05:45,large_chest,19.99,1800,1
TX000000283,161065,2026-02-22 22:09:09,small_pouch,4.99,350,1
TX000011288,144837,2026-02-22 22:09:49,large_chest,19.99,1800,1
TX000009061,148689,2026-02-22 22:10:32,starter_pouch,1.99,120,1
TX000006494,132625,2026-02-22 22:11:41,small_pouch,4.99,350,1
TX000011606,178725,2026-02-22 22:15:49,medium_chest,9.99,800,1
TX000001728,123987,2026-02-22 22:23:48,medium_chest,9.99,800,1
TX000008056,117386,2026-02-22 22:26:19,small_pouch,4.99,350,1
TX000011343,152331,2026-02-22 22:28:33,starter_pouch,1.99,120,1
TX000012306,176375,2026-02-22 22:37:09,small_pouch,4.99,350,1
TX000011200,132557,2026-02-22 22:41:03,small_pouch,4.99,350,1
TX000003792,108257,2026-02-22 22:41:28,mega_vault,99.99,11000,1
TX000008405,141419,2026-02-22 22:41:37,medium_chest,9.99,800,1
TX000003173,144821,2026-02-22 22:43:00,small_pouch,4.99,350,1
TX000007900,119987,2026-02-22 22:59:13,starter_pouch,1.99,120,1
TX000004017,177977,2026-02-22 23:06:03,small_pouch,4.99,350,1
TX000001646,144017,2026-02-22 23:17:45,medium_chest,9.99,800,1
TX000006874,105970,2026-02-22 23:21:55,large_chest,19.99,1800,1
TX000013816,102820,2026-02-22 23:25:24,medium_chest,9.99,800,1
TX000004188,177217,2026-02-22 23:25:34,medium_chest,9.99,800,1
TX000009568,112775,2026-02-22 23:29:13,starter_pouch,1.99,120,1
TX000005957,175221,2026-02-22 23:33:14,small_pouch,4.99,350,1
TX000009322,107458,2026-02-22 23:34:45,vault,49.99,5000,1
TX000007049,129726,2026-02-22 23:39:00,small_pouch,4.99,350,1
TX000012144,172864,2026-02-22 23:42:43,medium_chest,9.99,800,1
TX000009563,167252,2026-02-22 23:49:21,large_chest,19.99,1800,1
TX000001292,104821,2026-02-22 23:49:57,small_pouch,4.99,350,1
TX000005907,149508,2026-02-22 23:51:37,small_pouch,4.99,350,1
TX000013500,126383,2026-02-22 23:59:56,medium_chest,9.99,800,1
TX000009820,105334,2026-02-22 23:59:56,starter_pouch,1.99,120,1
TX000005946,144248,2026-02-22 23:59:56,large_chest,19.99,1800,1
TX000009299,120407,2026-02-22 23:59:56,starter_pouch,1.99,120,1
TX000005872,109837,2026-02-23 06:13:16,large_chest,19.99,1800,1
TX000004264,171609,2026-02-23 06:14:53,small_pouch,4.99,350,1
TX000014756,179007,2026-02-23 06:32:23,medium_chest,9.99,800,1
TX000009914,101769,2026-02-23 06:39:06,small_pouch,4.99,350,1
TX000000344,135531,2026-02-23 06:41:40,large_chest,19.99,1800,1
TX000000210,148283,2026-02-23 06:43:17,small_pouch,4.99,350,1
TX000012598,108801,2026-02-23 06:48:30,small_pouch,4.99,350,1
TX000001904,116304,2026-02-23 06:51:17,vault,49.99,5000,1
TX000001307,104199,2026-02-23 06:52:43,vault,49.99,5000,1
TX000006798,156601,2026-02-23 06:53:01,small_pouch,4.99,350,1
TX000009114,117248,2026-02-23 06:53:56,medium_chest,9.99,800,1
TX000009146,162608,2026-02-23 06:57:46,small_pouch,4.99,350,1
TX000003709,124781,2026-02-23 06:59:00,large_chest,19.99,1800,1
TX000014258,156167,2026-02-23 07:07:32,small_pouch,4.99,350,1
TX000004672,102068,2026-02-23 07:13:15,large_chest,19.99,1800,1
TX000004295,118155,2026-02-23 07:14:58,small_pouch,4.99,350,1
TX000013525,159162,2026-02-23 07:17:28,large_chest,19.99,1800,1
TX000008804,141281,2026-02-23 07:30:45,small_pouch,4.99,350,1
TX000013006,150623,2026-02-23 07:43:19,starter_pouch,1.99,120,1
TX000008242,106951,2026-02-23 07:55:12,small_pouch,4.99,350,1
TX000000241,166918,2026-02-23 08:04:32,starter_pouch,1.99,120,1
TX000003603,177744,2026-02-23 08:12:28,starter_pouch,1.99,120,1
TX000005825,105981,2026-02-23 08:12:57,large_chest,19.99,1800,1
TX000011554,175573,2026-02-23 08:22:44,starter_pouch,1.99,120,1
TX000011428,133248,2026-02-23 08:25:37,small_pouch,4.99,350,1
TX000007820,145997,2026-02-23 08:25:37,small_pouch,4.99,350,1
TX000005467,131219,2026-02-23 08:26:37,small_pouch,4.99,350,1
TX000006019,150437,2026-02-23 08:27:17,medium_chest,9.99,800,1
TX000014736,171667,2026-02-23 08:27:34,starter_pouch,1.99,120,1
TX000008184,122200,2026-02-23 08:32:34,medium_chest,9.99,800,1
TX000001378,158823,2026-02-23 08:37:36,medium_chest,9.99,800,1
TX000003391,142060,2026-02-23 08:37:40,small_pouch,4.99,350,1
TX000003163,120155,2026-02-23 08:39:23,medium_chest,9.99,800,1
TX000014929,155505,2026-02-23 08:43:46,large_chest,19.99,1800,1
TX000014697,139989,2026-02-23 08:52:41,starter_pouch,1.99,120,1
TX000000507,149560,2026-02-23 08:57:41,starter_pouch,1.99,120,1
TX000011724,103358,2026-02-23 08:59:52,large_chest,-19.99,-1800,0
TX000013605,131405,2026-02-23 09:05:28,medium_chest,9.99,800,1
TX000002557,173333,2026-02-23 09:20:37,mega_vault,99.99,11000,1
TX000012183,132706,2026-02-23 09:21:13,small_pouch,4.99,350,1
TX000006864,128238,2026-02-23 09:27:30,starter_pouch,1.99,120,1
TX000001016,133914,2026-02-23 09:39:45,vault,49.99,5000,1
TX000008637,107094,2026-02-23 09:42:19,large_chest,19.99,1800,1
TX000008000,152201,2026-02-23 09:54:36,small_pouch,4.99,350,1
TX000004266,137980,2026-02-23 09:59:19,vault,49.99,5000,1
TX000009969,117968,2026-02-23 10:15:29,large_chest,19.99,1800,1
TX000006913,130758,2026-02-23 10:17:27,medium_chest,9.99,800,1
TX000005050,168756,2026-02-23 10:27:32,large_chest,19.99,1800,1
TX000001849,158016,2026-02-23 10:40:52,small_pouch,4.99,350,1
TX000003241,131942,2026-02-23 10:43:43,large_chest,19.99,1800,1
TX000008503,127135,2026-02-23 10:47:20,vault,49.99,5000,1
TX000011346,114831,2026-02-23 10:47:32,mega_vault,99.99,11000,1
TX000006502,176687,2026-02-23 10:51:15,starter_pouch,1.99,120,1
TX000001809,160517,2026-02-23 10:52:00,starter_pouch,1.99,120,1
TX000011340,142568,2026-02-23 10:54:01,starter_pouch,1.99,120,1
TX000006775,147125,2026-02-23 10:55:31,starter_pouch,1.99,120,1
TX000007374,156988,2026-02-23 11:02:56,starter_pouch,1.99,120,1
TX000012082,121951,2026-02-23 11:05:40,small_pouch,4.99,350,1
TX000002557,173333,2026-02-23 11:10:17,mega_vault,99.99,11000,1
TX000002868,121992,2026-02-23 11:12:34,small_pouch,4.99,350,1
TX000015143,177978,2026-02-23 11:19:46,medium_chest,9.99,800,1
TX000005977,167365,2026-02-23 11:24:45,medium_chest,9.99,800,1
TX000004375,107085,2026-02-23 11:29:29,small_pouch,4.99,350,1
TX000009419,116422,2026-02-23 11:30:41,large_chest,19.99,1800,1
TX000004547,154817,2026-02-23 11:52:18,small_pouch,4.99,350,1
TX000012162,137268,2026-02-23 12:00:39,starter_pouch,1.99,120,1
TX000002331,132557,2026-02-23 12:01:04,large_chest,19.99,1800,1
TX000006035,170933,2026-02-23 12:02:23,starter_pouch,1.99,120,1
TX000009846,143488,2026-02-23 12:06:31,large_chest,19.99,1800,1
TX000002286,102336,2026-02-23 12:26:00,large_chest,19.99,1800,1
TX000002208,178400,2026-02-23 12:31:12,starter_pouch,1.99,120,1
TX000013864,111578,2026-02-23 12:33:34,small_pouch,4.99,350,1
TX000006799,125060,2026-02-23 12:34:43,small_pouch,4.99,350,1
TX000012392,141080,2026-02-23 12:35:00,medium_chest,9.99,800,1
TX000002363,104369,2026-02-23 12:38:07,starter_pouch,1.99,120,1
TX000002530,103992,2026-02-23 12:41:04,starter_pouch,1.99,120,1
TX000012634,105593,2026-02-23 12:43:48,medium_chest,9.99,800,1
TX000013610,106181,2026-02-23 12:44:46,medium_chest,9.99,800,1
TX000014638,176318,2026-02-23 12:57:33,medium_chest,9.99,800,1
TX000000150,118457,2026-02-23 13:02:18,large_chest,19.99,1800,1
TX000015234,115848,2026-02-23 13:13:23,medium_chest,9.99,800,1
TX000008057,134874,2026-02-23 13:33:09,small_pouch,4.99,350,1
TX000001331,162491,2026-02-23 13:36:09,starter_pouch,1.99,120,1
TX000009463,121418,2026-02-23 13:40:12,starter_pouch,1.99,120,1
TX000008634,178942,2026-02-23 13:41:45,starter_pouch,1.99,120,1
TX000008019,172665,2026-02-23 13:41:53,medium_chest,9.99,800,1
TX000008341,104190,2026-02-23 13:45:19,medium_chest,9.99,800,1
TX000004655,175413,2026-02-23 13:48:47,vault,49.99,5000,1
TX000000377,143946,2026-02-23 14:13:14,small_pouch,4.99,350,1
TX000008658,148989,2026-02-23 14:13:46,small_pouch,4.99,350,1
TX000007568,122689,2026-02-23 14:19:02,small_pouch,4.99,350,1
TX000013598,102437,2026-02-23 14:42:01,small_pouch,4.99,350,1
TX000006286,157605,2026-02-23 14:45:51,mega_vault,99.99,11000,1
TX000010245,160056,2026-02-23 14:47:03,mega_vault,99.99,11000,1
TX000005614,136492,2026-02-23 14:48:26,vault,49.99,5000,1
TX000009751,140855,2026-02-23 15:02:25,medium_chest,9.99,800,1
TX000004256,113320,2026-02-23 15:10:53,small_pouch,4.99,350,1
TX000002537,105763,2026-02-23 15:11:24,small_pouch,4.99,350,1
TX000009134,116370,2026-02-23 15:12:29,large_chest,19.99,1800,1
TX000004926,167761,2026-02-23 15:13:00,vault,49.99,5000,1
TX000004898,158628,2026-02-23 15:22:59,starter_pouch,1.99,120,1
TX000000906,162174,2026-02-23 15:24:32,large_chest,19.99,1800,1
TX000007571,174691,2026-02-23 15:24:43,mega_vault,99.99,11000,1
TX000003077,131338,2026-02-23 15:27:54,medium_chest,9.99,800,1
TX000014182,156385,2026-02-23 15:28:40,large_chest,19.99,1800,1
TX000004217,116586,2026-02-23 15:34:59,small_pouch,4.99,350,1
TX000014033,176779,2026-02-23 15:36:53,medium_chest,9.99,800,1
TX000002418,161753,2026-02-23 15:39:00,large_chest,19.99,1800,1
TX000008785,115521,2026-02-23 15:40:46,starter_pouch,1.99,120,1
TX000006411,109861,2026-02-23 15:41:38,starter_pouch,1.99,120,1
TX000009156,165204,2026-02-23 15:43:42,small_pouch,4.99,350,1
TX000009934,115025,2026-02-23 15:44:44,starter_pouch,1.99,120,1
TX000014208,148822,2026-02-23 15:55:52,vault,49.99,5000,1
TX000000397,171380,2026-02-23 16:01:59,medium_chest,9.99,800,1
TX000006768,133353,2026-02-23 16:05:07,starter_pouch,1.99,120,1
TX000002122,107107,2026-02-23 16:12:38,large_chest,19.99,1800,1
TX000001983,156514,2026-02-23 16:15:20,medium_chest,9.99,800,1
TX000002080,118202,2026-02-23 16:15:50,starter_pouch,1.99,120,1
TX000005439,105262,2026-02-23 16:19:03,starter_pouch,1.99,120,1
TX000012376,109380,2026-02-23 16:24:40,small_pouch,4.99,350,1
TX000005980,144240,2026-02-23 16:24:41,starter_pouch,1.99,120,1
TX000003757,104783,2026-02-23 16:34:11,vault,49.99,5000,1
TX000005815,165850,2026-02-23 16:34:50,vault,49.99,5000,1
TX000003086,103754,2026-02-23 16:35:24,vault,49.99,5000,1
TX000012099,178593,2026-02-23 16:36:12,medium_chest,9.99,800,1
TX000014370,127619,2026-02-23 16:37:15,small_pouch,4.99,350,1
TX000004576,119991,2026-02-23 16:38:03,small_pouch,4.99,350,1
TX000014905,162476,2026-02-23 16:38:53,starter_pouch,1.99,120,1
TX000011463,123948,2026-02-23 16:42:13,mega_vault,99.99,11000,1
TX000008654,163836,2026-02-23 16:43:45,medium_chest,9.99,800,1
TX000001793,140260,2026-02-23 16:43:46,small_pouch,4.99,350,1
TX000003435,105390,2026-02-23 16:46:01,small_pouch,4.99,350,1
TX000001083,152049,2026-02-23 16:46:03,large_chest,19.99,1800,1
TX000001716,104181,2026-02-23 16:48:30,small_pouch,4.99,350,1
TX000002307,169262,2026-02-23 16:49:50,vault,49.99,5000,1
TX000006781,108351,2026-02-23 16:54:13,small_pouch,4.99,350,1
TX000005775,125698,2026-02-23 16:58:55,small_pouch,4.99,350,1
TX000000394,168272,2026-02-23 16:59:54,small_pouch,4.99,350,1
TX000001797,112741,2026-02-23 17:01:55,medium_chest,9.99,800,1
TX000006833,151188,2026-02-23 17:02:58,large_chest,19.99,1800,1
TX000012386,114929,2026-02-23 17:04:47,medium_chest,9.99,800,1
TX000005839,145531,2026-02-23 17:04:51,vault,49.99,5000,1
TX000005627,102526,2026-02-23 17:05:19,medium_chest,9.99,800,1
TX000001950,107681,2026-02-23 17:05:48,small_pouch,4.99,350,1
TX000005315,167183,2026-02-23 17:06:37,mega_vault,99.99,11000,1
TX000001430,103978,2026-02-23 17:07:29,medium_chest,9.99,800,1
TX000005131,127859,2026-02-23 17:10:45,medium_chest,9.99,800,1
TX000015119,129520,2026-02-23 17:12:50,medium_chest,9.99,800,1
TX000007920,118594,2026-02-23 17:15:49,small_pouch,4.99,350,1
TX000014065,134123,2026-02-23 17:19:24,medium_chest,9.99,800,1
TX000005991,138924,2026-02-23 17:21:08,small_pouch,4.99,350,1
TX000015249,149374,2026-02-23 17:23:47,medium_chest,9.99,800,1
TX000003006,128258,2026-02-23 17:25:43,starter_pouch,1.99,120,1
TX000009665,172483,2026-02-23 17:29:02,large_chest,19.99,1800,1
TX000013803,114842,2026-02-23 17:41:33,medium_chest,9.99,800,1
TX000002972,169876,2026-02-23 17:46:32,starter_pouch,1.99,120,1
TX000007208,119668,2026-02-23 17:47:02,mega_vault,99.99,11000,1
TX000013889,132911,2026-02-23 17:47:43,starter_pouch,1.99,120,1
TX000015235,129187,2026-02-23 17:48:13,medium_chest,9.99,800,1
TX000010962,126006,2026-02-23 17:48:20,medium_chest,9.99,800,1
TX000013962,147585,2026-02-23 17:48:59,medium_chest,9.99,800,1
TX000007978,159607,2026-02-23 17:54:22,starter_pouch,1.99,120,1
TX000005623,109555,2026-02-23 17:57:03,vault,49.99,5000,1
TX000002030,175993,2026-02-23 17:59:39,small_pouch,4.99,350,1
TX000007121,165482,2026-02-23 18:00:40,starter_pouch,1.99,120,1
TX000014378,100808,2026-02-23 18:01:07,small_pouch,4.99,350,1
TX000011227,164149,2026-02-23 18:01:08,medium_chest,9.99,800,1
TX000000644,106181,2026-02-23 18:05:05,vault,49.99,5000,1
TX000012329,111757,2026-02-23 18:05:31,small_pouch,4.99,350,1
TX000006493,154009,2026-02-23 18:07:31,medium_chest,9.99,800,1
TX000011315,110936,2026-02-23 18:09:30,starter_pouch,1.99,120,1
TX000007563,131559,2026-02-23 18:10:43,starter_pouch,1.99,120,1
TX000014820,145531,2026-02-23 18:12:45,medium_chest,9.99,800,1
TX000010696,102969,2026-02-23 18:13:02,starter_pouch,1.99,120,1
TX000009120,144030,2026-02-23 18:15:34,small_pouch,4.99,350,1
TX000011819,151541,2026-02-23 18:25:56,large_chest,19.99,1800,1
TX000013014,179186,2026-02-23 18:26:55,small_pouch,4.99,350,1
TX000004204,102197,2026-02-23 18:33:20,medium_chest,9.99,800,1
TX000010450,136626,2026-02-23 18:35:22,starter_pouch,1.99,120,1
TX000008508,130739,2026-02-23 18:37:19,medium_chest,9.99,800,1
TX000003891,165805,2026-02-23 18:39:58,mega_vault,99.99,11000,1
TX000008372,174912,2026-02-23 18:42:23,starter_pouch,1.99,120,1
TX000013748,140032,2026-02-23 18:42:27,starter_pouch,1.99,120,1
TX000005173,129778,2026-02-23 18:43:22,starter_pouch,1.99,120,1
TX000011974,143574,2026-02-23 18:46:17,medium_chest,9.99,800,1
TX000006604,163777,2026-02-23 18:46:17,vault,49.99,5000,1
TX000012626,118508,2026-02-23 18:51:08,large_chest,19.99,1800,1
TX000005340,158996,2026-02-23 18:51:39,large_chest,19.99,1800,1
TX000002924,116562,2026-02-23 18:52:17,large_chest,19.99,1800,1
TX000003126,145041,2026-02-23 18:54:10,medium_chest,9.99,800,1
TX000000905,164272,2026-02-23 18:58:30,medium_chest,9.99,800,1
TX000007296,170766,2026-02-23 19:08:34,small_pouch,4.99,350,1
TX000004187,177736,2026-02-23 19:09:19,starter_pouch,1.99,120,1
TX000005628,101972,2026-02-23 19:09:43,medium_chest,9.99,800,1
TX000014124,154027,2026-02-23 19:10:13,vault,49.99,5000,1
TX000001133,150344,2026-02-23 19:11:30,starter_pouch,1.99,120,1
TX000004584,172944,2026-02-23 19:13:02,medium_chest,9.99,800,1
TX000004651,105938,2026-02-23 19:13:44,starter_pouch,1.99,120,1
TX000014278,175594,2026-02-23 19:21:04,vault,49.99,5000,1
TX000003921,154317,2026-02-23 19:21:24,medium_chest,9.99,800,1
TX000006854,167945,2026-02-23 19:23:50,small_pouch,4.99,350,1
TX000007621,162753,2026-02-23 19:25:20,vault,49.99,5000,1
TX000003534,118960,2026-02-23 19:27:08,starter_pouch,1.99,120,1
TX000007263,149075,2026-02-23 19:29:04,small_pouch,4.99,350,1
TX000008148,133971,2026-02-23 19:29:09,medium_chest,9.99,800,1
TX000008612,130359,2026-02-23 19:29:29,starter_pouch,1.99,120,1
TX000005305,155158,2026-02-23 19:40:40,medium_chest,9.99,800,1
TX000010907,162042,2026-02-23 19:43:55,large_chest,19.99,1800,1
TX000014063,174189,2026-02-23 19:44:30,small_pouch,4.99,350,1
TX000012691,131423,2026-02-23 19:44:37,medium_chest,9.99,800,1
TX000008183,120641,2026-02-23 19:46:10,medium_chest,9.99,800,1
TX000007233,116268,2026-02-23 19:47:16,starter_pouch,1.99,120,1
TX000006856,148434,2026-02-23 19:49:27,mega_vault,99.99,11000,1
TX000012393,179266,2026-02-23 19:50:02,small_pouch,4.99,350,1
TX000006359,175849,2026-02-23 19:51:50,mega_vault,99.99,11000,1
TX000006561,145997,2026-02-23 19:52:42,medium_chest,9.99,800,1
TX000013585,174310,2026-02-23 19:53:09,small_pouch,4.99,350,1
TX000011605,148797,2026-02-23 19:54:00,medium_chest,9.99,800,1
TX000007388,130487,2026-02-23 19:55:47,medium_chest,9.99,800,1
TX000004639,164570,2026-02-23 19:56:05,small_pouch,4.99,350,1
TX000003405,164629,2026-02-23 19:57:58,starter_pouch,1.99,120,1
TX000008581,128769,2026-02-23 19:58:52,vault,49.99,5000,1
TX000004475,153777,2026-02-23 19:58:58,starter_pouch,1.99,120,1
TX000004893,123542,2026-02-23 20:01:46,small_pouch,4.99,350,1
TX000007472,109837,2026-02-23 20:03:05,medium_chest,9.99,800,1
TX000006479,123661,2026-02-23 20:05:03,large_chest,19.99,1800,1
TX000000308,117985,2026-02-23 20:06:15,small_pouch,4.99,350,1
TX000003920,175039,2026-02-23 20:06:24,large_chest,19.99,1800,1
TX000006302,126616,2026-02-23 20:07:14,small_pouch,4.99,350,1
TX000010460,123959,2026-02-23 20:07:16,starter_pouch,1.99,120,1
TX000000089,123055,2026-02-23 20:09:15,small_pouch,4.99,350,1
TX000013380,102337,2026-02-23 20:10:10,large_chest,19.99,1800,1
TX000014865,176798,2026-02-23 20:10:15,medium_chest,9.99,800,1
TX000011435,139635,2026-02-23 20:10:21,small_pouch,4.99,350,1
TX000015127,153180,2026-02-23 20:10:42,small_pouch,4.99,350,1
TX000002084,107550,2026-02-23 20:12:57,small_pouch,4.99,350,1
TX000005503,130707,2026-02-23 20:13:04,starter_pouch,1.99,120,1
TX000014978,145431,2026-02-23 20:13:20,small_pouch,4.99,350,1
TX000000817,115882,2026-02-23 20:15:25,starter_pouch,1.99,120,1
TX000011836,154830,2026-02-23 20:17:05,small_pouch,4.99,350,1
TX000011814,128273,2026-02-23 20:18:10,starter_pouch,1.99,120,1
TX000010449,150936,2026-02-23 20:19:24,starter_pouch,1.99,120,1
TX000002640,169662,2026-02-23 20:24:11,medium_chest,9.99,800,1
TX000014990,165576,2026-02-23 20:28:59,large_chest,19.99,1800,1
TX000011382,146450,2026-02-23 20:29:23,small_pouch,4.99,350,1
TX000006944,118163,2026-02-23 20:30:37,starter_pouch,1.99,120,1
TX000005541,152004,2026-02-23 20:31:59,small_pouch,4.99,350,1
TX000012827,137041,2026-02-23 20:34:09,vault,49.99,5000,1
TX000009593,142005,2026-02-23 20:42:00,small_pouch,4.99,350,1
TX000013289,168724,2026-02-23 20:44:58,starter_pouch,1.99,120,1
TX000014861,141784,2026-02-23 20:47:22,small_pouch,4.99,350,1
TX000007664,142680,2026-02-23 20:48:45,medium_chest,9.99,800,1
TX000010229,174538,2026-02-23 20:53:10,small_pouch,4.99,350,1
TX000005821,113767,2026-02-23 20:53:58,starter_pouch,1.99,120,1
TX000009555,142214,2026-02-23 20:58:24,mega_vault,99.99,11000,1
TX000006270,135681,2026-02-23 21:02:53,medium_chest,9.99,800,1
TX000010949,141070,2026-02-23 21:03:40,medium_chest,9.99,800,1
TX000011514,146252,2026-02-23 21:09:14,starter_pouch,1.99,120,1
TX000012301,119539,2026-02-23 21:10:03,starter_pouch,1.99,120,1
TX000006562,134952,2026-02-23 21:13:53,small_pouch,4.99,350,1
TX000005391,111824,2026-02-23 21:14:07,starter_pouch,1.99,120,1
TX000002711,167050,2026-02-23 21:15:23,starter_pouch,1.99,120,1
TX000008911,134464,2026-02-23 21:17:46,starter_pouch,1.99,120,1
TX000009577,175600,2026-02-23 21:22:09,vault,49.99,5000,1
TX000002682,132689,2026-02-23 21:27:32,small_pouch,4.99,350,1
TX000000090,143997,2026-02-23 21:28:03,starter_pouch,1.99,120,1
TX000013543,124278,2026-02-23 21:28:25,medium_chest,9.99,800,1
TX000010552,128099,2026-02-23 21:30:05,starter_pouch,1.99,120,1
TX000012047,158295,2026-02-23 21:30:09,small_pouch,4.99,350,1
TX000011955,168160,2026-02-23 21:33:44,mega_vault,99.99,11000,1
TX000007066,163594,2026-02-23 21:34:50,starter_pouch,1.99,120,1
TX000002669,134518,2026-02-23 21:35:07,large_chest,19.99,1800,1
TX000002003,143202,2026-02-23 21:35:13,medium_chest,9.99,800,1
TX000005552,169051,2026-02-23 21:35:14,small_pouch,4.99,350,1
TX000004721,106737,2026-02-23 21:42:42,starter_pouch,1.99,120,1
TX000007410,164204,2026-02-23 21:42:50,medium_chest,9.99,800,1
TX000014939,176836,2026-02-23 21:45:37,starter_pouch,1.99,120,1
TX000005921,144687,2026-02-23 21:46:29,starter_pouch,1.99,120,1
TX000001530,159608,2026-02-23 21:47:14,medium_chest,9.99,800,1
TX000010118,153685,2026-02-23 21:49:51,starter_pouch,1.99,120,1
TX000003808,119672,2026-02-23 21:49:53,small_pouch,4.99,350,1
TX000012438,159727,2026-02-23 21:50:49,medium_chest,9.99,800,1
TX000000039,173596,2026-02-23 22:04:04,large_chest,19.99,1800,1
TX000001381,145821,2026-02-23 22:04:10,small_pouch,4.99,350,1
TX000001787,155486,2026-02-23 22:06:37,small_pouch,4.99,350,1
TX000011657,105593,2026-02-23 22:07:07,starter_pouch,1.99,120,1
TX000013389,159715,2026-02-23 22:07:49,small_pouch,4.99,350,1
TX000001022,103243,2026-02-23 22:09:30,small_pouch,4.99,350,1
TX000011441,143573,2026-02-23 22:10:43,small_pouch,4.99,350,1
TX000004984,139599,2026-02-23 22:12:37,starter_pouch,1.99,120,1
TX000006714,145339,2026-02-23 22:14:05,starter_pouch,1.99,120,1
TX000008751,119075,2026-02-23 22:14:08,medium_chest,9.99,800,1
TX000007186,154555,2026-02-23 22:17:31,large_chest,19.99,1800,1
TX000014003,115164,2026-02-23 22:19:30,small_pouch,4.99,350,1
TX000003565,135474,2026-02-23 22:23:35,medium_chest,9.99,800,1
TX000011332,138497,2026-02-23 22:27:25,vault,49.99,5000,1
TX000004057,116263,2026-02-23 22:32:06,large_chest,19.99,1800,1
TX000011026,145726,2026-02-23 22:36:03,starter_pouch,1.99,120,1
TX000010388,140389,2026-02-23 22:44:57,starter_pouch,1.99,120,1
TX000010192,176687,2026-02-23 22:45:20,medium_chest,9.99,800,1
TX000011286,108052,2026-02-23 22:55:54,starter_pouch,1.99,120,1
TX000006923,140559,2026-02-23 22:58:29,small_pouch,4.99,350,1
TX000013434,104059,2026-02-23 23:06:42,small_pouch,4.99,350,1
TX000004782,146604,2026-02-23 23:08:43,medium_chest,9.99,800,1
TX000000444,170671,2026-02-23 23:10:41,starter_pouch,1.99,120,1
TX000014491,169134,2026-02-23 23:18:25,large_chest,19.99,1800,1
TX000011602,147417,2026-02-23 23:24:23,large_chest,19.99,1800,1
TX000003836,172169,2026-02-23 23:24:27,small_pouch,4.99,350,1
TX000004883,173967,2026-02-23 23:25:34,small_pouch,4.99,350,1
TX000008605,137757,2026-02-23 23:32:07,medium_chest,9.99,800,1
TX000014817,110733,2026-02-23 23:46:51,vault,49.99,5000,1
TX000010293,115468,2026-02-23 23:50:58,starter_pouch,1.99,120,1
TX000002622,164932,2026-02-23 23:51:32,starter_pouch,1.99,120,1
TX000012789,153930,2026-02-23 23:59:56,large_chest,19.99,1800,1
TX000010576,178113,2026-02-23 23:59:56,large_chest,19.99,1800,1
TX000001735,136056,2026-02-23 23:59:56,starter_pouch,1.99,120,1
TX000006258,144017,2026-02-23 23:59:56,vault,-49.99,-5000,0
TX000007423,108885,2026-02-23 23:59:56,large_chest,19.99,1800,1
TX000008141,148951,2026-02-24 06:55:30,starter_pouch,1.99,120,0
TX000002732,174616,2026-02-24 07:07:53,medium_chest,9.99,800,0
TX000002698,153208,2026-02-24 07:36:52,starter_pouch,1.99,120,0
TX000014658,127623,2026-02-24 07:39:34,starter_pouch,1.99,120,0
TX000003959,111297,2026-02-24 08:44:27,large_chest,19.99,1800,0
TX000007205,156117,2026-02-24 09:12:23,starter_pouch,1.99,120,0
TX000002550,128073,2026-02-24 09:19:39,large_chest,19.99,1800,0
TX000013214,155604,2026-02-24 10:00:37,medium_chest,9.99,800,0
TX000007957,111934,2026-02-24 10:12:28,small_pouch,4.99,350,0
TX000002629,104167,2026-02-24 10:31:42,small_pouch,4.99,350,0
TX000006274,157115,2026-02-24 10:40:11,starter_pouch,1.99,120,0
TX000013645,103637,2026-02-24 10:54:10,large_chest,19.99,1800,0
TX000002542,147696,2026-02-24 11:31:38,large_chest,19.99,1800,0
TX000013617,125971,2026-02-24 11:40:59,medium_chest,9.99,800,0
TX000007602,103619,2026-02-24 12:03:03,medium_chest,9.99,800,0
TX000014102,148560,2026-02-24 13:01:53,starter_pouch,1.99,120,0
TX000002700,109469,2026-02-24 13:04:20,small_pouch,4.99,350,0
TX000008071,146840,2026-02-24 13:16:20,small_pouch,4.99,350,0
TX000005720,119760,2026-02-24 14:04:55,starter_pouch,1.99,120,0
TX000011193,132588,2026-02-24 14:20:44,large_chest,19.99,1800,0
TX000013212,120394,2026-02-24 15:36:22,medium_chest,9.99,800,0
TX000012954,160229,2026-02-24 15:58:20,starter_pouch,1.99,120,0
TX000010076,130318,2026-02-24 16:15:42,medium_chest,9.99,800,0
TX000014936,115629,2026-02-24 16:18:57,starter_pouch,1.99,120,0
TX000003083,121913,2026-02-24 16:35:10,large_chest,19.99,1800,0
TX000011551,160745,2026-02-24 16:42:17,starter_pouch,1.99,120,0
TX000002894,100903,2026-02-24 16:48:45,starter_pouch,1.99,120,0
TX000014389,166159,2026-02-24 16:54:24,small_pouch,4.99,350,0
TX000007654,126726,2026-02-24 17:12:16,medium_chest,9.99,800,0
TX000003020,108360,2026-02-24 17:21:40,medium_chest,9.99,800,0
TX000007677,115387,2026-02-24 17:31:07,medium_chest,9.99,800,0
TX000002895,105174,2026-02-24 17:48:37,starter_pouch,1.99,120,0
TX000001055,177176,2026-02-24 18:02:35,medium_chest,9.99,800,0
TX000013270,120922,2026-02-24 18:12:21,small_pouch,4.99,350,0
TX000006176,122817,2026-02-24 18:20:29,small_pouch,4.99,350,0
TX000007077,162530,2026-02-24 18:27:39,medium_chest,9.99,800,0
TX000008482,178912,2026-02-24 18:39:22,starter_pouch,1.99,120,0
TX000007001,151574,2026-02-24 19:03:26,small_pouch,4.99,350,0
TX000014632,109346,2026-02-24 19:21:10,medium_chest,9.99,800,0
TX000012725,105584,2026-02-24 19:50:42,medium_chest,-9.99,-800,1
TX000005804,125993,2026-02-24 19:54:42,vault,49.99,5000,0
TX000009008,107109,2026-02-24 20:44:03,starter_pouch,1.99,120,0
TX000001450,140165,2026-02-24 20:55:36,large_chest,19.99,1800,0
TX000014599,135581,2026-02-24 21:04:24,starter_pouch,1.99,120,0
TX000003402,141581,2026-02-24 21:24:18,large_chest,19.99,1800,0
TX000000227,124665,2026-02-24 21:25:27,medium_chest,9.99,800,0
TX000010976,157447,2026-02-24 21:35:21,starter_pouch,1.99,120,0
TX000012731,162548,2026-02-24 21:39:51,large_chest,19.99,1800,0
TX000007734,134245,2026-02-24 21:44:49,starter_pouch,1.99,120,0
TX000007389,143613,2026-02-24 21:44:55,starter_pouch,1.99,120,0
TX000000865,109621,2026-02-24 21:47:38,large_chest,19.99,1800,0
TX000014162,151238,2026-02-24 21:51:07,starter_pouch,1.99,120,0
TX000002403,149017,2026-02-24 21:57:11,small_pouch,4.99,350,0
TX000006538,146971,2026-02-24 22:14:48,medium_chest,9.99,800,0
TX000003399,112818,2026-02-24 22:22:06,large_chest,19.99,1800,0
TX000012836,103147,2026-02-24 22:31:01,large_chest,19.99,1800,0
TX000005246,148992,2026-02-24 22:36:02,vault,49.99,5000,0
TX000002477,133988,2026-02-24 22:55:01,small_pouch,4.99,350,0
TX000006082,117462,2026-02-24 22:57:48,small_pouch,4.99,350,0
TX000001380,137431,2026-02-24 23:18:56,medium_chest,9.99,800,0
TX000010400,146468,2026-02-24 23:23:31,medium_chest,9.99,800,0
TX000013214,155604,2026-02-24 23:27:20,medium_chest,9.99,800,0
TX000008502,148089,2026-02-24 23:41:17,starter_pouch,1.99,120,0
TX000002830,105262,2026-02-25 06:16:38,small_pouch,4.99,350,0
TX000006456,157727,2026-02-25 06:32:46,starter_pouch,1.99,120,0
TX000002678,177411,2026-02-25 08:08:41,large_chest,19.99,1800,0
TX000007453,127603,2026-02-25 09:31:38,large_chest,19.99,1800,0
TX000005608,116950,2026-02-25 10:49:15,medium_chest,9.99,800,0
TX000015147,140997,2026-02-25 11:04:25,small_pouch,4.99,350,0
TX000005748,161584,2026-02-25 11:06:33,starter_pouch,1.99,120,0
TX000005061,100609,2026-02-25 12:42:48,small_pouch,4.99,350,0
TX000006786,177419,2026-02-25 13:16:52,starter_pouch,1.99,120,0
TX000013842,101365,2026-02-25 13:51:02,starter_pouch,1.99,120,0
TX000008826,123274,2026-02-25 13:55:15,small_pouch,4.99,350,0
TX000014536,148669,2026-02-25 14:22:58,starter_pouch,1.99,120,0
TX000001092,175061,2026-02-25 14:44:29,medium_chest,9.99,800,0
TX000012444,160690,2026-02-25 15:02:23,small_pouch,4.99,350,0
TX000004254,109861,2026-02-25 15:03:52,small_pouch,4.99,350,0
TX000008614,122936,2026-02-25 15:11:24,medium_chest,9.99,800,0
TX000000736,123445,2026-02-25 15:21:57,medium_chest,9.99,800,0
TX000000759,134444,2026-02-25 15:43:37,small_pouch,4.99,350,0
TX000012350,122134,2026-02-25 15:52:01,small_pouch,4.99,350,0
TX000005207,104011,2026-02-25 17:12:02,small_pouch,4.99,350,0
TX000008874,173482,2026-02-25 17:20:45,medium_chest,9.99,800,0
TX000008505,165866,2026-02-25 17:31:17,medium_chest,9.99,800,0
TX000006935,172077,2026-02-25 17:33:18,starter_pouch,1.99,120,0
TX000014081,133661,2026-02-25 17:51:14,small_pouch,4.99,350,0
TX000014703,166460,2026-02-25 18:00:02,small_pouch,4.99,350,0
TX000010030,134463,2026-02-25 18:18:47,medium_chest,9.99,800,0
TX000014503,127633,2026-02-25 18:19:21,starter_pouch,1.99,120,0
TX000012933,138687,2026-02-25 18:31:34,starter_pouch,1.99,120,0
TX000003963,159626,2026-02-25 19:12:12,starter_pouch,1.99,120,0
TX000001269,146840,2026-02-25 19:13:39,medium_chest,9.99,800,0
TX000000753,130879,2026-02-25 19:15:26,small_pouch,4.99,350,0
TX000005787,142241,2026-02-25 19:15:42,medium_chest,9.99,800,0
TX000007598,126168,2026-02-25 19:23:45,vault,49.99,5000,0
TX000013265,119279,2026-02-25 19:55:49,medium_chest,9.99,800,0
TX000003672,133973,2026-02-25 19:56:48,medium_chest,9.99,800,0
TX000012255,124581,2026-02-25 20:00:07,small_pouch,4.99,350,0
TX000012305,129828,2026-02-25 20:07:37,starter_pouch,1.99,120,0
TX000003692,141944,2026-02-25 20:14:33,medium_chest,9.99,800,0
TX000007340,115961,2026-02-25 20:22:45,starter_pouch,1.99,120,0
TX000008157,171174,2026-02-25 20:24:21,large_chest,19.99,1800,0
TX000014985,108840,2026-02-25 20:30:07,small_pouch,4.99,350,0
TX000006227,105512,2026-02-25 20:49:07,small_pouch,4.99,350,0
TX000008849,105240,2026-02-25 20:54:20,medium_chest,9.99,800,0
TX000000727,104114,2026-02-25 21:22:27,small_pouch,4.99,350,0
TX000011344,132962,2026-02-25 21:54:41,small_pouch,4.99,350,0
TX000002350,104295,2026-02-25 21:55:59,starter_pouch,1.99,120,0
TX000007166,103978,2026-02-25 21:58:20,small_pouch,4.99,350,0
TX000011035,153704,2026-02-25 22:20:37,starter_pouch,1.99,120,0
TX000006672,150395,2026-02-25 22:53:05,small_pouch,4.99,350,0
TX000015272,120651,2026-02-25 22:54:42,small_pouch,4.99,350,0
TX000002085,105970,2026-02-25 23:03:07,large_chest,-19.99,-1800,1
TX000014245,131256,2026-02-25 23:59:56,starter_pouch,1.99,120,0
TX000006716,114899,2026-02-25 23:59:56,large_chest,19.99,1800,0
TX000012570,140388,2026-02-26 06:10:33,starter_pouch,1.99,120,0
TX000004144,153650,2026-02-26 06:20:49,large_chest,19.99,1800,0
TX000005919,111179,2026-02-26 06:40:53,medium_chest,9.99,800,0
TX000000784,123308,2026-02-26 07:13:57,vault,49.99,5000,0
TX000014757,115663,2026-02-26 08:43:02,starter_pouch,1.99,120,0
TX000006986,139339,2026-02-26 08:45:28,small_pouch,4.99,350,0
TX000006882,137460,2026-02-26 09:01:36,medium_chest,9.99,800,0
TX000008366,117199,2026-02-26 09:03:28,small_pouch,4.99,350,0
TX000010302,101425,2026-02-26 09:39:25,medium_chest,9.99,800,0
TX000009658,175829,2026-02-26 10:32:53,small_pouch,4.99,350,0
TX000006251,178148,2026-02-26 11:02:49,medium_chest,9.99,800,0
TX000010168,103443,2026-02-26 11:35:24,large_chest,19.99,1800,0
TX000010442,130920,2026-02-26 11:36:15,medium_chest,9.99,800,0
TX000009263,138881,2026-02-26 11:41:27,large_chest,19.99,1800,0
TX000012596,174189,2026-02-26 11:48:19,small_pouch,4.99,350,0
TX000012531,139635,2026-02-26 12:02:47,small_pouch,4.99,350,0
TX000004230,140229,2026-02-26 12:21:02,small_pouch,4.99,350,0
TX000001889,133899,2026-02-26 12:24:57,small_pouch,4.99,350,0
TX000011852,163614,2026-02-26 12:48:37,starter_pouch,1.99,120,0
TX000014730,161135,2026-02-26 13:19:57,medium_chest,9.99,800,0
TX000014904,114266,2026-02-26 13:25:47,small_pouch,4.99,350,0
TX000003685,109621,2026-02-26 13:48:25,starter_pouch,1.99,120,0
TX000011088,103383,2026-02-26 14:30:49,vault,49.99,5000,0
TX000005867,129104,2026-02-26 14:38:35,medium_chest,9.99,800,0
TX000001999,152151,2026-02-26 15:09:58,starter_pouch,1.99,120,0
TX000008537,157508,2026-02-26 15:21:59,large_chest,19.99,1800,0
TX000007554,115726,2026-02-26 15:36:49,starter_pouch,1.99,120,0
TX000009107,150079,2026-02-26 15:59:08,starter_pouch,1.99,120,0
TX000014846,149602,2026-02-26 16:11:42,small_pouch,4.99,350,0
TX000005878,109128,2026-02-26 16:38:40,small_pouch,4.99,350,0
TX000010387,102396,2026-02-26 16:39:49,large_chest,19.99,1800,0
TX000009404,114559,2026-02-26 17:04:21,medium_chest,9.99,800,0
TX000012650,126156,2026-02-26 17:06:31,small_pouch,4.99,350,0
TX000011804,134245,2026-02-26 17:21:52,small_pouch,4.99,350,0
TX000004728,169206,2026-02-26 17:23:39,medium_chest,9.99,800,0
TX000013046,130947,2026-02-26 17:25:16,medium_chest,9.99,800,0
TX000004191,121216,2026-02-26 17:44:34,small_pouch,4.99,350,0
TX000013156,101110,2026-02-26 17:47:26,starter_pouch,1.99,120,0
TX000013762,144834,2026-02-26 18:00:56,vault,49.99,5000,0
TX000011229,102276,2026-02-26 18:14:46,large_chest,19.99,1800,0
TX000012122,174464,2026-02-26 18:15:30,medium_chest,9.99,800,0
TX000002343,163559,2026-02-26 18:34:57,small_pouch,4.99,350,0
TX000012982,172606,2026-02-26 18:38:38,vault,49.99,5000,0
TX000004120,179917,2026-02-26 19:20:28,small_pouch,4.99,350,0
TX000003254,126164,2026-02-26 19:22:37,medium_chest,9.99,800,0
TX000000514,107512,2026-02-26 19:35:09,large_chest,19.99,1800,0
TX000014174,110894,2026-02-26 19:36:33,large_chest,19.99,1800,0
TX000002880,122820,2026-02-26 19:47:37,small_pouch,4.99,350,0
TX000002035,159224,2026-02-26 19:56:38,large_chest,19.99,1800,0
TX000000385,146676,2026-02-26 20:12:28,medium_chest,9.99,800,0
TX000012540,141780,2026-02-26 20:12:41,starter_pouch,1.99,120,0
TX000010040,135086,2026-02-26 20:32:11,starter_pouch,1.99,120,0
TX000004816,151394,2026-02-26 20:36:57,vault,49.99,5000,0
TX000013745,136239,2026-02-26 20:38:27,small_pouch,4.99,350,0
TX000011693,123271,2026-02-26 21:07:07,starter_pouch,1.99,120,0
TX000011969,180243,2026-02-26 21:08:44,medium_chest,9.99,800,0
TX000001402,103871,2026-02-26 21:17:13,small_pouch,4.99,350,0
TX000003624,174046,2026-02-26 21:45:31,mega_vault,99.99,11000,0
TX000007128,147167,2026-02-26 22:01:47,large_chest,19.99,1800,0
TX000012202,105725,2026-02-26 22:07:51,large_chest,19.99,1800,0
TX000012596,174189,2026-02-26 22:15:02,small_pouch,4.99,350,0
TX000008563,147372,2026-02-26 22:19:57,starter_pouch,1.99,120,0
TX000005099,100814,2026-02-26 22:55:16,large_chest,19.99,1800,0
TX000000401,100307,2026-02-26 23:59:56,large_chest,19.99,1800,0
TX000012528,115704,2026-02-26 23:59:56,small_pouch,4.99,350,0
TX000007590,172279,2026-02-27 06:42:32,vault,49.99,5000,0
TX000009343,141029,2026-02-27 07:33:37,starter_pouch,1.99,120,0
TX000008378,117868,2026-02-27 07:46:24,starter_pouch,1.99,120,0
TX000011092,112541,2026-02-27 07:50:49,medium_chest,9.99,800,0
TX000014005,141114,2026-02-27 08:53:25,small_pouch,4.99,350,0
TX000012433,176752,2026-02-27 09:26:28,small_pouch,4.99,350,0
TX000012805,117212,2026-02-27 09:44:14,medium_chest,9.99,800,0
TX000015199,143574,2026-02-27 09:44:27,medium_chest,-9.99,-800,1
TX000003029,152407,2026-02-27 09:45:11,large_chest,19.99,1800,0
TX000009919,102030,2026-02-27 09:50:59,starter_pouch,1.99,120,0
TX000010115,179486,2026-02-27 09:54:33,starter_pouch,1.99,120,0
TX000003998,169876,2026-02-27 10:00:11,medium_chest,9.99,800,0
TX000002217,139861,2026-02-27 10:20:43,small_pouch,4.99,350,0
TX000002382,159697,2026-02-27 10:21:50,starter_pouch,1.99,120,0
TX000011162,145648,2026-02-27 10:40:25,large_chest,19.99,1800,0
TX000004180,134069,2026-02-27 10:41:07,starter_pouch,1.99,120,0
TX000003735,108382,2026-02-27 10:44:20,starter_pouch,1.99,120,0
TX000012975,104043,2026-02-27 10:50:30,starter_pouch,1.99,120,0
TX000000945,137808,2026-02-27 10:56:15,starter_pouch,1.99,120,0
TX000009805,127787,2026-02-27 11:33:53,large_chest,19.99,1800,0
TX000011158,114669,2026-02-27 11:45:39,small_pouch,4.99,350,0
TX000013420,177648,2026-02-27 12:11:36,small_pouch,4.99,350,0
TX000001087,151363,2026-02-27 12:14:54,medium_chest,9.99,800,0
TX000005138,149811,2026-02-27 12:34:35,large_chest,19.99,1800,0
TX000006068,118498,2026-02-27 12:42:48,large_chest,19.99,1800,0
TX000012154,102094,2026-02-27 14:06:00,small_pouch,4.99,350,0
TX000004538,116255,2026-02-27 14:14:58,small_pouch,4.99,350,0
TX000001741,116540,2026-02-27 14:53:11,small_pouch,4.99,350,0
TX000013928,147956,2026-02-27 14:55:20,mega_vault,99.99,11000,0
TX000006530,139452,2026-02-27 15:13:20,large_chest,19.99,1800,0
TX000013877,118960,2026-02-27 15:39:11,starter_pouch,1.99,120,0
TX000004452,108624,2026-02-27 15:39:50,mega_vault,99.99,11000,0
TX000009776,139715,2026-02-27 15:49:52,starter_pouch,1.99,120,0
TX000007824,161289,2026-02-27 15:56:12,mega_vault,99.99,11000,0
TX000002626,107399,2026-02-27 15:57:03,starter_pouch,1.99,120,0
TX000002037,127859,2026-02-27 15:58:58,vault,49.99,5000,0
TX000014552,179734,2026-02-27 16:26:06,small_pouch,4.99,350,0
TX000001074,111995,2026-02-27 16:39:23,small_pouch,4.99,350,0
TX000012100,147794,2026-02-27 16:46:22,large_chest,19.99,1800,0
TX000006809,148700,2026-02-27 16:49:36,vault,49.99,5000,0
TX000011442,113462,2026-02-27 17:03:22,small_pouch,4.99,350,0
TX000007776,173480,2026-02-27 17:10:27,starter_pouch,1.99,120,0
TX000001744,135143,2026-02-27 17:12:09,large_chest,19.99,1800,0
TX000011704,171164,2026-02-27 17:12:56,small_pouch,4.99,350,0
TX000009679,168012,2026-02-27 17:22:15,large_chest,19.99,1800,0
TX000007080,174824,2026-02-27 17:24:58,medium_chest,9.99,800,0
TX000010364,140234,2026-02-27 17:25:22,medium_chest,9.99,800,0
TX000006843,104554,2026-02-27 17:40:34,large_chest,19.99,1800,0
TX000008194,160559,2026-02-27 17:50:38,starter_pouch,1.99,120,0
TX000007925,102361,2026-02-27 17:51:25,starter_pouch,1.99,120,0
TX000011963,102431,2026-02-27 17:58:12,starter_pouch,1.99,120,0
TX000008113,105339,2026-02-27 18:01:38,starter_pouch,1.99,120,0
TX000006226,159862,2026-02-27 18:05:24,small_pouch,4.99,350,0
TX000015061,125532,2026-02-27 18:17:27,vault,49.99,5000,0
TX000009981,147417,2026-02-27 18:19:30,large_chest,-19.99,-1800,1
TX000004563,144302,2026-02-27 18:20:43,starter_pouch,1.99,120,0
TX000009416,171386,2026-02-27 18:22:16,starter_pouch,1.99,120,0
TX000010735,131435,2026-02-27 18:22:17,starter_pouch,1.99,120,0
TX000003286,143378,2026-02-27 18:24:14,small_pouch,4.99,350,0
TX000003918,160750,2026-02-27 18:29:41,small_pouch,4.99,350,0
TX000005051,119684,2026-02-27 18:48:40,small_pouch,4.99,350,0
TX000006205,160638,2026-02-27 18:57:30,vault,49.99,5000,0
TX000002026,173555,2026-02-27 18:57:49,large_chest,19.99,1800,0
TX000003227,128439,2026-02-27 19:02:04,small_pouch,4.99,350,0
TX000002851,104421,2026-02-27 19:02:51,small_pouch,4.99,350,0
TX000006223,120510,2026-02-27 19:04:41,medium_chest,9.99,800,0
TX000004749,101001,2026-02-27 19:10:23,small_pouch,4.99,350,0
TX000008207,151761,2026-02-27 19:14:34,small_pouch,4.99,350,0
TX000006564,127756,2026-02-27 19:16:00,large_chest,19.99,1800,0
TX000013875,134090,2026-02-27 19:16:50,medium_chest,9.99,800,0
TX000014364,105468,2026-02-27 19:22:32,starter_pouch,1.99,120,0
TX000014810,119762,2026-02-27 19:26:53,starter_pouch,1.99,120,0
TX000009353,121552,2026-02-27 19:32:27,small_pouch,4.99,350,0
TX000007275,157544,2026-02-27 19:36:47,medium_chest,9.99,800,0
TX000013450,150204,2026-02-27 19:42:53,small_pouch,4.99,350,0
TX000007737,134503,2026-02-27 19:49:51,small_pouch,4.99,350,0
TX000012337,176466,2026-02-27 19:51:00,large_chest,19.99,1800,0
TX000002849,104204,2026-02-27 19:56:18,mega_vault,99.99,11000,0
TX000010974,129524,2026-02-27 19:59:37,medium_chest,9.99,800,0
TX000007804,144153,2026-02-27 20:09:15,small_pouch,4.99,350,0
TX000001048,170831,2026-02-27 20:09:19,medium_chest,9.99,800,0
TX000012171,177115,2026-02-27 20:10:59,small_pouch,4.99,350,0
TX000014542,166807,2026-02-27 20:16:23,medium_chest,9.99,800,0
TX000012476,169842,2026-02-27 20:22:59,vault,49.99,5000,0
TX000001065,105035,2026-02-27 20:32:36,small_pouch,4.99,350,0
TX000001633,146204,2026-02-27 20:41:53,starter_pouch,1.99,120,0
TX000006453,155599,2026-02-27 20:42:08,vault,49.99,5000,0
TX000008856,171070,2026-02-27 20:46:15,mega_vault,99.99,11000,0
TX000002493,108131,2026-02-27 21:00:17,starter_pouch,1.99,120,0
TX000004442,172819,2026-02-27 21:04:19,starter_pouch,1.99,120,0
TX000001910,136121,2026-02-27 21:07:30,starter_pouch,1.99,120,0
TX000008892,134801,2026-02-27 21:08:42,small_pouch,4.99,350,0
TX000004687,147549,2026-02-27 21:09:23,medium_chest,9.99,800,0
TX000006966,129702,2026-02-27 21:22:52,large_chest,19.99,1800,0
TX000014079,172152,2026-02-27 21:31:57,small_pouch,4.99,350,0
TX000009749,102189,2026-02-27 21:32:05,medium_chest,9.99,800,0
TX000012239,172572,2026-02-27 21:37:56,small_pouch,4.99,350,0
TX000014737,170678,2026-02-27 21:40:14,starter_pouch,1.99,120,0
TX000007760,109466,2026-02-27 21:54:55,small_pouch,4.99,350,0
TX000015206,152061,2026-02-27 21:56:22,vault,49.99,5000,0
TX000009411,124782,2026-02-27 22:33:50,starter_pouch,1.99,120,0
TX000000093,112806,2026-02-27 22:42:07,starter_pouch,1.99,120,0
TX000014669,171977,2026-02-27 22:49:59,medium_chest,9.99,800,0
TX000005238,105551,2026-02-27 23:15:18,medium_chest,9.99,800,0
TX000003626,136917,2026-02-27 23:19:58,medium_chest,9.99,800,0
TX000015244,144806,2026-02-27 23:25:22,small_pouch,4.99,350,0
TX000013347,170106,2026-02-27 23:59:56,medium_chest,9.99,800,0
TX000010053,102401,2026-02-27 23:59:56,small_pouch,4.99,350,0
TX000000236,167839,2026-02-27 23:59:56,large_chest,19.99,1800,0
TX000009717,167774,2026-02-27 23:59:56,large_chest,19.99,1800,0
TX000011412,148816,2026-02-28 06:03:20,medium_chest,9.99,800,0
TX000010412,100008,2026-02-28 06:38:03,starter_pouch,1.99,120,0
TX000010893,138001,2026-02-28 06:40:04,large_chest,19.99,1800,0
TX000009999,120083,2026-02-28 06:45:00,medium_chest,9.99,800,0
TX000005367,138718,2026-02-28 06:48:45,starter_pouch,1.99,120,0
TX000002453,179486,2026-02-28 07:08:46,mega_vault,99.99,11000,0
TX000010660,149886,2026-02-28 07:46:33,small_pouch,4.99,350,0
TX000004907,109631,2026-02-28 07:52:45,medium_chest,9.99,800,0
TX000009643,128712,2026-02-28 08:04:42,starter_pouch,1.99,120,0
TX000009021,172521,2026-02-28 08:06:38,starter_pouch,1.99,120,0
TX000012995,163981,2026-02-28 08:06:46,medium_chest,9.99,800,0
TX000005017,130056,2026-02-28 08:08:25,small_pouch,4.99,350,0
TX000012711,123152,2026-02-28 08:36:26,small_pouch,4.99,350,0
TX000008853,117684,2026-02-28 08:49:46,medium_chest,9.99,800,0
TX000010096,116291,2026-02-28 08:52:16,small_pouch,4.99,350,0
TX000010447,118163,2026-02-28 09:03:12,medium_chest,9.99,800,0
TX000013377,171887,2026-02-28 09:27:10,medium_chest,9.99,800,0
TX000009733,101914,2026-02-28 09:54:00,large_chest,19.99,1800,0
TX000008458,113682,2026-02-28 10:29:57,medium_chest,9.99,800,0
TX000005896,103954,2026-02-28 10:39:50,mega_vault,99.99,11000,0
TX000002338,135471,2026-02-28 10:50:03,large_chest,19.99,1800,0
TX000003787,176779,2026-02-28 11:04:33,medium_chest,9.99,800,0
TX000001200,173196,2026-02-28 11:30:45,medium_chest,9.99,800,0
TX000000900,156183,2026-02-28 11:36:49,small_pouch,4.99,350,0
TX000000221,169662,2026-02-28 11:36:51,small_pouch,4.99,350,0
TX000005712,169292,2026-02-28 12:26:48,large_chest,19.99,1800,0
TX000015109,147205,2026-02-28 12:28:56,medium_chest,9.99,800,0
TX000012075,109821,2026-02-28 12:33:30,mega_vault,99.99,11000,0
TX000005247,159763,2026-02-28 12:35:52,starter_pouch,1.99,120,0
TX000001661,101265,2026-02-28 12:40:40,medium_chest,9.99,800,0
TX000007604,126994,2026-02-28 13:10:07,large_chest,19.99,1800,0
TX000000029,123396,2026-02-28 13:21:42,starter_pouch,1.99,120,0
TX000011645,115782,2026-02-28 13:30:17,starter_pouch,1.99,120,0
TX000005681,161670,2026-02-28 14:20:44,small_pouch,4.99,350,0
TX000001447,118740,2026-02-28 14:57:23,small_pouch,4.99,350,0
TX000006052,102820,2026-02-28 15:04:35,small_pouch,4.99,350,0
TX000009673,180112,2026-02-28 15:14:59,medium_chest,9.99,800,0
TX000012104,118807,2026-02-28 15:23:38,vault,49.99,5000,0
TX000002787,150657,2026-02-28 15:26:53,large_chest,19.99,1800,0
TX000014428,170852,2026-02-28 16:16:50,small_pouch,4.99,350,0
TX000000106,120811,2026-02-28 16:26:31,large_chest,19.99,1800,0
TX000010105,150212,2026-02-28 16:27:40,large_chest,19.99,1800,0
TX000004848,148283,2026-02-28 16:28:46,large_chest,19.99,1800,0
TX000013869,128968,2026-02-28 16:46:11,small_pouch,4.99,350,0
TX000000363,104295,2026-02-28 16:48:46,starter_pouch,-1.99,-120,0
TX000006495,129248,2026-02-28 16:54:11,small_pouch,4.99,350,0
TX000009440,130240,2026-02-28 16:55:09,large_chest,19.99,1800,0
TX000010287,104740,2026-02-28 17:03:25,small_pouch,4.99,350,0
TX000015181,101527,2026-02-28 17:12:35,mega_vault,99.99,11000,0
TX000004247,153712,2026-02-28 17:13:56,starter_pouch,1.99,120,0
TX000010179,126895,2026-02-28 17:25:38,large_chest,19.99,1800,0
TX000014682,148872,2026-02-28 17:29:18,starter_pouch,1.99,120,0
TX000001659,142352,2026-02-28 17:31:09,vault,49.99,5000,0
TX000010763,147102,2026-02-28 17:38:07,vault,49.99,5000,0
TX000000898,116196,2026-02-28 17:39:00,medium_chest,9.99,800,0
TX000004338,106395,2026-02-28 17:44:19,large_chest,19.99,1800,0
TX000002487,102219,2026-02-28 17:47:48,mega_vault,99.99,11000,0
TX000005332,108060,2026-02-28 17:50:47,medium_chest,9.99,800,0
TX000005337,163495,2026-02-28 18:08:51,starter_pouch,1.99,120,0
TX000005443,162005,2026-02-28 18:13:31,large_chest,19.99,1800,0
TX000002809,163649,2026-02-28 18:20:02,starter_pouch,1.99,120,0
TX000011832,169060,2026-02-28 18:20:53,starter_pouch,1.99,120,0
TX000015211,111292,2026-02-28 18:22:10,medium_chest,9.99,800,0
TX000009458,148410,2026-02-28 18:22:46,starter_pouch,1.99,120,0
TX000006895,153393,2026-02-28 18:26:12,small_pouch,4.99,350,0
TX000000995,134123,2026-02-28 18:35:04,medium_chest,9.99,800,0
TX000003616,126682,2026-02-28 18:40:57,medium_chest,9.99,800,0
TX000008599,136750,2026-02-28 18:59:13,mega_vault,99.99,11000,0
TX000000798,147421,2026-02-28 18:59:32,starter_pouch,1.99,120,0
TX000002322,125914,2026-02-28 19:03:13,medium_chest,9.99,800,0
TX000000457,100686,2026-02-28 19:06:03,medium_chest,9.99,800,0
TX000007336,165048,2026-02-28 19:13:18,starter_pouch,1.99,120,0
TX000012252,122628,2026-02-28 19:19:00,small_pouch,4.99,350,0
TX000010258,115278,2026-02-28 19:20:01,medium_chest,9.99,800,0
TX000012084,128601,2026-02-28 19:22:47,vault,49.99,5000,0
TX000010619,124531,2026-02-28 19:24:27,small_pouch,4.99,350,0
TX000014963,105896,2026-02-28 19:26:53,medium_chest,9.99,800,0
TX000009529,138773,2026-02-28 19:36:09,small_pouch,4.99,350,0
TX000004811,164572,2026-02-28 19:36:27,small_pouch,4.99,350,0
TX000003497,175715,2026-02-28 19:42:49,starter_pouch,1.99,120,0
TX000013312,134245,2026-02-28 19:45:33,medium_chest,9.99,800,0
TX000007138,141598,2026-02-28 19:50:18,medium_chest,9.99,800,0
TX000009232,141072,2026-02-28 19:57:08,starter_pouch,1.99,120,0
TX000011487,100560,2026-02-28 19:57:35,starter_pouch,1.99,120,0
TX000006872,158575,2026-02-28 20:04:07,medium_chest,9.99,800,0
TX000004697,143574,2026-02-28 20:10:10,vault,49.99,5000,0
TX000000921,129857,2026-02-28 20:16:56,vault,49.99,5000,0
TX000012555,151304,2026-02-28 20:19:38,medium_chest,9.99,800,0
TX000014393,139870,2026-02-28 20:24:58,starter_pouch,1.99,120,0
TX000005566,171202,2026-02-28 20:25:42,large_chest,19.99,1800,0
TX000009148,175599,2026-02-28 20:38:22,medium_chest,9.99,800,0
TX000013835,127008,2026-02-28 20:48:22,small_pouch,4.99,350,0
TX000003285,123675,2026-02-28 20:48:25,small_pouch,4.99,350,0
TX000010860,117788,2026-02-28 20:48:30,starter_pouch,1.99,120,0
TX000002935,147039,2026-02-28 20:50:51,medium_chest,9.99,800,0
TX000002063,154683,2026-02-28 20:52:41,medium_chest,9.99,800,0
TX000014710,104043,2026-02-28 20:59:05,medium_chest,9.99,800,0
TX000013089,173414,2026-02-28 21:02:09,starter_pouch,1.99,120,0
TX000005563,161951,2026-02-28 21:15:01,large_chest,19.99,1800,0
TX000006511,132621,2026-02-28 21:15:21,small_pouch,4.99,350,0
TX000008756,135355,2026-02-28 21:18:35,medium_chest,9.99,800,0
TX000001282,158061,2026-02-28 21:19:28,starter_pouch,1.99,120,0
TX000001541,179749,2026-02-28 21:23:30,medium_chest,9.99,800,0
TX000008012,147794,2026-02-28 21:28:29,large_chest,-19.99,-1800,0
TX000004362,125058,2026-02-28 21:52:03,starter_pouch,1.99,120,0
TX000007325,143687,2026-02-28 22:01:11,medium_chest,9.99,800,0
TX000011190,170936,2026-02-28 22:01:58,mega_vault,99.99,11000,0
TX000004312,125302,2026-02-28 22:02:21,small_pouch,4.99,350,0
TX000003113,123138,2026-02-28 22:06:59,large_chest,19.99,1800,0
TX000009546,176838,2026-02-28 22:18:57,large_chest,19.99,1800,0
TX000002087,119234,2026-02-28 22:24:00,large_chest,19.99,1800,0
TX000006106,166426,2026-02-28 22:25:44,starter_pouch,1.99,120,0
TX000010804,118303,2026-02-28 23:09:10,medium_chest,9.99,800,0
TX000012628,176752,2026-02-28 23:27:02,small_pouch,4.99,350,0
TX000003754,179929,2026-02-28 23:43:12,large_chest,19.99,1800,0
TX000001302,127603,2026-02-28 23:50:34,large_chest,19.99,1800,0
TX000005274,152897,2026-02-28 23:59:56,vault,49.99,5000,0
TX000015137,148223,2026-02-28 23:59:56,starter_pouch,1.99,120,0
TX000010682,168898,2026-03-01 06:00:51,medium_chest,9.99,800,0
TX000009796,127764,2026-03-01 07:44:02,small_pouch,4.99,350,0
TX000000010,139856,2026-03-01 08:03:44,large_chest,19.99,1800,0
TX000001100,132776,2026-03-01 08:14:00,medium_chest,9.99,800,0
TX000008306,126168,2026-03-01 08:46:31,medium_chest,9.99,800,0
TX000000750,144709,2026-03-01 09:02:37,medium_chest,9.99,800,0
TX000001951,125776,2026-03-01 09:21:16,starter_pouch,1.99,120,0
TX000001339,134822,2026-03-01 09:21:42,vault,49.99,5000,0
TX000003766,104199,2026-03-01 09:36:07,vault,49.99,5000,0
TX000007941,141561,2026-03-01 09:51:00,small_pouch,4.99,350,0
TX000004783,174439,2026-03-01 09:52:58,starter_pouch,1.99,120,0
TX000014914,157328,2026-03-01 10:14:02,large_chest,19.99,1800,0
TX000012119,172566,2026-03-01 10:16:16,starter_pouch,1.99,120,0
TX000003311,120788,2026-03-01 11:17:15,small_pouch,4.99,350,0
TX000008479,123437,2026-03-01 11:19:19,small_pouch,4.99,350,0
TX000003291,100819,2026-03-01 11:38:06,starter_pouch,1.99,120,0
TX000007400,113328,2026-03-01 12:05:06,small_pouch,4.99,350,0
TX000007222,123495,2026-03-01 13:15:44,mega_vault,99.99,11000,0
TX000008980,153587,2026-03-01 13:15:51,large_chest,19.99,1800,0
TX000007329,134919,2026-03-01 13:24:17,small_pouch,4.99,350,0
TX000005130,121386,2026-03-01 13:31:01,mega_vault,99.99,11000,0
TX000011495,157075,2026-03-01 13:35:37,small_pouch,4.99,350,0
TX000013069,130318,2026-03-01 13:51:49,mega_vault,99.99,11000,0
TX000014296,125740,2026-03-01 14:02:09,small_pouch,4.99,350,0
TX000006289,155023,2026-03-01 14:34:00,medium_chest,9.99,800,0
TX000003587,103381,2026-03-01 14:36:00,starter_pouch,1.99,120,0
TX000008300,118163,2026-03-01 14:44:03,medium_chest,-9.99,-800,0
TX000015131,117581,2026-03-01 14:48:14,starter_pouch,1.99,120,0
TX000009659,131384,2026-03-01 15:22:46,small_pouch,4.99,350,0
TX000001938,169292,2026-03-01 15:23:27,starter_pouch,1.99,120,0
TX000005537,120384,2026-03-01 15:40:10,starter_pouch,1.99,120,0
TX000003651,119269,2026-03-01 16:00:14,vault,49.99,5000,0
TX000003059,176000,2026-03-01 16:10:17,starter_pouch,1.99,120,0
TX000013511,145990,2026-03-01 16:17:43,starter_pouch,1.99,120,0
TX000003547,140682,2026-03-01 16:18:01,medium_chest,9.99,800,0
TX000002482,176022,2026-03-01 16:21:55,starter_pouch,1.99,120,0
TX000014400,145265,2026-03-01 16:23:58,vault,49.99,5000,0
TX000012978,137493,2026-03-01 16:30:39,starter_pouch,1.99,120,0
TX000012680,168309,2026-03-01 16:32:26,medium_chest,9.99,800,0
TX000009536,139635,2026-03-01 16:49:52,starter_pouch,1.99,120,0
TX000002092,135042,2026-03-01 17:12:37,small_pouch,4.99,350,0
TX000008239,151681,2026-03-01 17:16:26,mega_vault,99.99,11000,0
TX000005676,115989,2026-03-01 17:23:21,small_pouch,4.99,350,0
TX000013602,168128,2026-03-01 17:31:55,starter_pouch,1.99,120,0
TX000006586,169304,2026-03-01 17:33:33,large_chest,19.99,1800,0
TX000003927,103062,2026-03-01 17:34:02,small_pouch,4.99,350,0
TX000004429,135266,2026-03-01 17:39:25,vault,49.99,5000,0
TX000000770,160559,2026-03-01 17:40:36,small_pouch,4.99,350,0
TX000007290,130503,2026-03-01 17:46:40,starter_pouch,1.99,120,0
TX000000323,127319,2026-03-01 17:48:39,medium_chest,9.99,800,0
TX000008176,137447,2026-03-01 17:49:57,medium_chest,9.99,800,0
TX000015019,153088,2026-03-01 18:02:46,small_pouch,4.99,350,0
TX000009017,145521,2026-03-01 18:04:12,large_chest,19.99,1800,0
TX000000830,151799,2026-03-01 18:05:08,small_pouch,4.99,350,0
TX000011066,137299,2026-03-01 18:05:42,starter_pouch,1.99,120,0
TX000010712,110184,2026-03-01 18:07:05,medium_chest,9.99,800,0
TX000003124,166236,2026-03-01 18:14:48,large_chest,19.99,1800,0
TX000007405,120641,2026-03-01 18:16:04,starter_pouch,1.99,120,0
TX000014155,145025,2026-03-01 18:33:24,medium_chest,9.99,800,0
TX000009140,164805,2026-03-01 18:39:16,small_pouch,4.99,350,0
TX000004533,126172,2026-03-01 18:42:31,small_pouch,4.99,350,0
TX000005253,180129,2026-03-01 18:56:48,small_pouch,4.99,350,0
TX000007071,101507,2026-03-01 19:00:05,medium_chest,9.99,800,0
TX000004201,161116,2026-03-01 19:10:02,small_pouch,4.99,350,0
TX000000646,176388,2026-03-01 19:10:23,medium_chest,9.99,800,0
TX000014067,151542,2026-03-01 19:12:14,mega_vault,99.99,11000,0
TX000003878,118396,2026-03-01 19:15:48,small_pouch,4.99,350,0
TX000000927,177759,2026-03-01 19:19:58,large_chest,19.99,1800,0
TX000012899,169367,2026-03-01 19:41:17,medium_chest,9.99,800,0
TX000005359,143198,2026-03-01 19:45:47,starter_pouch,1.99,120,0
TX000002415,176029,2026-03-01 19:52:05,small_pouch,4.99,350,0
TX000002912,155293,2026-03-01 19:58:27,starter_pouch,1.99,120,0
TX000012849,174415,2026-03-01 20:01:24,starter_pouch,1.99,120,0
TX000010341,136130,2026-03-01 20:05:08,small_pouch,4.99,350,0
TX000006691,169393,2026-03-01 20:10:18,large_chest,19.99,1800,0
TX000000948,129081,2026-03-01 20:13:13,large_chest,19.99,1800,0
TX000003270,171311,2026-03-01 20:22:14,starter_pouch,1.99,120,0
TX000010051,125307,2026-03-01 20:24:25,small_pouch,4.99,350,0
TX000013893,136896,2026-03-01 20:24:55,large_chest,19.99,1800,0
TX000008950,170659,2026-03-01 20:34:32,large_chest,19.99,1800,0
TX000004706,107525,2026-03-01 20:37:01,vault,49.99,5000,0
TX000013317,159074,2026-03-01 20:41:14,small_pouch,4.99,350,0
TX000003584,134508,2026-03-01 20:42:31,large_chest,19.99,1800,0
TX000000782,178494,2026-03-01 20:42:38,large_chest,19.99,1800,0
TX000014573,178333,2026-03-01 20:44:28,medium_chest,9.99,800,0
TX000000212,167628,2026-03-01 20:48:32,large_chest,19.99,1800,0
TX000008573,110633,2026-03-01 20:49:41,starter_pouch,1.99,120,0
TX000014775,128872,2026-03-01 21:03:46,large_chest,19.99,1800,0
TX000002657,131377,2026-03-01 21:06:09,starter_pouch,1.99,120,0
TX000012767,132473,2026-03-01 21:21:16,large_chest,19.99,1800,0
TX000000239,155306,2026-03-01 21:22:31,medium_chest,9.99,800,0
TX000011942,139964,2026-03-01 21:22:34,small_pouch,4.99,350,0
TX000000645,127574,2026-03-01 21:24:07,starter_pouch,1.99,120,0
TX000000804,104031,2026-03-01 21:38:43,medium_chest,9.99,800,0
TX000008327,117009,2026-03-01 21:43:37,starter_pouch,1.99,120,0
TX000008950,170659,2026-03-01 21:58:51,large_chest,19.99,1800,0
TX000010973,111402,2026-03-01 22:02:07,medium_chest,9.99,800,0
TX000003155,150265,2026-03-01 22:08:05,starter_pouch,1.99,120,0
TX000001852,169662,2026-03-01 22:16:48,medium_chest,-9.99,-800,1
TX000004638,147412,2026-03-01 22:23:41,small_pouch,4.99,350,0
TX000001412,100520,2026-03-01 22:36:00,large_chest,19.99,1800,0
TX000000767,171709,2026-03-01 22:43:24,small_pouch,4.99,350,0
TX000008105,115560,2026-03-01 23:24:38,vault,49.99,5000,0
TX000003679,146070,2026-03-01 23:47:54,small_pouch,4.99,350,0
TX000002166,100884,2026-03-01 23:53:09,medium_chest,9.99,800,0
TX000000978,145407,2026-03-01 23:56:00,medium_chest,9.99,800,0
TX000003811,131738,2026-03-01 23:59:56,small_pouch,4.99,350,0
TX000004955,165627,2026-03-01 23:59:56,large_chest,19.99,1800,0
TX000008558,141476,2026-03-01 23:59:56,starter_pouch,1.99,120,0
TX000011427,176456,2026-03-02 06:04:46,medium_chest,9.99,800,0
TX000006736,102974,2026-03-02 06:07:18,vault,49.99,5000,0
TX000001511,164472,2026-03-02 06:42:37,small_pouch,4.99,350,0
TX000008015,153772,2026-03-02 06:45:44,vault,49.99,5000,0
TX000013637,160142,2026-03-02 07:32:42,large_chest,19.99,1800,0
TX000005057,118217,2026-03-02 08:36:44,large_chest,19.99,1800,0
TX000004387,171769,2026-03-02 08:37:22,small_pouch,4.99,350,0
TX000000811,103697,2026-03-02 09:02:33,medium_chest,9.99,800,0
TX000002340,175599,2026-03-02 09:19:42,large_chest,19.99,1800,0
TX000010724,126005,2026-03-02 09:56:22,starter_pouch,1.99,120,0
TX000001393,175980,2026-03-02 10:13:08,large_chest,19.99,1800,0
TX000010084,168619,2026-03-02 10:31:44,starter_pouch,1.99,120,0
TX000002610,134707,2026-03-02 10:32:55,medium_chest,9.99,800,0
TX000001326,160677,2026-03-02 11:19:31,medium_chest,9.99,800,0
TX000007791,157369,2026-03-02 11:30:12,starter_pouch,1.99,120,0
TX000012952,162120,2026-03-02 12:02:08,starter_pouch,1.99,120,0
TX000001750,147102,2026-03-02 12:39:26,vault,-49.99,-5000,0
TX000007119,147613,2026-03-02 12:39:30,starter_pouch,1.99,120,0
TX000010807,133968,2026-03-02 12:46:41,medium_chest,9.99,800,0
TX000004292,102373,2026-03-02 12:59:45,starter_pouch,1.99,120,0
TX000001142,172545,2026-03-02 13:21:48,small_pouch,4.99,350,0
TX000010104,149475,2026-03-02 13:36:37,small_pouch,4.99,350,0
TX000008733,106129,2026-03-02 13:41:35,large_chest,19.99,1800,0
TX000004052,105558,2026-03-02 14:02:27,medium_chest,9.99,800,0
TX000003618,164326,2026-03-02 14:09:20,mega_vault,99.99,11000,0
TX000004592,151418,2026-03-02 14:19:52,vault,49.99,5000,0
TX000008800,158464,2026-03-02 14:21:11,starter_pouch,1.99,120,0
TX000008656,160420,2026-03-02 14:26:20,small_pouch,4.99,350,0
TX000004561,163678,2026-03-02 14:26:23,medium_chest,9.99,800,0
TX000004386,144935,2026-03-02 14:39:33,starter_pouch,1.99,120,0
TX000001235,139958,2026-03-02 14:57:00,starter_pouch,1.99,120,0
TX000013461,109967,2026-03-02 14:58:24,medium_chest,9.99,800,0
TX000009743,132541,2026-03-02 15:13:24,vault,49.99,5000,0
TX000009448,165576,2026-03-02 15:23:06,large_chest,-19.99,-1800,1
TX000000653,142455,2026-03-02 15:26:25,large_chest,19.99,1800,0
TX000001001,105829,2026-03-02 15:29:27,medium_chest,9.99,800,0
TX000009579,143735,2026-03-02 15:34:18,medium_chest,9.99,800,0
TX000004933,171439,2026-03-02 15:37:20,starter_pouch,1.99,120,0
TX000003755,136416,2026-03-02 15:48:02,large_chest,19.99,1800,0
TX000003109,108285,2026-03-02 15:48:43,small_pouch,4.99,350,0
TX000000060,138342,2026-03-02 15:53:43,large_chest,19.99,1800,0
TX000012828,115882,2026-03-02 16:02:23,large_chest,19.99,1800,0
TX000002563,177211,2026-03-02 16:07:13,starter_pouch,1.99,120,0
TX000000390,100056,2026-03-02 16:14:58,small_pouch,4.99,350,0
TX000012742,102711,2026-03-02 16:19:22,medium_chest,9.99,800,0
TX000007759,179278,2026-03-02 16:20:11,small_pouch,4.99,350,0
TX000002683,124062,2026-03-02 16:24:32,starter_pouch,1.99,120,0
TX000009409,134724,2026-03-02 16:31:13,small_pouch,4.99,350,0
TX000014881,177715,2026-03-02 16:35:49,large_chest,19.99,1800,0
TX000003677,171128,2026-03-02 16:38:30,small_pouch,4.99,350,0
TX000002282,144115,2026-03-02 16:41:18,small_pouch,4.99,350,0
TX000009517,133301,2026-03-02 16:45:14,small_pouch,-4.99,-350,1
TX000005445,155447,2026-03-02 16:45:48,large_chest,19.99,1800,0
TX000010628,124896,2026-03-02 16:48:48,starter_pouch,1.99,120,0
TX000003385,166627,2026-03-02 16:55:40,starter_pouch,1.99,120,0
TX000014170,101998,2026-03-02 17:06:38,small_pouch,4.99,350,0
TX000009048,121220,2026-03-02 17:08:51,starter_pouch,1.99,120,0
TX000008007,175290,2026-03-02 17:14:34,vault,49.99,5000,0
TX000015104,122371,2026-03-02 17:21:32,starter_pouch,1.99,120,0
TX000012516,134103,2026-03-02 17:29:54,large_chest,19.99,1800,0
TX000001036,126941,2026-03-02 17:39:50,starter_pouch,1.99,120,0
TX000008187,113320,2026-03-02 17:48:47,starter_pouch,1.99,120,0
TX000011195,128620,2026-03-02 17:49:31,small_pouch,4.99,350,0
TX000005363,165148,2026-03-02 17:50:29,starter_pouch,1.99,120,0
TX000006875,119170,2026-03-02 17:59:20,large_chest,19.99,1800,0
TX000013370,137613,2026-03-02 18:01:11,starter_pouch,1.99,120,0
TX000015069,154512,2026-03-02 18:16:04,medium_chest,9.99,800,0
TX000012693,100765,2026-03-02 18:18:16,vault,49.99,5000,0
TX000005639,173324,2026-03-02 18:35:16,starter_pouch,1.99,120,0
TX000011132,104313,2026-03-02 18:47:05,medium_chest,9.99,800,0
TX000000433,160585,2026-03-02 18:57:16,small_pouch,4.99,350,0
TX000011792,112938,2026-03-02 18:57:18,vault,49.99,5000,0
TX000006482,135814,2026-03-02 19:11:15,starter_pouch,1.99,120,0
TX000009918,120285,2026-03-02 19:11:49,medium_chest,9.99,800,0
TX000004801,105593,2026-03-02 19:14:35,large_chest,19.99,1800,0
TX000012138,123238,2026-03-02 19:33:04,starter_pouch,1.99,120,0
TX000014970,162381,2026-03-02 19:37:51,starter_pouch,1.99,120,0
TX000000944,178771,2026-03-02 19:40:15,small_pouch,4.99,350,0
TX000006801,107640,2026-03-02 19:43:00,small_pouch,4.99,350,0
TX000003826,172041,2026-03-02 19:43:23,large_chest,19.99,1800,0
TX000013900,173114,2026-03-02 19:55:58,small_pouch,4.99,350,0
TX000013179,112005,2026-03-02 20:01:39,starter_pouch,1.99,120,0
TX000005965,172807,2026-03-02 20:06:11,small_pouch,4.99,350,0
TX000011792,112938,2026-03-02 20:06:28,vault,49.99,5000,0
TX000000742,124321,2026-03-02 20:17:34,small_pouch,4.99,350,0
TX000004037,117402,2026-03-02 20:18:12,starter_pouch,1.99,120,0
TX000004555,143349,2026-03-02 20:28:42,medium_chest,9.99,800,0
TX000010676,149084,2026-03-02 20:29:30,medium_chest,9.99,800,0
TX000005157,137884,2026-03-02 20:31:24,vault,49.99,5000,0
TX000002683,124062,2026-03-02 20:43:53,starter_pouch,1.99,120,0
TX000014222,133965,2026-03-02 20:48:05,vault,49.99,5000,0
TX000004534,175291,2026-03-02 20:50:15,starter_pouch,1.99,120,0
TX000006243,123401,2026-03-02 20:50:49,medium_chest,9.99,800,0
TX000003674,138923,2026-03-02 20:52:51,small_pouch,4.99,350,0
TX000007082,160954,2026-03-02 20:56:01,large_chest,19.99,1800,0
TX000013088,173171,2026-03-02 21:00:25,medium_chest,9.99,800,0
TX000003032,117214,2026-03-02 21:01:07,small_pouch,4.99,350,0
TX000007055,157542,2026-03-02 21:05:29,medium_chest,9.99,800,0
TX000011225,118018,2026-03-02 21:07:32,starter_pouch,1.99,120,0
TX000001883,123793,2026-03-02 21:30:25,medium_chest,9.99,800,0
TX000010488,105927,2026-03-02 21:35:05,large_chest,19.99,1800,0
TX000013576,128951,2026-03-02 21:36:39,small_pouch,4.99,350,0
TX000014539,101420,2026-03-02 21:51:02,starter_pouch,1.99,120,0
TX000014525,128664,2026-03-02 21:55:04,medium_chest,9.99,800,0
TX000010939,103048,2026-03-02 22:14:30,starter_pouch,1.99,120,0
TX000010397,161606,2026-03-02 22:26:25,large_chest,19.99,1800,0
TX000011339,113034,2026-03-02 22:33:56,starter_pouch,1.99,120,0
TX000014058,171199,2026-03-02 22:48:29,starter_pouch,1.99,120,0
TX000002145,112852,2026-03-02 22:58:30,vault,49.99,5000,0
TX000005454,162984,2026-03-02 23:09:51,starter_pouch,1.99,120,0
TX000009605,150337,2026-03-02 23:13:04,medium_chest,9.99,800,0
TX000003789,145915,2026-03-02 23:39:21,large_chest,19.99,1800,0
TX000008665,176173,2026-03-02 23:48:07,small_pouch,4.99,350,0
TX000001480,171935,2026-03-02 23:50:45,starter_pouch,1.99,120,0
TX000005985,174732,2026-03-02 23:56:35,starter_pouch,1.99,120,0
TX000010880,177832,2026-03-02 23:59:15,small_pouch,4.99,350,0
TX000001943,100906,2026-03-02 23:59:56,large_chest,19.99,1800,0
TX000001914,134671,2026-03-03 06:05:03,large_chest,19.99,1800,0
TX000001510,104400,2026-03-03 06:05:17,medium_chest,9.99,800,0
TX000013811,130702,2026-03-03 06:29:44,large_chest,19.99,1800,0
TX000006037,137669,2026-03-03 06:49:38,small_pouch,4.99,350,0
TX000011271,104596,2026-03-03 06:53:54,large_chest,19.99,1800,0
TX000002022,117930,2026-03-03 06:54:25,large_chest,19.99,1800,0
TX000010346,123251,2026-03-03 07:06:40,large_chest,19.99,1800,0
TX000008629,118532,2026-03-03 07:36:22,small_pouch,4.99,350,0
TX000014250,148783,2026-03-03 07:39:51,medium_chest,9.99,800,0
TX000010806,133192,2026-03-03 07:48:58,starter_pouch,1.99,120,0
TX000009128,176886,2026-03-03 07:59:36,large_chest,19.99,1800,0
TX000013897,175273,2026-03-03 08:11:48,large_chest,19.99,1800,0
TX000004993,168581,2026-03-03 08:19:37,starter_pouch,1.99,120,0
TX000003884,102719,2026-03-03 08:28:02,vault,49.99,5000,0
TX000000036,178059,2026-03-03 08:36:54,small_pouch,4.99,350,0
TX000011873,143204,2026-03-03 09:59:27,small_pouch,4.99,350,0
TX000002783,143077,2026-03-03 10:23:35,small_pouch,4.99,350,0
TX000001934,106161,2026-03-03 10:30:38,small_pouch,4.99,350,0
TX000010154,138067,2026-03-03 10:34:49,mega_vault,99.99,11000,0
TX000004988,126086,2026-03-03 10:42:54,small_pouch,4.99,350,0
TX000003035,134321,2026-03-03 10:45:24,medium_chest,9.99,800,0
TX000012872,164146,2026-03-03 11:01:10,small_pouch,4.99,350,0
TX000012749,136558,2026-03-03 11:14:23,starter_pouch,1.99,120,0
TX000011918,171070,2026-03-03 12:48:53,medium_chest,9.99,800,0
TX000014404,171105,2026-03-03 12:50:33,small_pouch,4.99,350,0
TX000007431,164401,2026-03-03 13:04:08,starter_pouch,1.99,120,0
TX000002049,153931,2026-03-03 13:20:54,starter_pouch,1.99,120,0
TX000005132,105799,2026-03-03 13:40:44,small_pouch,4.99,350,0
TX000000774,151158,2026-03-03 14:01:09,vault,49.99,5000,0
TX000000560,137377,2026-03-03 14:26:40,large_chest,19.99,1800,0
TX000006806,105445,2026-03-03 14:46:24,starter_pouch,1.99,120,0
TX000013183,123371,2026-03-03 14:46:41,medium_chest,9.99,800,0
TX000002486,123235,2026-03-03 14:54:58,starter_pouch,1.99,120,0
TX000006457,105549,2026-03-03 15:05:56,small_pouch,4.99,350,0
TX000007063,144345,2026-03-03 15:19:20,starter_pouch,1.99,120,0
TX000014689,123873,2026-03-03 15:38:47,large_chest,19.99,1800,0
TX000015117,149566,2026-03-03 15:49:53,medium_chest,9.99,800,0
TX000008099,133772,2026-03-03 15:54:19,starter_pouch,1.99,120,0
TX000003676,140409,2026-03-03 15:56:17,small_pouch,4.99,350,0
TX000008273,117587,2026-03-03 16:14:22,large_chest,19.99,1800,0
TX000005165,131670,2026-03-03 16:29:28,starter_pouch,1.99,120,0
TX000000932,149841,2026-03-03 16:37:08,medium_chest,9.99,800,0
TX000013287,148505,2026-03-03 16:52:28,medium_chest,9.99,800,0
TX000015245,173753,2026-03-03 16:56:12,starter_pouch,1.99,120,0
TX000001815,134669,2026-03-03 17:03:47,small_pouch,4.99,350,0
TX000000175,109643,2026-03-03 17:15:56,medium_chest,9.99,800,0
TX000014137,136299,2026-03-03 17:23:31,small_pouch,4.99,350,0
TX000006363,134527,2026-03-03 17:27:17,large_chest,19.99,1800,0
TX000004179,172942,2026-03-03 17:29:17,large_chest,19.99,1800,0
TX000012814,125034,2026-03-03 17:32:33,starter_pouch,1.99,120,0
TX000008035,126062,2026-03-03 17:40:37,small_pouch,4.99,350,0
TX000005651,112636,2026-03-03 17:43:40,starter_pouch,1.99,120,0
TX000012033,136779,2026-03-03 17:48:46,small_pouch,4.99,350,0
TX000007413,101542,2026-03-03 17:58:05,starter_pouch,1.99,120,0
TX000007135,114182,2026-03-03 17:59:07,medium_chest,9.99,800,0
TX000004321,176932,2026-03-03 18:07:31,medium_chest,9.99,800,0
TX000012829,175594,2026-03-03 18:11:52,large_chest,19.99,1800,0
TX000010334,178458,2026-03-03 18:12:09,starter_pouch,1.99,120,0
TX000001239,136437,2026-03-03 18:12:29,mega_vault,99.99,11000,0
TX000012442,177015,2026-03-03 18:16:40,small_pouch,4.99,350,0
TX000013257,161292,2026-03-03 18:17:21,large_chest,19.99,1800,0
TX000008888,153516,2026-03-03 18:27:55,starter_pouch,1.99,120,0
TX000002272,133098,2026-03-03 18:31:23,small_pouch,4.99,350,0
TX000014290,167365,2026-03-03 18:31:51,small_pouch,4.99,350,0
TX000013774,136246,2026-03-03 18:40:55,starter_pouch,1.99,120,0
TX000001164,131991,2026-03-03 18:54:17,small_pouch,4.99,350,0
TX000008011,134716,2026-03-03 18:55:16,small_pouch,4.99,350,0
TX000009952,139570,2026-03-03 18:56:48,small_pouch,4.99,350,0
TX000014409,134087,2026-03-03 19:00:42,medium_chest,9.99,800,0
TX000009010,162478,2026-03-03 19:06:42,small_pouch,4.99,350,0
TX000009097,134261,2026-03-03 19:10:53,small_pouch,4.99,350,0
TX000001384,173598,2026-03-03 19:16:34,large_chest,19.99,1800,0
TX000015082,141080,2026-03-03 19:17:46,medium_chest,9.99,800,0
TX000009849,165736,2026-03-03 19:25:45,starter_pouch,1.99,120,0
TX000014359,176647,2026-03-03 19:30:02,medium_chest,9.99,800,0
TX000003583,153088,2026-03-03 19:32:13,starter_pouch,1.99,120,0
TX000005897,131063,2026-03-03 19:38:37,large_chest,19.99,1800,0
TX000003684,143199,2026-03-03 19:45:04,small_pouch,4.99,350,0
TX000003758,151326,2026-03-03 19:46:15,starter_pouch,1.99,120,0
TX000013192,180037,2026-03-03 19:48:50,large_chest,19.99,1800,0
TX000008955,168726,2026-03-03 19:54:02,medium_chest,9.99,800,0
TX000007906,115278,2026-03-03 19:54:34,starter_pouch,1.99,120,0
TX000014204,163295,2026-03-03 19:57:00,medium_chest,9.99,800,0
TX000012802,131890,2026-03-03 20:02:04,starter_pouch,1.99,120,0
TX000014783,147851,2026-03-03 20:24:43,large_chest,19.99,1800,0
TX000012714,176456,2026-03-03 20:25:10,large_chest,19.99,1800,0
TX000006931,167711,2026-03-03 20:33:38,medium_chest,9.99,800,0
TX000007207,151889,2026-03-03 20:44:46,starter_pouch,1.99,120,0
TX000010744,173331,2026-03-03 20:44:52,medium_chest,9.99,800,0
TX000011361,145423,2026-03-03 20:46:12,starter_pouch,1.99,120,0
TX000002258,105436,2026-03-03 20:53:55,starter_pouch,1.99,120,0
TX000004755,101368,2026-03-03 21:05:48,large_chest,19.99,1800,0
TX000013941,135131,2026-03-03 21:05:51,starter_pouch,1.99,120,0
TX000005327,167259,2026-03-03 21:15:59,starter_pouch,1.99,120,0
TX000003407,116255,2026-03-03 21:30:27,small_pouch,4.99,350,0
TX000012197,167560,2026-03-03 21:35:00,small_pouch,4.99,350,0
TX000004918,129622,2026-03-03 21:40:06,medium_chest,9.99,800,0
TX000010483,147238,2026-03-03 21:42:21,small_pouch,4.99,350,0
TX000014879,153745,2026-03-03 21:44:44,medium_chest,9.99,800,0
TX000002799,166667,2026-03-03 21:56:22,starter_pouch,1.99,120,0
TX000010872,114594,2026-03-03 22:04:05,large_chest,19.99,1800,0
TX000011839,142419,2026-03-03 22:05:44,starter_pouch,1.99,120,0
TX000009598,107506,2026-03-03 22:15:33,large_chest,19.99,1800,0
TX000003378,117826,2026-03-03 22:15:34,mega_vault,99.99,11000,0
TX000009532,146604,2026-03-03 22:31:51,medium_chest,9.99,800,0
TX000014570,132711,2026-03-03 23:24:34,large_chest,19.99,1800,0
TX000001349,102396,2026-03-03 23:59:56,large_chest,-19.99,-1800,0
TX000003999,179157,2026-03-03 23:59:56,starter_pouch,1.99,120,0
TX000008509,163666,2026-03-04 06:05:43,large_chest,19.99,1800,0
TX000003648,155023,2026-03-04 07:21:05,medium_chest,-9.99,-800,0
TX000003810,103530,2026-03-04 07:47:40,starter_pouch,1.99,120,0
TX000006352,161728,2026-03-04 08:16:07,small_pouch,4.99,350,0
TX000005008,114482,2026-03-04 08:50:09,large_chest,19.99,1800,0
TX000009301,155421,2026-03-04 08:56:00,small_pouch,4.99,350,0
TX000008727,148782,2026-03-04 09:26:02,small_pouch,4.99,350,0
TX000012511,134463,2026-03-04 09:26:57,large_chest,19.99,1800,0
TX000002137,133414,2026-03-04 09:32:10,mega_vault,99.99,11000,0
TX000008179,143780,2026-03-04 09:32:41,small_pouch,4.99,350,0
TX000004642,163224,2026-03-04 10:12:52,starter_pouch,1.99,120,0
TX000012227,134077,2026-03-04 10:20:35,large_chest,19.99,1800,0
TX000001406,146948,2026-03-04 10:27:02,starter_pouch,1.99,120,0
TX000014060,104295,2026-03-04 10:32:16,starter_pouch,1.99,120,0
TX000008730,156791,2026-03-04 10:42:35,small_pouch,4.99,350,0
TX000000546,123962,2026-03-04 11:39:39,starter_pouch,1.99,120,0
TX000012322,105512,2026-03-04 11:45:25,small_pouch,-4.99,-350,0
TX000011111,153760,2026-03-04 12:09:59,medium_chest,9.99,800,0
TX000012852,178059,2026-03-04 12:34:38,mega_vault,99.99,11000,0
TX000007433,107301,2026-03-04 12:34:47,starter_pouch,1.99,120,0
TX000013982,161978,2026-03-04 13:15:22,starter_pouch,1.99,120,0
TX000013854,160517,2026-03-04 13:18:23,starter_pouch,1.99,120,0
TX000012243,106798,2026-03-04 13:31:01,medium_chest,9.99,800,0
TX000010569,177012,2026-03-04 13:38:19,small_pouch,4.99,350,0
TX000012126,135002,2026-03-04 14:06:35,mega_vault,99.99,11000,0
TX000001978,143991,2026-03-04 14:36:37,medium_chest,9.99,800,0
TX000008131,121074,2026-03-04 14:58:53,small_pouch,4.99,350,0
TX000004656,104022,2026-03-04 15:09:00,medium_chest,9.99,800,0
TX000000991,114579,2026-03-04 15:29:15,small_pouch,4.99,350,0
TX000009452,136071,2026-03-04 15:31:26,medium_chest,9.99,800,0
TX000008265,126464,2026-03-04 15:53:30,large_chest,19.99,1800,0
TX000004341,119482,2026-03-04 15:56:46,medium_chest,9.99,800,0
TX000002309,156306,2026-03-04 15:58:33,medium_chest,9.99,800,0
TX000002100,167778,2026-03-04 16:04:33,starter_pouch,1.99,120,0
TX000008346,147982,2026-03-04 16:07:08,vault,49.99,5000,0
TX000009240,167867,2026-03-04 16:12:30,small_pouch,4.99,350,0
TX000007841,137669,2026-03-04 16:12:35,starter_pouch,1.99,120,0
TX000006011,162787,2026-03-04 16:22:08,large_chest,19.99,1800,0
TX000001469,156554,2026-03-04 16:37:47,starter_pouch,1.99,120,0
TX000000909,151475,2026-03-04 16:43:40,large_chest,19.99,1800,0
TX000001390,133441,2026-03-04 16:52:29,small_pouch,4.99,350,0
TX000006823,151654,2026-03-04 16:56:54,medium_chest,9.99,800,0
TX000012937,146143,2026-03-04 16:57:18,small_pouch,4.99,350,0
TX000002603,148814,2026-03-04 17:17:37,medium_chest,9.99,800,0
TX000004596,170106,2026-03-04 17:27:55,starter_pouch,1.99,120,0
TX000007161,101501,2026-03-04 17:30:36,large_chest,19.99,1800,0
TX000011775,149307,2026-03-04 17:32:18,small_pouch,4.99,350,0
TX000011801,145521,2026-03-04 17:44:55,vault,49.99,5000,0
TX000014733,107688,2026-03-04 17:46:21,small_pouch,4.99,350,0
TX000013314,146840,2026-03-04 17:49:58,large_chest,19.99,1800,0
TX000010113,121966,2026-03-04 17:50:18,medium_chest,9.99,800,0
TX000014934,147172,2026-03-04 17:59:18,small_pouch,4.99,350,0
TX000006403,106111,2026-03-04 18:14:25,small_pouch,4.99,350,0
TX000009972,152441,2026-03-04 18:14:51,mega_vault,99.99,11000,0
TX000013708,116916,2026-03-04 18:25:08,starter_pouch,1.99,120,0
TX000000348,160680,2026-03-04 18:33:33,mega_vault,99.99,11000,0
TX000003296,117191,2026-03-04 18:42:47,small_pouch,4.99,350,0
TX000001391,154086,2026-03-04 19:01:49,starter_pouch,1.99,120,0
TX000015157,168506,2026-03-04 19:07:30,medium_chest,9.99,800,0
TX000010081,100032,2026-03-04 19:14:29,large_chest,19.99,1800,0
TX000000256,110922,2026-03-04 19:15:02,small_pouch,4.99,350,0
TX000011098,152927,2026-03-04 19:16:45,medium_chest,9.99,800,0
TX000004038,124321,2026-03-04 19:27:15,small_pouch,-4.99,-350,0
TX000000317,103034,2026-03-04 19:28:59,small_pouch,4.99,350,0
TX000002268,176033,2026-03-04 19:30:53,small_pouch,4.99,350,0
TX000009684,100844,2026-03-04 19:38:40,medium_chest,9.99,800,0
TX000007334,102129,2026-03-04 19:45:21,small_pouch,4.99,350,0
TX000012086,173745,2026-03-04 19:55:19,small_pouch,4.99,350,0
TX000009093,149869,2026-03-04 20:02:42,small_pouch,4.99,350,0
TX000008492,175242,2026-03-04 20:11:51,medium_chest,9.99,800,0
TX000014149,133146,2026-03-04 20:14:07,small_pouch,4.99,350,0
TX000011322,127447,2026-03-04 20:14:48,medium_chest,9.99,800,0
TX000014184,148164,2026-03-04 20:15:09,starter_pouch,1.99,120,0
TX000000883,174347,2026-03-04 20:18:26,medium_chest,9.99,800,0
TX000007738,110169,2026-03-04 20:20:37,medium_chest,9.99,800,0
TX000012322,105512,2026-03-04 20:20:52,small_pouch,-4.99,-350,0
TX000014373,106635,2026-03-04 20:22:13,vault,49.99,5000,0
TX000000312,168870,2026-03-04 20:27:11,small_pouch,4.99,350,0
TX000005550,113095,2026-03-04 20:32:36,small_pouch,4.99,350,0
TX000012018,115780,2026-03-04 20:33:37,medium_chest,9.99,800,0
TX000005044,128774,2026-03-04 20:34:52,small_pouch,4.99,350,0
TX000001901,134090,2026-03-04 20:51:30,medium_chest,9.99,800,0
TX000007075,111705,2026-03-04 20:54:50,medium_chest,9.99,800,0
TX000008983,172142,2026-03-04 21:02:59,small_pouch,4.99,350,0
TX000010508,108620,2026-03-04 21:09:05,medium_chest,9.99,800,0
TX000011545,174883,2026-03-04 21:15:29,medium_chest,9.99,800,0
TX000002632,120730,2026-03-04 21:18:16,large_chest,19.99,1800,0
TX000008674,101829,2026-03-04 21:19:46,medium_chest,9.99,800,0
TX000003641,179422,2026-03-04 21:22:43,large_chest,19.99,1800,0
TX000005461,104899,2026-03-04 21:22:53,medium_chest,9.99,800,0
TX000004488,170860,2026-03-04 21:29:04,medium_chest,9.99,800,0
TX000000718,155963,2026-03-04 21:31:27,small_pouch,4.99,350,0
TX000008063,100062,2026-03-04 21:34:31,small_pouch,4.99,350,0
TX000007369,113166,2026-03-04 21:35:03,starter_pouch,1.99,120,0
TX000007773,174011,2026-03-04 21:36:02,large_chest,19.99,1800,0
TX000012274,116136,2026-03-04 21:40:07,starter_pouch,1.99,120,0
TX000004185,164779,2026-03-04 21:51:59,small_pouch,4.99,350,0
TX000014695,131455,2026-03-04 21:52:07,small_pouch,4.99,350,0
TX000000763,121576,2026-03-04 21:56:54,medium_chest,9.99,800,0
TX000002510,136888,2026-03-04 22:01:19,medium_chest,9.99,800,0
TX000001385,147445,2026-03-04 22:05:16,medium_chest,9.99,800,0
TX000002314,145265,2026-03-04 22:16:01,medium_chest,9.99,800,0
TX000007534,135852,2026-03-04 22:23:34,starter_pouch,1.99,120,0
TX000011304,119981,2026-03-04 22:31:35,large_chest,19.99,1800,0
TX000010642,127948,2026-03-04 22:32:40,large_chest,19.99,1800,0
TX000007823,104609,2026-03-04 22:40:17,starter_pouch,1.99,120,0
TX000014490,130108,2026-03-04 22:44:36,small_pouch,4.99,350,0
TX000010496,138875,2026-03-04 23:04:16,medium_chest,9.99,800,0
TX000015023,148071,2026-03-04 23:28:46,starter_pouch,1.99,120,0
TX000002193,118203,2026-03-04 23:59:56,starter_pouch,1.99,120,0
TX000014223,122422,2026-03-04 23:59:56,medium_chest,9.99,800,0
TX000001128,166751,2026-03-04 23:59:56,small_pouch,4.99,350,0
TX000007432,161211,2026-03-04 23:59:56,starter_pouch,1.99,120,0
TX000003761,172242,2026-03-04 23:59:56,small_pouch,4.99,350,0
TX000001366,158580,2026-03-05 06:22:08,large_chest,19.99,1800,0
TX000007048,114147,2026-03-05 06:48:46,starter_pouch,1.99,120,0
TX000004744,143202,2026-03-05 06:51:31,small_pouch,4.99,350,0
TX000014008,132814,2026-03-05 06:56:48,small_pouch,4.99,350,0
TX000013390,168775,2026-03-05 07:00:33,small_pouch,4.99,350,0
TX000003439,166766,2026-03-05 09:05:15,medium_chest,9.99,800,0
TX000014492,143093,2026-03-05 09:42:50,medium_chest,9.99,800,0
TX000011931,172862,2026-03-05 10:05:09,small_pouch,4.99,350,0
TX000010232,148071,2026-03-05 10:52:19,vault,49.99,5000,0
TX000005286,139970,2026-03-05 13:10:34,starter_pouch,1.99,120,0
TX000001714,120935,2026-03-05 14:02:45,medium_chest,9.99,800,0
TX000014899,156514,2026-03-05 14:19:25,small_pouch,4.99,350,0
TX000004085,119300,2026-03-05 14:43:37,medium_chest,9.99,800,0
TX000004006,148401,2026-03-05 15:25:16,starter_pouch,1.99,120,0
TX000009203,138661,2026-03-05 15:28:47,small_pouch,4.99,350,0
TX000014375,134261,2026-03-05 15:51:25,mega_vault,99.99,11000,0
TX000009571,104625,2026-03-05 16:06:53,starter_pouch,1.99,120,0
TX000002503,135764,2026-03-05 16:10:02,medium_chest,9.99,800,0
TX000012919,109852,2026-03-05 16:35:39,medium_chest,9.99,800,0
TX000012611,150952,2026-03-05 16:47:26,starter_pouch,1.99,120,0
TX000006349,120178,2026-03-05 16:47:50,starter_pouch,1.99,120,0
TX000012914,103313,2026-03-05 17:33:48,small_pouch,4.99,350,0
TX000006132,165087,2026-03-05 17:58:13,small_pouch,4.99,350,0
TX000011623,177281,2026-03-05 18:02:07,starter_pouch,1.99,120,0
TX000010559,154907,2026-03-05 18:24:31,small_pouch,4.99,350,0
TX000003851,152433,2026-03-05 18:25:02,starter_pouch,1.99,120,0
TX000004630,163507,2026-03-05 18:30:24,starter_pouch,1.99,120,0
TX000004071,167501,2026-03-05 18:31:03,small_pouch,4.99,350,0
TX000001755,153599,2026-03-05 18:44:16,small_pouch,4.99,350,0
TX000012702,104043,2026-03-05 19:07:13,medium_chest,-9.99,-800,0
TX000010997,163052,2026-03-05 19:07:41,small_pouch,4.99,350,0
TX000013575,129628,2026-03-05 19:34:40,large_chest,19.99,1800,0
TX000005387,173257,2026-03-05 19:35:14,mega_vault,99.99,11000,0
TX000012151,166349,2026-03-05 19:37:59,vault,49.99,5000,0
TX000010423,135933,2026-03-05 19:47:00,large_chest,19.99,1800,0
TX000003631,127631,2026-03-05 19:53:33,small_pouch,4.99,350,0
TX000007946,168878,2026-03-05 20:00:47,small_pouch,4.99,350,0
TX000003172,121058,2026-03-05 20:10:06,starter_pouch,1.99,120,0
TX000002332,110894,2026-03-05 20:27:42,mega_vault,99.99,11000,0
TX000000776,132152,2026-03-05 20:28:45,starter_pouch,1.99,120,0
TX000009256,160095,2026-03-05 20:31:53,medium_chest,9.99,800,0
TX000015162,107016,2026-03-05 20:32:09,large_chest,19.99,1800,0
TX000011887,139328,2026-03-05 20:37:28,medium_chest,9.99,800,0
TX000002806,119964,2026-03-05 20:46:25,large_chest,19.99,1800,0
TX000003585,115273,2026-03-05 20:48:40,small_pouch,4.99,350,0
TX000005067,141343,2026-03-05 21:16:14,starter_pouch,1.99,120,0
TX000002767,135407,2026-03-05 21:27:25,mega_vault,99.99,11000,0
TX000009771,140921,2026-03-05 21:50:01,medium_chest,9.99,800,0
TX000006684,171935,2026-03-05 22:14:44,starter_pouch,-1.99,-120,0
TX000008963,159906,2026-03-05 23:15:36,mega_vault,99.99,11000,0
TX000006386,131692,2026-03-05 23:34:24,starter_pouch,1.99,120,0
TX000011903,148201,2026-03-05 23:54:41,starter_pouch,1.99,120,0
TX000010048,148685,2026-03-05 23:59:56,medium_chest,9.99,800,0
TX000012206,168465,2026-03-05 23:59:56,vault,49.99,5000,0
TX000014922,152979,2026-03-05 23:59:56,starter_pouch,1.99,120,0
TX000014747,170595,2026-03-05 23:59:56,small_pouch,4.99,350,0
TX000006480,157837,2026-03-06 08:33:14,starter_pouch,1.99,120,0
TX000012434,158904,2026-03-06 09:21:10,starter_pouch,1.99,120,0
TX000011258,161767,2026-03-06 10:28:01,mega_vault,99.99,11000,0
TX000005349,150096,2026-03-06 10:56:06,small_pouch,4.99,350,0
TX000009823,127966,2026-03-06 11:31:35,starter_pouch,1.99,120,0
TX000000726,117257,2026-03-06 11:34:55,small_pouch,4.99,350,0
TX000009332,165922,2026-03-06 11:50:39,mega_vault,99.99,11000,0
TX000002750,116916,2026-03-06 12:42:16,starter_pouch,-1.99,-120,0
TX000001090,141804,2026-03-06 12:48:17,starter_pouch,1.99,120,0
TX000009171,133971,2026-03-06 13:15:57,medium_chest,9.99,800,0
TX000009675,129624,2026-03-06 13:30:02,large_chest,19.99,1800,0
TX000007362,169340,2026-03-06 14:03:00,vault,49.99,5000,0
TX000003085,113320,2026-03-06 14:32:30,small_pouch,4.99,350,0
TX000009887,160234,2026-03-06 14:50:48,medium_chest,9.99,800,0
TX000013078,106635,2026-03-06 15:31:56,small_pouch,4.99,350,0
TX000011137,112682,2026-03-06 15:50:11,medium_chest,9.99,800,0
TX000012695,169711,2026-03-06 17:11:38,medium_chest,9.99,800,0
TX000008552,158543,2026-03-06 17:21:44,medium_chest,9.99,800,0
TX000000939,152855,2026-03-06 17:25:37,medium_chest,9.99,800,0
TX000012463,118355,2026-03-06 18:04:16,starter_pouch,1.99,120,0
TX000006387,166929,2026-03-06 18:14:56,small_pouch,4.99,350,0
TX000004072,115243,2026-03-06 18:19:39,medium_chest,9.99,800,0
TX000003322,111508,2026-03-06 18:52:53,medium_chest,9.99,800,0
TX000001893,157139,2026-03-06 19:08:04,large_chest,19.99,1800,0
TX000006756,165694,2026-03-06 19:27:30,medium_chest,9.99,800,0
TX000007779,112858,2026-03-06 19:31:53,small_pouch,4.99,350,0
TX000012601,124821,2026-03-06 19:39:23,small_pouch,4.99,350,0
TX000008030,179749,2026-03-06 19:44:16,medium_chest,-9.99,-800,0
TX000000679,130920,2026-03-06 19:45:26,medium_chest,-9.99,-800,0
TX000014718,103359,2026-03-06 19:58:38,starter_pouch,1.99,120,0
TX000010125,151355,2026-03-06 19:58:54,small_pouch,4.99,350,0
TX000009839,134467,2026-03-06 20:26:15,starter_pouch,1.99,120,0
TX000007408,162160,2026-03-06 20:42:26,medium_chest,9.99,800,0
TX000014388,135474,2026-03-06 20:44:01,small_pouch,4.99,350,0
TX000007846,130126,2026-03-06 20:51:29,starter_pouch,1.99,120,0
TX000011784,171935,2026-03-06 20:51:46,starter_pouch,1.99,120,0
TX000008521,178570,2026-03-06 21:05:27,medium_chest,9.99,800,0
TX000010789,172650,2026-03-06 21:12:44,starter_pouch,1.99,120,0
TX000015242,135901,2026-03-06 21:30:09,small_pouch,4.99,350,0
TX000014036,146577,2026-03-06 21:35:33,starter_pouch,1.99,120,0
TX000002862,120616,2026-03-06 21:36:07,vault,49.99,5000,0
TX000014799,138807,2026-03-06 21:38:59,medium_chest,9.99,800,0
TX000010988,101326,2026-03-06 21:41:11,medium_chest,9.99,800,0
TX000015300,178797,2026-03-06 21:43:57,medium_chest,9.99,800,0
TX000003093,161925,2026-03-06 21:58:36,starter_pouch,1.99,120,0
TX000013501,118419,2026-03-06 21:59:17,small_pouch,4.99,350,0
TX000013523,135854,2026-03-06 22:01:32,small_pouch,4.99,350,0
TX000005963,128848,2026-03-06 22:31:20,small_pouch,4.99,350,0
TX000013757,124789,2026-03-06 22:45:44,small_pouch,4.99,350,0
TX000004093,147973,2026-03-06 22:58:55,starter_pouch,1.99,120,0
TX000007216,174347,2026-03-06 23:16:41,vault,49.99,5000,0
TX000014281,108116,2026-03-06 23:59:56,starter_pouch,1.99,120,0
TX000003419,170415,2026-03-07 06:18:38,medium_chest,9.99,800,0
TX000005023,175808,2026-03-07 09:07:32,small_pouch,4.99,350,0
TX000006909,142104,2026-03-07 09:25:37,starter_pouch,1.99,120,0
TX000000901,160420,2026-03-07 10:09:48,small_pouch,4.99,350,0
TX000002215,102736,2026-03-07 10:41:05,small_pouch,4.99,350,0
TX000003567,138532,2026-03-07 10:58:50,small_pouch,4.99,350,0
TX000013019,169415,2026-03-07 11:14:59,large_chest,19.99,1800,0
TX000012964,139215,2026-03-07 11:19:56,small_pouch,4.99,350,0
TX000001543,126243,2026-03-07 11:39:56,starter_pouch,1.99,120,0
TX000001820,113328,2026-03-07 12:02:42,vault,49.99,5000,0
TX000007451,116136,2026-03-07 13:27:32,vault,49.99,5000,0
TX000003245,167302,2026-03-07 14:52:30,small_pouch,4.99,350,0
TX000013587,140535,2026-03-07 15:55:09,large_chest,19.99,1800,0
TX000000852,163815,2026-03-07 16:16:32,medium_chest,9.99,800,0
TX000008901,112393,2026-03-07 16:20:26,vault,49.99,5000,0
TX000009084,148217,2026-03-07 16:25:53,starter_pouch,1.99,120,0
TX000003005,160509,2026-03-07 16:57:33,large_chest,19.99,1800,0
TX000011166,156775,2026-03-07 17:19:10,starter_pouch,1.99,120,0
TX000012973,132377,2026-03-07 17:27:49,starter_pouch,1.99,120,0
TX000014594,169807,2026-03-07 17:30:33,starter_pouch,1.99,120,0
TX000000365,111560,2026-03-07 18:10:22,starter_pouch,1.99,120,0
TX000005689,170658,2026-03-07 18:34:36,starter_pouch,1.99,120,0
TX000013492,175189,2026-03-07 18:45:00,small_pouch,4.99,350,0
TX000007041,146948,2026-03-07 18:57:16,starter_pouch,-1.99,-120,0
TX000001436,172142,2026-03-07 19:01:49,small_pouch,-4.99,-350,0
TX000014313,112519,2026-03-07 19:04:53,vault,49.99,5000,0
TX000007964,156212,2026-03-07 19:08:44,starter_pouch,1.99,120,0
TX000002832,174601,2026-03-07 19:13:49,starter_pouch,1.99,120,0
TX000011684,158599,2026-03-07 19:47:39,small_pouch,4.99,350,0
TX000014284,163805,2026-03-07 19:52:14,medium_chest,9.99,800,0
TX000012188,145200,2026-03-07 20:01:08,vault,49.99,5000,0
TX000010761,106542,2026-03-07 20:11:20,vault,49.99,5000,0
TX000003919,152834,2026-03-07 20:31:38,medium_chest,9.99,800,0
TX000006138,125069,2026-03-07 20:52:23,starter_pouch,1.99,120,0
TX000009167,172468,2026-03-07 20:56:52,starter_pouch,1.99,120,0
TX000008924,175809,2026-03-07 21:36:47,small_pouch,4.99,350,0
TX000005310,137032,2026-03-07 22:53:12,medium_chest,9.99,800,0
TX000002480,171380,2026-03-07 22:56:17,starter_pouch,1.99,120,0
TX000014858,111616,2026-03-07 23:45:38,medium_chest,9.99,800,0
TX000000153,112927,2026-03-07 23:54:12,large_chest,19.99,1800,0
TX000011282,112832,2026-03-07 23:59:56,starter_pouch,1.99,120,0
TX000004683,162602,2026-03-08 06:03:38,starter_pouch,1.99,120,0
TX000014706,141514,2026-03-08 06:16:54,small_pouch,4.99,350,0
TX000002579,158206,2026-03-08 06:21:31,medium_chest,9.99,800,0
TX000013465,167235,2026-03-08 06:23:53,large_chest,19.99,1800,0
TX000009806,130731,2026-03-08 06:40:38,medium_chest,9.99,800,0
TX000007670,111994,2026-03-08 07:23:12,large_chest,19.99,1800,0
TX000006346,112682,2026-03-08 08:37:21,medium_chest,9.99,800,0
TX000014030,124655,2026-03-08 09:07:19,medium_chest,9.99,800,0
TX000006690,134975,2026-03-08 09:08:22,starter_pouch,1.99,120,0
TX000006369,141072,2026-03-08 11:09:49,starter_pouch,1.99,120,0
TX000013635,109360,2026-03-08 12:03:33,medium_chest,9.99,800,0
TX000004962,167055,2026-03-08 12:09:11,starter_pouch,1.99,120,0
TX000011528,153445,2026-03-08 12:30:32,small_pouch,4.99,350,0
TX000008130,108771,2026-03-08 12:39:37,small_pouch,4.99,350,0
TX000004713,123140,2026-03-08 13:08:17,vault,49.99,5000,0
TX000002434,126767,2026-03-08 13:11:45,vault,49.99,5000,0
TX000005085,103447,2026-03-08 14:05:40,starter_pouch,1.99,120,0
TX000006330,117277,2026-03-08 14:14:33,large_chest,19.99,1800,0
TX000013574,100656,2026-03-08 14:44:01,small_pouch,4.99,350,0
TX000004463,118197,2026-03-08 15:29:58,medium_chest,9.99,800,0
TX000013573,110354,2026-03-08 16:01:57,small_pouch,4.99,350,0
TX000005744,171202,2026-03-08 16:05:36,large_chest,19.99,1800,0
TX000013554,177390,2026-03-08 16:29:38,small_pouch,4.99,350,0
TX000014247,112414,2026-03-08 16:41:34,large_chest,19.99,1800,0
TX000011833,142226,2026-03-08 16:43:25,medium_chest,9.99,800,0
TX000006024,145895,2026-03-08 16:50:18,medium_chest,9.99,800,0
TX000014434,125923,2026-03-08 17:05:14,medium_chest,9.99,800,0
TX000000161,139075,2026-03-08 17:23:40,starter_pouch,1.99,120,0
TX000002365,131867,2026-03-08 17:31:29,small_pouch,4.99,350,0
TX000000659,113607,2026-03-08 17:53:27,large_chest,19.99,1800,0
TX000009247,138402,2026-03-08 17:57:55,medium_chest,9.99,800,0
TX000006967,141469,2026-03-08 18:09:05,vault,49.99,5000,0
TX000005289,168379,2026-03-08 18:34:29,medium_chest,9.99,800,0
TX000009324,111524,2026-03-08 18:52:30,medium_chest,9.99,800,0
TX000014615,101318,2026-03-08 19:00:14,vault,49.99,5000,0
TX000007648,137611,2026-03-08 19:09:50,starter_pouch,1.99,120,0
TX000013170,103183,2026-03-08 19:19:15,small_pouch,4.99,350,0
TX000006233,134340,2026-03-08 19:28:59,vault,49.99,5000,0
TX000004666,127411,2026-03-08 19:40:24,mega_vault,99.99,11000,0
TX000004414,152900,2026-03-08 19:53:14,starter_pouch,1.99,120,0
TX000004915,168870,2026-03-08 20:15:35,small_pouch,-4.99,-350,0
TX000014960,135576,2026-03-08 20:20:56,starter_pouch,1.99,120,0
TX000011445,179130,2026-03-08 20:26:43,starter_pouch,1.99,120,0
TX000001860,111232,2026-03-08 20:30:09,small_pouch,4.99,350,0
TX000015079,165538,2026-03-08 20:31:39,medium_chest,9.99,800,0
TX000014880,166041,2026-03-08 20:34:12,medium_chest,9.99,800,0
TX000006822,145870,2026-03-08 20:44:08,medium_chest,9.99,800,0
TX000012398,173714,2026-03-08 20:51:24,medium_chest,9.99,800,0
TX000012352,158904,2026-03-08 20:52:17,starter_pouch,-1.99,-120,0
TX000011897,174912,2026-03-08 20:52:59,starter_pouch,1.99,120,0
TX000002180,132765,2026-03-08 20:54:02,vault,49.99,5000,0
TX000009475,105117,2026-03-08 21:03:39,starter_pouch,1.99,120,0
TX000010049,141492,2026-03-08 21:08:39,vault,49.99,5000,0
TX000000629,110804,2026-03-08 21:28:03,medium_chest,9.99,800,0
TX000008028,130164,2026-03-08 21:39:05,starter_pouch,1.99,120,0
TX000014286,159365,2026-03-08 21:40:13,large_chest,19.99,1800,0
TX000000122,170440,2026-03-08 21:43:53,starter_pouch,1.99,120,0
TX000001270,157334,2026-03-08 21:51:45,starter_pouch,1.99,120,0
TX000006515,101600,2026-03-08 22:05:32,starter_pouch,1.99,120,0
TX000003782,145795,2026-03-08 22:25:15,starter_pouch,1.99,120,0
TX000010043,126650,2026-03-08 22:41:40,vault,49.99,5000,0
TX000002766,116136,2026-03-08 23:02:38,starter_pouch,1.99,120,0
TX000006963,136564,2026-03-08 23:41:07,starter_pouch,1.99,120,0
TX000011248,175782,2026-03-08 23:59:56,starter_pouch,1.99,120,0
TX000005188,131238,2026-03-08 23:59:56,small_pouch,4.99,350,0
TX000000152,134001,2026-03-08 23:59:56,large_chest,19.99,1800,0
TX000003390,153574,2026-03-08 23:59:56,large_chest,19.99,1800,0
TX000007507,161065,2026-03-08 23:59:56,starter_pouch,1.99,120,0
TX000014831,158860,2026-03-09 06:01:50,medium_chest,9.99,800,1
TX000014631,120043,2026-03-09 06:02:15,medium_chest,9.99,800,1
TX000014439,100884,2026-03-09 06:10:44,starter_pouch,1.99,120,1
TX000002791,123233,2026-03-09 06:16:27,vault,49.99,5000,1
TX000011242,149929,2026-03-09 06:18:49,starter_pouch,1.99,120,1
TX000003459,109338,2026-03-09 06:20:58,small_pouch,4.99,350,1
TX000003857,151106,2026-03-09 06:22:32,vault,49.99,5000,1
TX000013187,136330,2026-03-09 06:23:15,starter_pouch,1.99,120,1
TX000013012,151097,2026-03-09 06:26:19,small_pouch,4.99,350,1
TX000010236,102841,2026-03-09 06:26:29,small_pouch,4.99,350,1
TX000008617,172944,2026-03-09 06:31:12,medium_chest,9.99,800,1
TX000013109,143828,2026-03-09 06:33:27,medium_chest,9.99,800,1
TX000009929,152219,2026-03-09 06:58:05,starter_pouch,1.99,120,1
TX000013791,129046,2026-03-09 07:03:54,starter_pouch,1.99,120,1
TX000007416,141083,2026-03-09 07:10:15,small_pouch,4.99,350,1
TX000007006,131975,2026-03-09 07:10:16,starter_pouch,1.99,120,1
TX000009570,165842,2026-03-09 07:13:04,vault,49.99,5000,1
TX000010925,164472,2026-03-09 07:14:32,small_pouch,-4.99,-350,0
TX000010389,132734,2026-03-09 07:17:11,large_chest,19.99,1800,1
TX000001446,123335,2026-03-09 07:34:03,medium_chest,9.99,800,1
TX000008087,125994,2026-03-09 07:38:42,large_chest,19.99,1800,1
TX000002660,111893,2026-03-09 07:41:30,starter_pouch,1.99,120,1
TX000007178,109031,2026-03-09 07:51:56,starter_pouch,1.99,120,1
TX000011395,124780,2026-03-09 07:57:48,small_pouch,4.99,350,1
TX000013118,141562,2026-03-09 08:01:41,vault,49.99,5000,1
TX000011513,148396,2026-03-09 08:05:38,medium_chest,9.99,800,1
TX000009245,110489,2026-03-09 08:10:03,starter_pouch,1.99,120,1
TX000001702,117467,2026-03-09 08:12:39,starter_pouch,1.99,120,1
TX000012969,132899,2026-03-09 08:14:31,starter_pouch,1.99,120,1
TX000004084,102527,2026-03-09 08:22:03,medium_chest,9.99,800,1
TX000009065,147039,2026-03-09 08:22:29,large_chest,19.99,1800,1
TX000001417,114939,2026-03-09 08:24:03,medium_chest,9.99,800,1
TX000014585,140266,2026-03-09 08:25:17,vault,49.99,5000,1
TX000005527,176285,2026-03-09 08:27:50,medium_chest,9.99,800,1
TX000010959,110779,2026-03-09 08:30:23,starter_pouch,1.99,120,1
TX000011901,161486,2026-03-09 08:38:17,large_chest,19.99,1800,1
TX000009398,117840,2026-03-09 08:47:24,starter_pouch,1.99,120,1
TX000011563,135723,2026-03-09 08:51:53,starter_pouch,1.99,120,1
TX000015108,141290,2026-03-09 08:57:18,starter_pouch,1.99,120,1
TX000003569,152668,2026-03-09 09:07:44,medium_chest,9.99,800,1
TX000012006,111062,2026-03-09 09:11:24,small_pouch,4.99,350,1
TX000007426,106173,2026-03-09 09:14:30,mega_vault,99.99,11000,1
TX000014983,104147,2026-03-09 09:17:44,medium_chest,9.99,800,1
TX000013579,131074,2026-03-09 09:18:29,vault,49.99,5000,1
TX000006794,163456,2026-03-09 09:19:55,vault,49.99,5000,1
TX000008917,143693,2026-03-09 09:20:52,medium_chest,9.99,800,1
TX000004770,121019,2026-03-09 09:25:23,large_chest,19.99,1800,1
TX000011355,117907,2026-03-09 09:35:44,starter_pouch,1.99,120,1
TX000012310,138113,2026-03-09 09:36:58,vault,49.99,5000,1
TX000000315,112841,2026-03-09 09:37:58,large_chest,19.99,1800,1
TX000001457,132710,2026-03-09 09:41:45,starter_pouch,1.99,120,1
TX000013344,142752,2026-03-09 09:42:14,vault,49.99,5000,1
TX000010428,172862,2026-03-09 09:42:56,medium_chest,9.99,800,1
TX000006868,104283,2026-03-09 09:46:17,starter_pouch,1.99,120,1
TX000011937,105544,2026-03-09 09:46:26,small_pouch,4.99,350,1
TX000010819,128768,2026-03-09 09:50:50,starter_pouch,1.99,120,1
TX000012957,121642,2026-03-09 09:50:58,starter_pouch,1.99,120,1
TX000007844,108081,2026-03-09 09:53:34,small_pouch,4.99,350,1
TX000001138,106635,2026-03-09 09:54:40,small_pouch,4.99,350,1
TX000011277,114022,2026-03-09 10:00:07,medium_chest,9.99,800,1
TX000008095,133615,2026-03-09 10:01:15,medium_chest,9.99,800,1
TX000010831,145521,2026-03-09 10:03:23,vault,-49.99,-5000,0
TX000004978,135705,2026-03-09 10:10:23,medium_chest,9.99,800,1
TX000007727,102427,2026-03-09 10:24:45,small_pouch,4.99,350,1
TX000007587,143384,2026-03-09 10:24:51,small_pouch,4.99,350,1
TX000010312,138314,2026-03-09 10:38:13,starter_pouch,1.99,120,1
TX000011475,105575,2026-03-09 10:49:27,medium_chest,9.99,800,1
TX000008059,111245,2026-03-09 10:53:25,starter_pouch,1.99,120,1
TX000006654,125999,2026-03-09 10:57:07,medium_chest,9.99,800,1
TX000006840,170890,2026-03-09 11:02:51,large_chest,19.99,1800,1
TX000000379,108588,2026-03-09 11:06:03,medium_chest,9.99,800,1
TX000011404,152541,2026-03-09 11:10:17,medium_chest,9.99,800,1
TX000010343,151579,2026-03-09 11:19:48,medium_chest,9.99,800,1
TX000003125,116697,2026-03-09 11:25:42,medium_chest,9.99,800,1
TX000004512,144006,2026-03-09 11:31:13,starter_pouch,1.99,120,1
TX000010484,179761,2026-03-09 11:41:15,large_chest,19.99,1800,1
TX000010117,159693,2026-03-09 11:41:41,medium_chest,9.99,800,1
TX000011253,152987,2026-03-09 11:47:22,starter_pouch,1.99,120,1
TX000005052,133746,2026-03-09 11:52:56,starter_pouch,1.99,120,1
TX000006426,136883,2026-03-09 11:53:51,starter_pouch,1.99,120,1
TX000006185,176033,2026-03-09 11:54:20,large_chest,19.99,1800,1
TX000000585,158860,2026-03-09 11:54:46,medium_chest,9.99,800,1
TX000001045,135407,2026-03-09 11:55:40,small_pouch,4.99,350,1
TX000014333,166597,2026-03-09 12:03:31,small_pouch,4.99,350,1
TX000007228,131711,2026-03-09 12:08:36,starter_pouch,1.99,120,1
TX000003498,147648,2026-03-09 12:10:52,starter_pouch,1.99,120,1
TX000010683,137968,2026-03-09 12:11:41,medium_chest,9.99,800,1
TX000008125,121712,2026-03-09 12:12:02,small_pouch,4.99,350,1
TX000006616,110545,2026-03-09 12:15:17,medium_chest,9.99,800,1
TX000001037,130215,2026-03-09 12:24:01,starter_pouch,1.99,120,1
TX000004136,163808,2026-03-09 12:38:58,mega_vault,99.99,11000,1
TX000006961,134479,2026-03-09 12:42:54,mega_vault,99.99,11000,1
TX000007633,101742,2026-03-09 13:02:51,medium_chest,9.99,800,1
TX000014206,102736,2026-03-09 13:08:31,small_pouch,4.99,350,1
TX000011631,106544,2026-03-09 13:12:46,vault,49.99,5000,1
TX000001672,146373,2026-03-09 13:17:42,starter_pouch,1.99,120,1
TX000006957,173250,2026-03-09 13:19:07,starter_pouch,1.99,120,1
TX000000555,156401,2026-03-09 13:22:57,starter_pouch,1.99,120,1
TX000008196,139826,2026-03-09 13:26:26,medium_chest,9.99,800,1
TX000010982,134896,2026-03-09 13:27:21,small_pouch,4.99,350,1
TX000013325,143412,2026-03-09 13:33:11,starter_pouch,1.99,120,1
TX000013448,118109,2026-03-09 13:33:37,large_chest,19.99,1800,1
TX000007921,134350,2026-03-09 13:38:05,vault,49.99,5000,1
TX000002299,138709,2026-03-09 13:43:05,starter_pouch,1.99,120,1
TX000014180,142804,2026-03-09 13:44:51,small_pouch,4.99,350,1
TX000009986,108596,2026-03-09 13:45:55,starter_pouch,1.99,120,1
TX000002355,150649,2026-03-09 13:51:26,small_pouch,4.99,350,1
TX000015136,151719,2026-03-09 14:03:42,medium_chest,9.99,800,1
TX000006388,127876,2026-03-09 14:08:58,starter_pouch,1.99,120,1
TX000007411,129741,2026-03-09 14:14:23,mega_vault,99.99,11000,1
TX000003879,154909,2026-03-09 14:20:42,vault,49.99,5000,1
TX000007390,126469,2026-03-09 14:27:16,medium_chest,9.99,800,1
TX000009511,171695,2026-03-09 14:28:43,starter_pouch,1.99,120,1
TX000003444,142657,2026-03-09 14:30:50,large_chest,19.99,1800,1
TX000007006,131975,2026-03-09 14:33:10,starter_pouch,1.99,120,1
TX000004878,163223,2026-03-09 14:33:14,medium_chest,9.99,800,1
TX000000362,128766,2026-03-09 14:34:12,starter_pouch,1.99,120,1
TX000006081,143569,2026-03-09 14:35:29,small_pouch,4.99,350,1
TX000004778,141989,2026-03-09 14:38:14,small_pouch,4.99,350,1
TX000008608,111332,2026-03-09 14:42:51,mega_vault,99.99,11000,1
TX000003655,138498,2026-03-09 14:45:12,small_pouch,4.99,350,1
TX000004055,135662,2026-03-09 14:53:31,starter_pouch,1.99,120,1
TX000001677,109621,2026-03-09 15:02:30,medium_chest,9.99,800,1
TX000001732,177489,2026-03-09 15:08:10,medium_chest,9.99,800,1
TX000008643,159906,2026-03-09 15:10:21,small_pouch,4.99,350,1
TX000010327,145958,2026-03-09 15:11:57,medium_chest,9.99,800,1
TX000000340,175435,2026-03-09 15:20:21,starter_pouch,1.99,120,1
TX000014477,159834,2026-03-09 15:23:26,starter_pouch,1.99,120,1
TX000013338,169425,2026-03-09 15:25:02,small_pouch,4.99,350,1
TX000001686,151541,2026-03-09 15:25:44,mega_vault,99.99,11000,1
TX000014531,158757,2026-03-09 15:26:13,medium_chest,9.99,800,1
TX000013272,134738,2026-03-09 15:26:28,vault,49.99,5000,1
TX000002179,159846,2026-03-09 15:32:15,starter_pouch,1.99,120,1
TX000001693,148861,2026-03-09 15:33:56,medium_chest,9.99,800,1
TX000005325,173753,2026-03-09 15:33:59,small_pouch,4.99,350,1
TX000001476,107454,2026-03-09 15:34:37,medium_chest,9.99,800,1
TX000008336,100557,2026-03-09 15:36:00,starter_pouch,1.99,120,1
TX000014754,162950,2026-03-09 15:41:49,starter_pouch,1.99,120,1
TX000003064,162790,2026-03-09 15:43:59,vault,49.99,5000,1
TX000005722,148283,2026-03-09 15:45:25,medium_chest,9.99,800,1
TX000014293,112498,2026-03-09 15:49:08,small_pouch,4.99,350,1
TX000004551,121642,2026-03-09 15:50:57,medium_chest,9.99,800,1
TX000011510,126679,2026-03-09 15:54:59,large_chest,19.99,1800,1
TX000010584,158203,2026-03-09 15:55:25,vault,49.99,5000,1
TX000007545,148632,2026-03-09 15:56:14,mega_vault,99.99,11000,1
TX000004271,126616,2026-03-09 15:59:26,small_pouch,4.99,350,1
TX000006481,143794,2026-03-09 16:00:55,medium_chest,9.99,800,1
TX000003720,122093,2026-03-09 16:00:57,starter_pouch,1.99,120,1
TX000000641,176779,2026-03-09 16:01:36,large_chest,19.99,1800,1
TX000000956,170505,2026-03-09 16:04:02,small_pouch,4.99,350,1
TX000002109,116312,2026-03-09 16:08:55,medium_chest,9.99,800,1
TX000004840,179609,2026-03-09 16:15:32,small_pouch,4.99,350,1
TX000002263,162181,2026-03-09 16:17:19,small_pouch,4.99,350,1
TX000009493,133122,2026-03-09 16:18:06,small_pouch,4.99,350,1
TX000008114,151994,2026-03-09 16:21:17,small_pouch,4.99,350,1
TX000013233,143370,2026-03-09 16:35:38,small_pouch,4.99,350,1
TX000000695,117877,2026-03-09 16:36:42,small_pouch,4.99,350,1
TX000004754,153515,2026-03-09 16:43:12,starter_pouch,1.99,120,1
TX000009309,148464,2026-03-09 16:43:20,medium_chest,9.99,800,1
TX000003637,117796,2026-03-09 16:46:03,starter_pouch,1.99,120,1
TX000007782,176277,2026-03-09 16:49:17,large_chest,19.99,1800,1
TX000009585,102373,2026-03-09 16:50:56,small_pouch,4.99,350,1
TX000004737,125272,2026-03-09 17:02:46,starter_pouch,1.99,120,1
TX000014199,141757,2026-03-09 17:03:38,starter_pouch,1.99,120,1
TX000008857,131453,2026-03-09 17:06:33,vault,49.99,5000,1
TX000001841,139346,2026-03-09 17:06:46,starter_pouch,1.99,120,1
TX000006698,179331,2026-03-09 17:08:01,small_pouch,4.99,350,1
TX000012319,174024,2026-03-09 17:08:48,starter_pouch,1.99,120,1
TX000007081,103956,2026-03-09 17:09:03,medium_chest,9.99,800,1
TX000003144,108110,2026-03-09 17:09:47,small_pouch,4.99,350,1
TX000011245,121917,2026-03-09 17:13:54,medium_chest,9.99,800,1
TX000003882,104114,2026-03-09 17:13:55,vault,49.99,5000,1
TX000010196,150637,2026-03-09 17:13:56,starter_pouch,1.99,120,1
TX000007368,172942,2026-03-09 17:18:45,large_chest,19.99,1800,1
TX000012007,100766,2026-03-09 17:23:26,starter_pouch,1.99,120,1
TX000008528,138783,2026-03-09 17:26:14,small_pouch,4.99,350,1
TX000006917,175632,2026-03-09 17:26:44,medium_chest,9.99,800,1
TX000012698,131951,2026-03-09 17:26:52,vault,49.99,5000,1
TX000007492,102109,2026-03-09 17:29:36,small_pouch,4.99,350,1
TX000006007,168904,2026-03-09 17:30:57,small_pouch,4.99,350,1
TX000013460,176562,2026-03-09 17:33:02,large_chest,19.99,1800,1
TX000010031,108215,2026-03-09 17:36:35,medium_chest,9.99,800,1
TX000012616,106510,2026-03-09 17:36:37,medium_chest,9.99,800,1
TX000007732,169851,2026-03-09 17:37:41,starter_pouch,1.99,120,1
TX000009024,132861,2026-03-09 17:39:09,medium_chest,9.99,800,1
TX000005725,112927,2026-03-09 17:47:18,medium_chest,9.99,800,1
TX000005179,143379,2026-03-09 17:53:07,large_chest,19.99,1800,1
TX000002335,171011,2026-03-09 17:58:36,starter_pouch,1.99,120,1
TX000006127,169600,2026-03-09 17:59:10,medium_chest,9.99,800,1
TX000009178,142804,2026-03-09 18:01:14,large_chest,19.99,1800,1
TX000012226,112469,2026-03-09 18:01:14,small_pouch,4.99,350,1
TX000007266,116058,2026-03-09 18:03:10,medium_chest,9.99,800,1
TX000005723,101617,2026-03-09 18:03:23,starter_pouch,1.99,120,1
TX000002033,169952,2026-03-09 18:03:43,starter_pouch,1.99,120,1
TX000013148,109502,2026-03-09 18:04:36,small_pouch,4.99,350,1
TX000014443,150010,2026-03-09 18:08:29,vault,49.99,5000,1
TX000003799,142804,2026-03-09 18:16:07,large_chest,19.99,1800,1
TX000005811,107562,2026-03-09 18:16:22,medium_chest,9.99,800,1
TX000001875,177051,2026-03-09 18:16:42,mega_vault,99.99,11000,1
TX000001426,116977,2026-03-09 18:17:52,medium_chest,9.99,800,1
TX000012480,101613,2026-03-09 18:20:11,small_pouch,4.99,350,1
TX000003640,108887,2026-03-09 18:20:27,vault,49.99,5000,1
TX000004858,149419,2026-03-09 18:25:58,starter_pouch,1.99,120,1
TX000010079,114979,2026-03-09 18:32:51,large_chest,19.99,1800,1
TX000014068,102940,2026-03-09 18:34:05,small_pouch,4.99,350,1
TX000006725,172793,2026-03-09 18:36:09,large_chest,19.99,1800,1
TX000005736,152489,2026-03-09 18:36:31,small_pouch,4.99,350,1
TX000005216,125046,2026-03-09 18:40:50,medium_chest,9.99,800,1
TX000008764,115300,2026-03-09 18:42:05,medium_chest,9.99,800,1
TX000008577,152753,2026-03-09 18:44:37,small_pouch,4.99,350,1
TX000007246,136529,2026-03-09 18:47:08,mega_vault,99.99,11000,1
TX000009451,119868,2026-03-09 18:51:45,vault,49.99,5000,1
TX000002675,122933,2026-03-09 18:53:10,starter_pouch,1.99,120,1
TX000005229,115362,2026-03-09 18:54:14,starter_pouch,1.99,120,1
TX000007892,131899,2026-03-09 18:59:02,small_pouch,4.99,350,1
TX000000475,112033,2026-03-09 19:01:12,vault,49.99,5000,1
TX000012675,112336,2026-03-09 19:01:39,medium_chest,9.99,800,1
TX000005280,157692,2026-03-09 19:03:26,small_pouch,4.99,350,1
TX000000181,115569,2026-03-09 19:04:53,starter_pouch,1.99,120,1
TX000012979,142115,2026-03-09 19:05:23,small_pouch,4.99,350,1
TX000005348,142957,2026-03-09 19:06:46,large_chest,19.99,1800,1
TX000015163,100172,2026-03-09 19:10:43,starter_pouch,1.99,120,1
TX000003814,156568,2026-03-09 19:17:26,vault,49.99,5000,1
TX000001905,165130,2026-03-09 19:20:52,medium_chest,9.99,800,1
TX000005895,135050,2026-03-09 19:29:07,small_pouch,4.99,350,1
TX000011246,179775,2026-03-09 19:31:34,vault,49.99,5000,1
TX000008101,172944,2026-03-09 19:31:42,vault,49.99,5000,1
TX000012988,174114,2026-03-09 19:31:57,small_pouch,4.99,350,1
TX000006782,148283,2026-03-09 19:32:46,large_chest,19.99,1800,1
TX000013455,160262,2026-03-09 19:33:14,starter_pouch,1.99,120,1
TX000007550,108840,2026-03-09 19:36:11,medium_chest,9.99,800,1
TX000013881,151840,2026-03-09 19:39:28,medium_chest,9.99,800,1
TX000002822,133588,2026-03-09 19:39:30,small_pouch,4.99,350,1
TX000007838,131577,2026-03-09 19:40:36,mega_vault,99.99,11000,1
TX000012123,111453,2026-03-09 19:42:18,vault,49.99,5000,1
TX000007195,175917,2026-03-09 19:43:48,starter_pouch,1.99,120,1
TX000003493,125514,2026-03-09 19:44:56,starter_pouch,1.99,120,1
TX000001370,120582,2026-03-09 19:45:01,medium_chest,9.99,800,1
TX000004701,173102,2026-03-09 19:45:27,vault,49.99,5000,1
TX000005868,170595,2026-03-09 19:45:50,small_pouch,4.99,350,1
TX000002585,133655,2026-03-09 19:46:42,starter_pouch,1.99,120,1
TX000003528,180192,2026-03-09 19:46:51,mega_vault,99.99,11000,1
TX000008851,108494,2026-03-09 19:48:37,starter_pouch,1.99,120,1
TX000005869,108380,2026-03-09 19:50:17,small_pouch,4.99,350,1
TX000002317,153824,2026-03-09 19:50:40,large_chest,19.99,1800,1
TX000014474,126673,2026-03-09 19:58:44,small_pouch,4.99,350,1
TX000010328,125923,2026-03-09 20:00:23,medium_chest,9.99,800,1
TX000011403,163223,2026-03-09 20:00:52,starter_pouch,1.99,120,1
TX000001147,121492,2026-03-09 20:02:37,small_pouch,4.99,350,1
TX000005661,114152,2026-03-09 20:02:41,medium_chest,9.99,800,1
TX000007956,159652,2026-03-09 20:03:50,large_chest,19.99,1800,1
TX000001342,100308,2026-03-09 20:04:39,mega_vault,99.99,11000,1
TX000000794,130946,2026-03-09 20:04:56,medium_chest,9.99,800,1
TX000007695,139085,2026-03-09 20:08:10,medium_chest,9.99,800,1
TX000002459,117275,2026-03-09 20:12:54,medium_chest,9.99,800,1
TX000003397,139366,2026-03-09 20:14:00,small_pouch,4.99,350,1
TX000005688,129916,2026-03-09 20:14:22,large_chest,19.99,1800,1
TX000001238,160243,2026-03-09 20:15:17,starter_pouch,1.99,120,1
TX000005468,129741,2026-03-09 20:18:14,medium_chest,9.99,800,1
TX000008515,126951,2026-03-09 20:18:37,large_chest,19.99,1800,1
TX000004758,123543,2026-03-09 20:19:22,starter_pouch,1.99,120,1
TX000008805,156840,2026-03-09 20:20:34,mega_vault,99.99,11000,1
TX000000280,180014,2026-03-09 20:20:35,small_pouch,4.99,350,1
TX000010067,174120,2026-03-09 20:21:35,large_chest,19.99,1800,1
TX000002010,174407,2026-03-09 20:21:53,vault,49.99,5000,1
TX000003751,168327,2026-03-09 20:22:18,medium_chest,9.99,800,1
TX000014339,153566,2026-03-09 20:23:39,starter_pouch,1.99,120,1
TX000007395,166760,2026-03-09 20:27:07,starter_pouch,1.99,120,1
TX000003875,110922,2026-03-09 20:27:20,small_pouch,4.99,350,1
TX000000302,129624,2026-03-09 20:29:24,small_pouch,4.99,350,1
TX000002883,123321,2026-03-09 20:30:02,starter_pouch,1.99,120,1
TX000014131,148891,2026-03-09 20:33:34,small_pouch,4.99,350,1
TX000013117,136939,2026-03-09 20:33:47,large_chest,19.99,1800,1
TX000013107,127319,2026-03-09 20:37:31,medium_chest,9.99,800,1
TX000003129,121001,2026-03-09 20:39:01,small_pouch,4.99,350,1
TX000008350,106174,2026-03-09 20:42:56,medium_chest,9.99,800,1
TX000009654,116136,2026-03-09 20:43:05,mega_vault,99.99,11000,1
TX000002089,118985,2026-03-09 20:44:06,starter_pouch,1.99,120,1
TX000007713,114314,2026-03-09 20:48:25,small_pouch,4.99,350,1
TX000000490,119156,2026-03-09 20:49:43,small_pouch,4.99,350,1
TX000011366,114899,2026-03-09 20:51:16,mega_vault,99.99,11000,1
TX000010689,171977,2026-03-09 20:51:22,small_pouch,4.99,350,1
TX000012196,174644,2026-03-09 20:52:28,small_pouch,4.99,350,1
TX000011390,142940,2026-03-09 20:52:40,small_pouch,4.99,350,1
TX000010351,161569,2026-03-09 20:53:26,starter_pouch,1.99,120,1
TX000000976,111772,2026-03-09 20:57:25,medium_chest,9.99,800,1
TX000002093,142455,2026-03-09 20:58:45,starter_pouch,1.99,120,1
TX000011060,166849,2026-03-09 21:02:10,starter_pouch,1.99,120,1
TX000010859,169846,2026-03-09 21:03:02,medium_chest,9.99,800,1
TX000007671,151942,2026-03-09 21:03:09,mega_vault,99.99,11000,1
TX000002461,169728,2026-03-09 21:04:44,small_pouch,4.99,350,1
TX000011249,118442,2026-03-09 21:04:54,large_chest,19.99,1800,1
TX000012120,139898,2026-03-09 21:05:18,medium_chest,9.99,800,1
TX000009899,143741,2026-03-09 21:10:23,medium_chest,9.99,800,1
TX000012797,159074,2026-03-09 21:10:56,small_pouch,4.99,350,1
TX000010310,141366,2026-03-09 21:16:16,medium_chest,9.99,800,1
TX000001293,161606,2026-03-09 21:16:41,starter_pouch,1.99,120,1
TX000013801,103008,2026-03-09 21:17:20,medium_chest,9.99,800,1
TX000002142,124473,2026-03-09 21:18:21,starter_pouch,1.99,120,1
TX000010226,151960,2026-03-09 21:18:28,small_pouch,4.99,350,1
TX000014399,142531,2026-03-09 21:20:16,starter_pouch,1.99,120,1
TX000007609,108282,2026-03-09 21:22:06,large_chest,19.99,1800,1
TX000009311,146540,2026-03-09 21:23:55,small_pouch,4.99,350,1
TX000006005,175700,2026-03-09 21:24:46,medium_chest,9.99,800,1
TX000010978,116212,2026-03-09 21:29:25,large_chest,19.99,1800,1
TX000003249,147958,2026-03-09 21:30:16,starter_pouch,1.99,120,1
TX000009553,153599,2026-03-09 21:33:26,vault,49.99,5000,1
TX000011039,177819,2026-03-09 21:35:13,starter_pouch,1.99,120,1
TX000013488,141395,2026-03-09 21:35:22,small_pouch,4.99,350,1
TX000001202,113320,2026-03-09 21:36:41,mega_vault,99.99,11000,1
TX000001757,157936,2026-03-09 21:39:48,small_pouch,4.99,350,1
TX000003741,144781,2026-03-09 21:39:57,starter_pouch,1.99,120,1
TX000014997,105057,2026-03-09 21:44:19,vault,49.99,5000,1
TX000015083,169104,2026-03-09 21:45:33,large_chest,19.99,1800,1
TX000012568,141797,2026-03-09 21:45:55,large_chest,19.99,1800,1
TX000014545,103763,2026-03-09 21:47:41,small_pouch,4.99,350,1
TX000000504,137098,2026-03-09 21:48:53,medium_chest,9.99,800,1
TX000014637,147214,2026-03-09 21:50:36,medium_chest,9.99,800,1
TX000014077,162292,2026-03-09 21:50:41,large_chest,19.99,1800,1
TX000013880,146667,2026-03-09 21:51:41,vault,49.99,5000,1
TX000000984,132921,2026-03-09 21:52:07,small_pouch,4.99,350,1
TX000002564,150681,2026-03-09 21:53:41,small_pouch,4.99,350,1
TX000008394,143784,2026-03-09 21:54:05,starter_pouch,1.99,120,1
TX000010407,164848,2026-03-09 22:01:57,medium_chest,9.99,800,1
TX000014639,177887,2026-03-09 22:02:30,starter_pouch,1.99,120,1
TX000013395,117595,2026-03-09 22:03:54,medium_chest,9.99,800,1
TX000005433,106976,2026-03-09 22:04:35,small_pouch,4.99,350,1
TX000003467,132692,2026-03-09 22:05:05,starter_pouch,1.99,120,1
TX000014049,168268,2026-03-09 22:05:18,small_pouch,4.99,350,1
TX000010329,157605,2026-03-09 22:06:04,small_pouch,4.99,350,1
TX000001911,111409,2026-03-09 22:08:55,medium_chest,9.99,800,1
TX000006128,121360,2026-03-09 22:09:13,large_chest,19.99,1800,1
TX000014220,131495,2026-03-09 22:09:44,medium_chest,9.99,800,1
TX000010163,176660,2026-03-09 22:13:00,mega_vault,99.99,11000,1
TX000009922,104579,2026-03-09 22:14:17,starter_pouch,1.99,120,1
TX000013697,167338,2026-03-09 22:17:14,vault,49.99,5000,1
TX000003018,126322,2026-03-09 22:23:53,medium_chest,9.99,800,1
TX000011543,117185,2026-03-09 22:32:53,medium_chest,9.99,800,1
TX000001869,152635,2026-03-09 22:35:21,medium_chest,9.99,800,1
TX000004807,114642,2026-03-09 22:35:43,medium_chest,9.99,800,1
TX000003572,129703,2026-03-09 22:40:07,starter_pouch,1.99,120,1
TX000013685,105114,2026-03-09 22:42:47,small_pouch,4.99,350,1
TX000014729,133131,2026-03-09 22:44:04,starter_pouch,1.99,120,1
TX000004900,136837,2026-03-09 22:46:09,mega_vault,99.99,11000,1
TX000002724,180249,2026-03-09 22:59:03,medium_chest,9.99,800,1
TX000009439,179228,2026-03-09 23:01:58,small_pouch,4.99,350,1
TX000010439,161870,2026-03-09 23:04:58,mega_vault,99.99,11000,1
TX000000030,112241,2026-03-09 23:10:26,small_pouch,4.99,350,1
TX000001968,132867,2026-03-09 23:14:30,medium_chest,9.99,800,1
TX000014161,149419,2026-03-09 23:33:20,small_pouch,4.99,350,1
TX000009227,127177,2026-03-09 23:35:20,starter_pouch,1.99,120,1
TX000000578,179606,2026-03-09 23:40:03,vault,49.99,5000,1
TX000006529,109897,2026-03-09 23:40:45,starter_pouch,1.99,120,1
TX000004226,125307,2026-03-09 23:52:42,small_pouch,4.99,350,1
TX000015076,108901,2026-03-09 23:59:56,medium_chest,9.99,800,1
TX000005914,101429,2026-03-09 23:59:56,medium_chest,9.99,800,1
TX000009991,148782,2026-03-09 23:59:56,vault,49.99,5000,1
TX000007187,108815,2026-03-09 23:59:56,small_pouch,4.99,350,1
TX000011350,128998,2026-03-09 23:59:56,small_pouch,4.99,350,1
TX000009726,157705,2026-03-09 23:59:56,starter_pouch,1.99,120,1
TX000009957,158860,2026-03-09 23:59:56,vault,49.99,5000,1
TX000002976,157828,2026-03-09 23:59:56,large_chest,19.99,1800,1
TX000010786,123687,2026-03-09 23:59:56,vault,49.99,5000,1
TX000001429,117866,2026-03-09 23:59:56,small_pouch,4.99,350,1
TX000000949,146448,2026-03-10 06:00:51,starter_pouch,1.99,120,1
TX000005372,152225,2026-03-10 06:02:47,starter_pouch,1.99,120,1
TX000007111,107900,2026-03-10 06:09:07,starter_pouch,1.99,120,1
TX000006955,116176,2026-03-10 06:18:01,small_pouch,4.99,350,1
TX000005403,174864,2026-03-10 06:20:46,starter_pouch,1.99,120,1
TX000013445,132809,2026-03-10 06:28:08,large_chest,19.99,1800,1
TX000002915,121909,2026-03-10 06:30:14,small_pouch,4.99,350,1
TX000011251,163514,2026-03-10 06:30:31,small_pouch,4.99,350,1
TX000015041,178171,2026-03-10 06:35:56,mega_vault,99.99,11000,1
TX000011318,132393,2026-03-10 06:46:47,starter_pouch,1.99,120,1
TX000005803,158134,2026-03-10 06:47:44,mega_vault,99.99,11000,1
TX000001857,166284,2026-03-10 06:50:42,small_pouch,4.99,350,1
TX000000992,134777,2026-03-10 06:51:38,vault,49.99,5000,1
TX000004796,143569,2026-03-10 06:56:05,medium_chest,9.99,800,1
TX000003982,102964,2026-03-10 07:06:16,starter_pouch,1.99,120,1
TX000000341,112945,2026-03-10 07:08:46,medium_chest,9.99,800,1
TX000006571,144240,2026-03-10 07:14:21,starter_pouch,1.99,120,1
TX000005040,126857,2026-03-10 07:21:32,small_pouch,4.99,350,1
TX000011853,105739,2026-03-10 07:30:18,large_chest,19.99,1800,1
TX000004396,130530,2026-03-10 07:31:24,small_pouch,4.99,350,1
TX000008254,111416,2026-03-10 07:33:10,small_pouch,4.99,350,1
TX000001032,104204,2026-03-10 07:36:32,large_chest,19.99,1800,1
TX000002219,131079,2026-03-10 07:44:46,small_pouch,4.99,350,1
TX000008449,152690,2026-03-10 07:46:11,medium_chest,9.99,800,1
TX000001397,146650,2026-03-10 07:53:45,medium_chest,9.99,800,1
TX000007874,161951,2026-03-10 07:53:56,vault,49.99,5000,1
TX000002065,125565,2026-03-10 07:59:51,small_pouch,4.99,350,1
TX000008553,123592,2026-03-10 08:05:58,medium_chest,9.99,800,1
TX000009505,152412,2026-03-10 08:08:24,medium_chest,9.99,800,1
TX000001775,139358,2026-03-10 08:11:39,large_chest,19.99,1800,1
TX000010385,106737,2026-03-10 08:12:18,large_chest,19.99,1800,1
TX000003489,112938,2026-03-10 08:15:50,medium_chest,9.99,800,1
TX000004511,107932,2026-03-10 08:20:24,small_pouch,4.99,350,1
TX000000574,139689,2026-03-10 08:22:15,small_pouch,4.99,350,1
TX000001553,168145,2026-03-10 08:22:44,starter_pouch,1.99,120,1
TX000002869,167454,2026-03-10 08:23:14,large_chest,19.99,1800,1
TX000004954,130345,2026-03-10 08:32:57,large_chest,19.99,1800,1
TX000001194,131804,2026-03-10 08:47:24,medium_chest,9.99,800,1
TX000010900,145354,2026-03-10 08:53:39,medium_chest,9.99,800,1
TX000004889,141070,2026-03-10 09:10:45,small_pouch,4.99,350,1
TX000011414,117133,2026-03-10 09:19:23,medium_chest,9.99,800,1
TX000000003,125862,2026-03-10 09:22:01,starter_pouch,1.99,120,1
TX000012707,174965,2026-03-10 09:30:41,starter_pouch,1.99,120,1
TX000011608,150040,2026-03-10 09:36:03,small_pouch,4.99,350,1
TX000004643,146676,2026-03-10 09:50:09,mega_vault,99.99,11000,1
TX000009461,121233,2026-03-10 09:54:34,medium_chest,9.99,800,1
TX000013840,173688,2026-03-10 09:54:57,small_pouch,4.99,350,1
TX000008951,148793,2026-03-10 09:55:23,starter_pouch,1.99,120,1
TX000014270,107997,2026-03-10 09:56:19,mega_vault,99.99,11000,1
TX000009623,175694,2026-03-10 10:02:47,small_pouch,4.99,350,1
TX000001738,136771,2026-03-10 10:05:25,starter_pouch,1.99,120,1
TX000011612,169435,2026-03-10 10:08:36,medium_chest,9.99,800,1
TX000014017,170814,2026-03-10 10:12:57,medium_chest,9.99,800,1
TX000007832,152642,2026-03-10 10:15:01,large_chest,19.99,1800,1
TX000004634,124226,2026-03-10 10:27:04,large_chest,19.99,1800,1
TX000014193,164736,2026-03-10 10:29:43,mega_vault,99.99,11000,1
TX000004314,169103,2026-03-10 10:33:41,vault,49.99,5000,1
TX000012409,152265,2026-03-10 10:45:05,starter_pouch,1.99,120,1
TX000013060,153539,2026-03-10 10:50:09,medium_chest,9.99,800,1
TX000011894,168210,2026-03-10 10:55:05,small_pouch,4.99,350,1
TX000002397,101562,2026-03-10 11:05:27,small_pouch,4.99,350,1
TX000002608,135207,2026-03-10 11:06:15,medium_chest,9.99,800,1
TX000014851,168833,2026-03-10 11:10:31,small_pouch,4.99,350,1
TX000000537,134414,2026-03-10 11:12:14,large_chest,19.99,1800,1
TX000008698,159386,2026-03-10 11:13:16,medium_chest,9.99,800,1
TX000005876,169300,2026-03-10 11:17:37,small_pouch,4.99,350,1
TX000010004,162380,2026-03-10 11:18:04,medium_chest,9.99,800,1
TX000008387,109696,2026-03-10 11:20:35,small_pouch,4.99,350,1
TX000000269,174881,2026-03-10 11:22:49,small_pouch,4.99,350,1
TX000008231,103311,2026-03-10 11:26:01,small_pouch,4.99,350,1
TX000007471,122373,2026-03-10 11:33:13,medium_chest,9.99,800,1
TX000002934,150657,2026-03-10 11:46:49,small_pouch,4.99,350,1
TX000013713,166937,2026-03-10 11:56:23,mega_vault,99.99,11000,1
TX000010261,133122,2026-03-10 12:10:34,starter_pouch,1.99,120,1
TX000001373,177097,2026-03-10 12:17:55,medium_chest,9.99,800,1
TX000006893,106702,2026-03-10 12:21:12,medium_chest,9.99,800,1
TX000005524,105249,2026-03-10 12:24:23,mega_vault,99.99,11000,1
TX000013169,117396,2026-03-10 12:24:42,small_pouch,4.99,350,1
TX000001945,110894,2026-03-10 12:27:33,large_chest,19.99,1800,1
TX000003190,104864,2026-03-10 12:30:49,medium_chest,9.99,800,1
TX000000309,129570,2026-03-10 12:31:24,small_pouch,4.99,350,1
TX000008017,127721,2026-03-10 12:36:02,small_pouch,4.99,350,1
TX000013194,127840,2026-03-10 12:37:03,vault,49.99,5000,1
TX000009543,152232,2026-03-10 12:53:20,medium_chest,9.99,800,1
TX000001395,171577,2026-03-10 12:56:20,vault,49.99,5000,1
TX000014134,149621,2026-03-10 13:00:07,vault,49.99,5000,1
TX000011387,116196,2026-03-10 13:09:47,starter_pouch,1.99,120,1
TX000011626,168931,2026-03-10 13:11:53,small_pouch,4.99,350,1
TX000008362,134920,2026-03-10 13:15:05,small_pouch,4.99,350,1
TX000003719,173308,2026-03-10 13:17:42,vault,49.99,5000,1
TX000013667,180250,2026-03-10 13:22:30,medium_chest,9.99,800,1
TX000014424,137504,2026-03-10 13:53:42,starter_pouch,1.99,120,1
TX000010741,160067,2026-03-10 13:59:08,small_pouch,4.99,350,1
TX000014606,159790,2026-03-10 14:00:47,starter_pouch,1.99,120,1
TX000002598,131860,2026-03-10 14:02:59,medium_chest,9.99,800,1
TX000005381,174695,2026-03-10 14:03:25,large_chest,19.99,1800,1
TX000010886,152439,2026-03-10 14:05:59,starter_pouch,1.99,120,1
TX000010071,170951,2026-03-10 14:06:28,medium_chest,9.99,800,1
TX000006712,123350,2026-03-10 14:07:58,medium_chest,9.99,800,1
TX000011169,135772,2026-03-10 14:10:00,small_pouch,4.99,350,1
TX000001120,111928,2026-03-10 14:14:07,small_pouch,4.99,350,1
TX000015128,128872,2026-03-10 14:20:31,large_chest,19.99,1800,1
TX000014608,160654,2026-03-10 14:23:05,starter_pouch,1.99,120,1
TX000001972,119859,2026-03-10 14:28:10,starter_pouch,1.99,120,1
TX000005250,154809,2026-03-10 14:42:01,small_pouch,4.99,350,1
TX000010820,165138,2026-03-10 14:42:08,starter_pouch,1.99,120,1
TX000006659,134123,2026-03-10 14:51:03,starter_pouch,1.99,120,1
TX000013919,170412,2026-03-10 14:52:57,large_chest,19.99,1800,1
TX000006225,115260,2026-03-10 14:54:42,small_pouch,4.99,350,1
TX000011579,166680,2026-03-10 14:55:52,small_pouch,4.99,350,1
TX000001770,106989,2026-03-10 14:59:57,medium_chest,9.99,800,1
TX000000006,105136,2026-03-10 15:06:40,medium_chest,9.99,800,1
TX000008973,146547,2026-03-10 15:08:58,small_pouch,4.99,350,1
TX000003451,114100,2026-03-10 15:12:22,starter_pouch,1.99,120,1
TX000015135,106951,2026-03-10 15:13:29,medium_chest,9.99,800,1
TX000013518,171675,2026-03-10 15:13:57,vault,49.99,5000,1
TX000014243,168890,2026-03-10 15:20:43,small_pouch,4.99,350,1
TX000010157,124096,2026-03-10 15:31:48,large_chest,19.99,1800,1
TX000005358,146350,2026-03-10 15:32:04,mega_vault,99.99,11000,1
TX000004912,138599,2026-03-10 15:33:22,starter_pouch,1.99,120,1
TX000011664,174632,2026-03-10 15:35:30,mega_vault,99.99,11000,1
TX000009121,109450,2026-03-10 15:35:57,small_pouch,4.99,350,1
TX000007212,155381,2026-03-10 15:46:18,starter_pouch,1.99,120,1
TX000004946,164643,2026-03-10 15:49:33,starter_pouch,1.99,120,1
TX000013983,105725,2026-03-10 15:53:29,medium_chest,9.99,800,1
TX000002834,104167,2026-03-10 15:55:04,large_chest,19.99,1800,1
TX000009735,155439,2026-03-10 15:55:05,starter_pouch,1.99,120,1
TX000013482,140070,2026-03-10 15:56:22,small_pouch,4.99,350,1
TX000005365,171821,2026-03-10 16:00:54,starter_pouch,1.99,120,1
TX000000705,127988,2026-03-10 16:08:57,starter_pouch,1.99,120,1
TX000009358,127764,2026-03-10 16:10:02,starter_pouch,1.99,120,1
TX000009310,148279,2026-03-10 16:12:37,small_pouch,4.99,350,1
TX000005046,172486,2026-03-10 16:13:09,small_pouch,4.99,350,1
TX000012679,103536,2026-03-10 16:16:40,medium_chest,9.99,800,1
TX000001544,109037,2026-03-10 16:18:01,large_chest,19.99,1800,1
TX000000259,143373,2026-03-10 16:18:57,starter_pouch,1.99,120,1
TX000004569,136257,2026-03-10 16:19:45,large_chest,19.99,1800,1
TX000008042,131259,2026-03-10 16:21:23,starter_pouch,1.99,120,1
TX000006940,162759,2026-03-10 16:22:02,small_pouch,4.99,350,1
TX000014808,172186,2026-03-10 16:29:05,vault,49.99,5000,1
TX000007527,100842,2026-03-10 16:38:28,medium_chest,9.99,800,1
TX000001628,127013,2026-03-10 16:38:41,starter_pouch,1.99,120,1
TX000009943,128951,2026-03-10 16:38:47,mega_vault,99.99,11000,1
TX000000706,100282,2026-03-10 16:41:21,small_pouch,4.99,350,1
TX000014900,159893,2026-03-10 16:43:54,starter_pouch,1.99,120,1
TX000007543,117544,2026-03-10 16:51:02,small_pouch,4.99,350,1
TX000001376,143687,2026-03-10 16:51:34,small_pouch,4.99,350,1
TX000001144,159099,2026-03-10 16:57:05,large_chest,19.99,1800,1
TX000008478,138667,2026-03-10 16:58:01,medium_chest,9.99,800,1
TX000010965,178771,2026-03-10 16:58:34,starter_pouch,1.99,120,1
TX000004873,161951,2026-03-10 17:03:03,small_pouch,4.99,350,1
TX000013741,104210,2026-03-10 17:04:04,small_pouch,4.99,350,1
TX000008535,134669,2026-03-10 17:04:48,starter_pouch,1.99,120,1
TX000009349,107951,2026-03-10 17:06:48,small_pouch,4.99,350,1
TX000007988,160352,2026-03-10 17:08:10,medium_chest,9.99,800,1
TX000013249,130346,2026-03-10 17:12:26,starter_pouch,1.99,120,1
TX000004649,145660,2026-03-10 17:14:26,small_pouch,4.99,350,1
TX000004700,116212,2026-03-10 17:14:32,vault,49.99,5000,1
TX000006543,104181,2026-03-10 17:17:20,medium_chest,9.99,800,1
TX000004004,126448,2026-03-10 17:17:56,large_chest,19.99,1800,1
TX000001468,152303,2026-03-10 17:18:00,small_pouch,4.99,350,1
TX000006271,179337,2026-03-10 17:18:36,starter_pouch,1.99,120,1
TX000011478,140675,2026-03-10 17:19:57,small_pouch,4.99,350,1
TX000002709,139701,2026-03-10 17:20:24,starter_pouch,1.99,120,1
TX000012890,168371,2026-03-10 17:20:51,mega_vault,99.99,11000,1
TX000012114,115315,2026-03-10 17:21:40,medium_chest,9.99,800,1
TX000001111,133278,2026-03-10 17:23:27,starter_pouch,1.99,120,1
TX000002746,142338,2026-03-10 17:23:51,starter_pouch,1.99,120,1
TX000010003,122601,2026-03-10 17:24:31,medium_chest,9.99,800,1
TX000015296,139642,2026-03-10 17:25:21,small_pouch,4.99,350,1
TX000006412,114031,2026-03-10 17:25:28,small_pouch,4.99,350,1
TX000008069,105309,2026-03-10 17:27:04,large_chest,19.99,1800,1
TX000004458,112829,2026-03-10 17:27:38,vault,49.99,5000,1
TX000013295,110894,2026-03-10 17:28:18,medium_chest,9.99,800,1
TX000004212,148811,2026-03-10 17:32:11,mega_vault,99.99,11000,1
TX000002429,123529,2026-03-10 17:33:37,large_chest,19.99,1800,1
TX000006175,108805,2026-03-10 17:35:01,large_chest,19.99,1800,1
TX000009158,107594,2026-03-10 17:35:52,large_chest,19.99,1800,1
TX000007569,127985,2026-03-10 17:36:16,starter_pouch,1.99,120,1
TX000010916,161032,2026-03-10 17:36:42,starter_pouch,1.99,120,1
TX000006116,152049,2026-03-10 17:37:44,medium_chest,9.99,800,1
TX000000613,174323,2026-03-10 17:38:18,mega_vault,99.99,11000,1
TX000005070,133135,2026-03-10 17:38:41,small_pouch,4.99,350,1
TX000011896,152753,2026-03-10 17:39:30,starter_pouch,1.99,120,1
TX000008584,151355,2026-03-10 17:41:56,medium_chest,9.99,800,1
TX000009341,169719,2026-03-10 17:43:17,medium_chest,9.99,800,1
TX000008215,167040,2026-03-10 17:43:49,starter_pouch,1.99,120,1
TX000011529,108479,2026-03-10 17:44:10,large_chest,19.99,1800,1
TX000014270,107997,2026-03-10 17:46:55,mega_vault,99.99,11000,1
TX000008331,135159,2026-03-10 17:51:12,medium_chest,9.99,800,1
TX000014770,140324,2026-03-10 17:52:13,starter_pouch,1.99,120,1
TX000000549,134879,2026-03-10 17:54:45,vault,49.99,5000,1
TX000010823,170238,2026-03-10 17:57:19,vault,49.99,5000,1
TX000009595,113589,2026-03-10 17:58:09,starter_pouch,1.99,120,1
TX000011214,150081,2026-03-10 18:01:28,medium_chest,9.99,800,1
TX000013480,152219,2026-03-10 18:05:57,starter_pouch,1.99,120,1
TX000003989,140102,2026-03-10 18:07:30,large_chest,19.99,1800,1
TX000006704,166701,2026-03-10 18:12:23,large_chest,19.99,1800,1
TX000009149,176339,2026-03-10 18:12:34,medium_chest,9.99,800,1
TX000001151,120694,2026-03-10 18:13:47,small_pouch,4.99,350,1
TX000009042,104067,2026-03-10 18:13:51,starter_pouch,1.99,120,1
TX000012587,176678,2026-03-10 18:14:26,medium_chest,9.99,800,1
TX000007457,106395,2026-03-10 18:14:32,starter_pouch,1.99,120,1
TX000001091,105220,2026-03-10 18:16:04,mega_vault,99.99,11000,1
TX000008484,171080,2026-03-10 18:16:12,small_pouch,4.99,350,1
TX000015159,130087,2026-03-10 18:16:51,medium_chest,9.99,800,1
TX000010961,169509,2026-03-10 18:17:09,medium_chest,9.99,800,1
TX000014253,155237,2026-03-10 18:18:33,vault,49.99,5000,1
TX000011443,130158,2026-03-10 18:19:16,large_chest,19.99,1800,1
TX000002549,125431,2026-03-10 18:20:30,small_pouch,4.99,350,1
TX000011497,159253,2026-03-10 18:23:08,small_pouch,4.99,350,1
TX000011302,152905,2026-03-10 18:23:37,starter_pouch,1.99,120,1
TX000010353,167471,2026-03-10 18:24:30,starter_pouch,1.99,120,1
TX000000675,173315,2026-03-10 18:25:32,starter_pouch,1.99,120,1
TX000000789,156568,2026-03-10 18:26:31,small_pouch,4.99,350,1
TX000009834,136321,2026-03-10 18:27:33,vault,49.99,5000,1
TX000014950,115501,2026-03-10 18:29:54,medium_chest,9.99,800,1
TX000005223,169851,2026-03-10 18:30:43,small_pouch,4.99,350,1
TX000003010,116486,2026-03-10 18:31:06,large_chest,19.99,1800,1
TX000011020,160661,2026-03-10 18:31:58,large_chest,19.99,1800,1
TX000007876,134780,2026-03-10 18:35:20,small_pouch,4.99,350,1
TX000012844,107373,2026-03-10 18:41:46,medium_chest,9.99,800,1
TX000009878,177913,2026-03-10 18:45:34,medium_chest,9.99,800,1
TX000004473,121941,2026-03-10 18:46:23,vault,49.99,5000,1
TX000006075,160417,2026-03-10 18:46:29,starter_pouch,1.99,120,1
TX000014226,102267,2026-03-10 18:47:43,vault,49.99,5000,1
TX000010074,131687,2026-03-10 18:52:18,mega_vault,99.99,11000,1
TX000001970,115882,2026-03-10 18:56:46,starter_pouch,1.99,120,1
TX000006272,156889,2026-03-10 18:58:04,medium_chest,9.99,800,1
TX000014096,128848,2026-03-10 18:58:09,small_pouch,4.99,350,1
TX000011841,178969,2026-03-10 18:58:36,vault,49.99,5000,1
TX000001960,167862,2026-03-10 18:58:36,large_chest,19.99,1800,1
TX000000108,143098,2026-03-10 18:58:54,starter_pouch,1.99,120,1
TX000007194,106362,2026-03-10 18:59:00,starter_pouch,1.99,120,1
TX000008401,102446,2026-03-10 18:59:26,medium_chest,9.99,800,1
TX000000164,105675,2026-03-10 19:03:43,starter_pouch,1.99,120,1
TX000013994,113799,2026-03-10 19:03:48,starter_pouch,1.99,120,1
TX000014709,119517,2026-03-10 19:06:52,starter_pouch,1.99,120,1
TX000007261,145486,2026-03-10 19:06:55,starter_pouch,1.99,120,1
TX000004060,159416,2026-03-10 19:07:16,medium_chest,9.99,800,1
TX000005707,170595,2026-03-10 19:07:23,small_pouch,4.99,350,1
TX000006432,160793,2026-03-10 19:09:13,small_pouch,4.99,350,1
TX000003516,118065,2026-03-10 19:10:06,vault,49.99,5000,1
TX000013259,163160,2026-03-10 19:12:22,starter_pouch,1.99,120,1
TX000009196,157372,2026-03-10 19:13:08,small_pouch,4.99,350,1
TX000013976,126539,2026-03-10 19:13:25,small_pouch,4.99,350,1
TX000014497,115252,2026-03-10 19:14:26,starter_pouch,1.99,120,1
TX000005228,138113,2026-03-10 19:14:41,small_pouch,4.99,350,1
TX000013910,116407,2026-03-10 19:15:09,vault,49.99,5000,1
TX000008398,114522,2026-03-10 19:15:27,starter_pouch,1.99,120,1
TX000003362,157886,2026-03-10 19:16:01,vault,49.99,5000,1
TX000008197,152258,2026-03-10 19:18:49,large_chest,19.99,1800,1
TX000004611,138402,2026-03-10 19:19:21,small_pouch,4.99,350,1
TX000008096,177795,2026-03-10 19:21:36,starter_pouch,1.99,120,1
TX000013759,135302,2026-03-10 19:22:40,small_pouch,4.99,350,1
TX000011831,165799,2026-03-10 19:23:26,medium_chest,9.99,800,1
TX000000744,134671,2026-03-10 19:23:37,large_chest,-19.99,-1800,0
TX000007505,168422,2026-03-10 19:24:40,starter_pouch,1.99,120,1
TX000013729,105763,2026-03-10 19:26:02,large_chest,19.99,1800,1
TX000007960,115242,2026-03-10 19:28:51,small_pouch,4.99,350,1
TX000006055,153657,2026-03-10 19:29:40,small_pouch,4.99,350,1
TX000005760,149788,2026-03-10 19:39:01,small_pouch,4.99,350,1
TX000007859,117897,2026-03-10 19:40:05,small_pouch,4.99,350,1
TX000000459,171760,2026-03-10 19:40:45,large_chest,19.99,1800,1
TX000002782,149483,2026-03-10 19:41:42,starter_pouch,1.99,120,1
TX000011854,135752,2026-03-10 19:46:50,small_pouch,4.99,350,1
TX000001900,160765,2026-03-10 19:47:22,medium_chest,9.99,800,1
TX000000405,169670,2026-03-10 19:47:28,starter_pouch,1.99,120,1
TX000012610,133614,2026-03-10 19:47:55,starter_pouch,1.99,120,1
TX000013439,107970,2026-03-10 19:48:36,starter_pouch,1.99,120,1
TX000002940,141026,2026-03-10 19:48:55,small_pouch,4.99,350,1
TX000001634,117835,2026-03-10 19:49:20,large_chest,19.99,1800,1
TX000011512,143373,2026-03-10 19:51:55,small_pouch,4.99,350,1
TX000002191,106288,2026-03-10 19:54:41,small_pouch,4.99,350,1
TX000013310,165647,2026-03-10 19:57:35,large_chest,19.99,1800,1
TX000013648,101740,2026-03-10 19:58:25,medium_chest,9.99,800,1
TX000004605,141741,2026-03-10 20:00:36,starter_pouch,1.99,120,1
TX000004600,147261,2026-03-10 20:03:52,large_chest,19.99,1800,1
TX000009516,179007,2026-03-10 20:04:50,large_chest,19.99,1800,1
TX000012372,103920,2026-03-10 20:09:39,starter_pouch,1.99,120,1
TX000002827,149886,2026-03-10 20:11:55,starter_pouch,1.99,120,1
TX000009524,150010,2026-03-10 20:13:24,large_chest,19.99,1800,1
TX000013781,111928,2026-03-10 20:13:29,starter_pouch,1.99,120,1
TX000007714,135989,2026-03-10 20:13:44,vault,49.99,5000,1
TX000004067,136114,2026-03-10 20:15:59,small_pouch,4.99,350,1
TX000000285,132051,2026-03-10 20:20:42,small_pouch,4.99,350,1
TX000009783,104348,2026-03-10 20:22:12,medium_chest,9.99,800,1
TX000006012,106334,2026-03-10 20:22:34,starter_pouch,1.99,120,1
TX000005266,107550,2026-03-10 20:22:41,large_chest,19.99,1800,1
TX000009267,119300,2026-03-10 20:25:00,medium_chest,9.99,800,1
TX000011071,141080,2026-03-10 20:25:15,starter_pouch,1.99,120,1
TX000013719,107580,2026-03-10 20:25:50,large_chest,19.99,1800,1
TX000006236,164554,2026-03-10 20:27:11,medium_chest,9.99,800,1
TX000008517,158865,2026-03-10 20:27:20,mega_vault,99.99,11000,1
TX000007370,108035,2026-03-10 20:31:41,medium_chest,9.99,800,1
TX000004401,138202,2026-03-10 20:32:37,small_pouch,4.99,350,1
TX000010524,146009,2026-03-10 20:36:59,medium_chest,9.99,800,1
TX000009226,103389,2026-03-10 20:43:32,small_pouch,4.99,350,1
TX000012467,148268,2026-03-10 20:44:31,small_pouch,4.99,350,1
TX000004202,146045,2026-03-10 20:45:31,small_pouch,4.99,350,1
TX000014510,165856,2026-03-10 20:45:56,large_chest,19.99,1800,1
TX000006656,129741,2026-03-10 20:47:22,vault,49.99,5000,1
TX000005917,151073,2026-03-10 20:50:14,large_chest,19.99,1800,1
TX000003994,148149,2026-03-10 20:51:48,starter_pouch,1.99,120,1
TX000013280,143801,2026-03-10 20:52:19,large_chest,19.99,1800,1
TX000012848,165548,2026-03-10 20:53:21,small_pouch,4.99,350,1
TX000007939,115497,2026-03-10 20:55:08,starter_pouch,1.99,120,1
TX000001655,132962,2026-03-10 20:57:18,medium_chest,9.99,800,1
TX000012469,129825,2026-03-10 20:57:21,medium_chest,9.99,800,1
TX000005346,160565,2026-03-10 20:57:50,small_pouch,4.99,350,1
TX000003128,118299,2026-03-10 20:59:25,medium_chest,9.99,800,1
TX000012012,101985,2026-03-10 21:01:17,starter_pouch,1.99,120,1
TX000002841,156018,2026-03-10 21:03:09,small_pouch,4.99,350,1
TX000003642,120394,2026-03-10 21:05:41,medium_chest,9.99,800,1
TX000001513,111828,2026-03-10 21:08:53,starter_pouch,1.99,120,1
TX000014675,109671,2026-03-10 21:09:36,large_chest,19.99,1800,1
TX000006638,152180,2026-03-10 21:10:02,small_pouch,4.99,350,1
TX000002189,167890,2026-03-10 21:10:20,small_pouch,4.99,350,1
TX000000611,168308,2026-03-10 21:12:42,medium_chest,9.99,800,1
TX000001821,116922,2026-03-10 21:14:24,small_pouch,4.99,350,1
TX000002945,152868,2026-03-10 21:15:43,small_pouch,4.99,350,1
TX000013348,135661,2026-03-10 21:19:49,starter_pouch,1.99,120,1
TX000008583,158527,2026-03-10 21:21:14,medium_chest,9.99,800,1
TX000012258,151319,2026-03-10 21:24:16,large_chest,19.99,1800,1
TX000005739,104727,2026-03-10 21:27:39,large_chest,19.99,1800,1
TX000009576,109298,2026-03-10 21:30:47,medium_chest,9.99,800,1
TX000005395,162034,2026-03-10 21:31:17,mega_vault,99.99,11000,1
TX000006202,172986,2026-03-10 21:33:17,small_pouch,4.99,350,1
TX000011506,172942,2026-03-10 21:34:00,large_chest,19.99,1800,1
TX000005765,118247,2026-03-10 21:35:58,large_chest,19.99,1800,1
TX000005334,115515,2026-03-10 21:37:51,medium_chest,9.99,800,1
TX000005743,133039,2026-03-10 21:40:45,starter_pouch,1.99,120,1
TX000000920,116042,2026-03-10 21:43:17,starter_pouch,1.99,120,1
TX000010288,116196,2026-03-10 21:44:07,medium_chest,9.99,800,1
TX000014463,173987,2026-03-10 21:46:39,large_chest,19.99,1800,1
TX000002672,113607,2026-03-10 21:51:17,starter_pouch,1.99,120,1
TX000004045,126155,2026-03-10 21:58:29,starter_pouch,1.99,120,1
TX000007672,121898,2026-03-10 21:58:31,large_chest,19.99,1800,1
TX000012552,172572,2026-03-10 21:59:37,small_pouch,4.99,350,1
TX000006706,106109,2026-03-10 22:05:02,starter_pouch,1.99,120,1
TX000011473,158553,2026-03-10 22:09:22,large_chest,19.99,1800,1
TX000000894,136720,2026-03-10 22:11:08,medium_chest,9.99,800,1
TX000001709,114475,2026-03-10 22:13:41,starter_pouch,1.99,120,1
TX000014777,162053,2026-03-10 22:24:07,medium_chest,9.99,800,1
TX000014833,103078,2026-03-10 22:25:25,large_chest,19.99,1800,1
TX000000069,174691,2026-03-10 22:34:43,medium_chest,9.99,800,1
TX000002963,172478,2026-03-10 22:35:31,vault,49.99,5000,1
TX000003844,169233,2026-03-10 22:36:29,large_chest,19.99,1800,1
TX000010345,127632,2026-03-10 22:38:21,starter_pouch,1.99,120,1
TX000007229,159843,2026-03-10 22:43:08,starter_pouch,1.99,120,1
TX000001762,106686,2026-03-10 22:44:31,starter_pouch,1.99,120,1
TX000007746,167897,2026-03-10 22:46:21,starter_pouch,1.99,120,1
TX000014146,118486,2026-03-10 22:46:34,starter_pouch,1.99,120,1
TX000009713,145599,2026-03-10 22:48:12,starter_pouch,1.99,120,1
TX000001580,149040,2026-03-10 22:52:04,large_chest,19.99,1800,1
TX000003890,117199,2026-03-10 22:58:12,starter_pouch,1.99,120,1
TX000002476,155913,2026-03-10 23:00:23,starter_pouch,1.99,120,1
TX000001107,111283,2026-03-10 23:02:51,medium_chest,9.99,800,1
TX000010538,168117,2026-03-10 23:03:50,starter_pouch,1.99,120,1
TX000005426,148762,2026-03-10 23:07:05,starter_pouch,1.99,120,1
TX000006490,172237,2026-03-10 23:08:59,starter_pouch,1.99,120,1
TX000011747,134110,2026-03-10 23:09:00,medium_chest,9.99,800,1
TX000013083,128060,2026-03-10 23:10:04,small_pouch,4.99,350,1
TX000010396,143796,2026-03-10 23:10:20,medium_chest,9.99,800,1
TX000013872,174371,2026-03-10 23:19:24,large_chest,19.99,1800,1
TX000003026,138113,2026-03-10 23:19:35,mega_vault,99.99,11000,1
TX000006744,176779,2026-03-10 23:20:17,large_chest,19.99,1800,1
TX000000292,178412,2026-03-10 23:24:22,small_pouch,4.99,350,1
TX000012362,168589,2026-03-10 23:25:00,vault,49.99,5000,1
TX000008110,138693,2026-03-10 23:29:27,small_pouch,4.99,350,1
TX000003423,123371,2026-03-10 23:46:40,vault,49.99,5000,1
TX000010016,135089,2026-03-10 23:49:37,large_chest,19.99,1800,1
TX000004401,138202,2026-03-10 23:52:15,small_pouch,4.99,350,1
TX000000842,149362,2026-03-10 23:54:42,small_pouch,4.99,350,1
TX000014518,169356,2026-03-10 23:56:34,starter_pouch,1.99,120,1
TX000014285,106916,2026-03-10 23:57:54,starter_pouch,1.99,120,1
TX000004568,157926,2026-03-10 23:59:31,starter_pouch,1.99,120,1
TX000010424,173621,2026-03-10 23:59:56,starter_pouch,1.99,120,1
TX000010680,165587,2026-03-10 23:59:56,starter_pouch,1.99,120,1
TX000013797,143493,2026-03-10 23:59:56,medium_chest,9.99,800,1
TX000002002,169325,2026-03-10 23:59:56,medium_chest,9.99,800,1
TX000006148,150054,2026-03-10 23:59:56,large_chest,19.99,1800,1
TX000007253,117716,2026-03-10 23:59:56,starter_pouch,1.99,120,1
TX000013841,160024,2026-03-10 23:59:56,medium_chest,9.99,800,1
TX000002545,171199,2026-03-10 23:59:56,medium_chest,9.99,800,1
TX000005299,150948,2026-03-10 23:59:56,starter_pouch,1.99,120,1
TX000014550,174379,2026-03-10 23:59:56,small_pouch,4.99,350,1
TX000003596,173303,2026-03-10 23:59:56,starter_pouch,1.99,120,1
TX000003156,172602,2026-03-10 23:59:56,large_chest,19.99,1800,1
TX000007350,168203,2026-03-10 23:59:56,starter_pouch,1.99,120,1
TX000004243,161662,2026-03-11 07:34:24,starter_pouch,1.99,120,0
TX000012662,145924,2026-03-11 07:52:29,starter_pouch,1.99,120,0
TX000001899,118817,2026-03-11 08:07:40,vault,49.99,5000,0
TX000008783,141562,2026-03-11 08:17:58,vault,-49.99,-5000,1
TX000011078,176339,2026-03-11 08:21:15,medium_chest,-9.99,-800,1
TX000008373,167583,2026-03-11 08:31:14,small_pouch,4.99,350,0
TX000008759,167007,2026-03-11 08:36:07,medium_chest,9.99,800,0
TX000013855,119421,2026-03-11 09:08:43,small_pouch,4.99,350,0
TX000002036,171073,2026-03-11 09:47:55,starter_pouch,1.99,120,0
TX000006135,134723,2026-03-11 09:50:43,mega_vault,99.99,11000,0
TX000006006,142696,2026-03-11 09:54:28,starter_pouch,1.99,120,0
TX000008195,159247,2026-03-11 09:57:45,starter_pouch,1.99,120,0
TX000015165,142264,2026-03-11 10:37:31,mega_vault,99.99,11000,0
TX000012543,175188,2026-03-11 10:51:38,starter_pouch,1.99,120,0
TX000013546,137790,2026-03-11 11:30:23,large_chest,19.99,1800,0
TX000002209,138426,2026-03-11 11:55:16,small_pouch,4.99,350,0
TX000010675,179606,2026-03-11 12:32:27,large_chest,19.99,1800,0
TX000012249,118973,2026-03-11 13:59:02,starter_pouch,1.99,120,0
TX000012704,126499,2026-03-11 14:26:19,large_chest,19.99,1800,0
TX000001812,106215,2026-03-11 14:57:06,medium_chest,9.99,800,0
TX000009216,163032,2026-03-11 15:05:09,medium_chest,9.99,800,0
TX000004356,137563,2026-03-11 15:10:27,medium_chest,9.99,800,0
TX000003673,139332,2026-03-11 15:11:19,large_chest,19.99,1800,0
TX000012876,103754,2026-03-11 15:13:36,large_chest,19.99,1800,0
TX000005455,150052,2026-03-11 15:22:08,starter_pouch,1.99,120,0
TX000011163,159954,2026-03-11 15:22:58,large_chest,19.99,1800,0
TX000012245,119088,2026-03-11 15:29:09,large_chest,19.99,1800,0
TX000004326,174799,2026-03-11 15:40:43,medium_chest,9.99,800,0
TX000007144,173492,2026-03-11 15:48:24,small_pouch,4.99,350,0
TX000010602,166143,2026-03-11 15:53:42,medium_chest,9.99,800,0
TX000015168,141736,2026-03-11 15:55:15,starter_pouch,1.99,120,0
TX000002174,155116,2026-03-11 16:14:13,small_pouch,4.99,350,0
TX000006073,109547,2026-03-11 16:31:27,large_chest,19.99,1800,0
TX000006603,147039,2026-03-11 16:34:12,large_chest,-19.99,-1800,1
TX000004941,162511,2026-03-11 16:43:43,large_chest,19.99,1800,0
TX000007174,130360,2026-03-11 16:58:47,mega_vault,99.99,11000,0
TX000012317,113478,2026-03-11 17:13:10,large_chest,19.99,1800,0
TX000009653,135002,2026-03-11 17:18:32,large_chest,19.99,1800,0
TX000002929,143059,2026-03-11 17:19:36,medium_chest,9.99,800,0
TX000002574,107471,2026-03-11 17:32:54,starter_pouch,1.99,120,0
TX000000021,151557,2026-03-11 17:48:31,medium_chest,9.99,800,0
TX000010167,110683,2026-03-11 17:54:16,starter_pouch,1.99,120,0
TX000007324,119170,2026-03-11 17:59:04,small_pouch,4.99,350,0
TX000012384,135723,2026-03-11 18:03:27,starter_pouch,1.99,120,0
TX000007923,116977,2026-03-11 18:06:53,vault,49.99,5000,0
TX000011620,108968,2026-03-11 18:12:27,large_chest,19.99,1800,0
TX000004919,115813,2026-03-11 18:13:46,small_pouch,4.99,350,0
TX000009175,154277,2026-03-11 18:18:03,small_pouch,4.99,350,0
TX000008801,171821,2026-03-11 18:23:25,vault,49.99,5000,0
TX000003954,130168,2026-03-11 18:39:49,large_chest,19.99,1800,0
TX000009583,164149,2026-03-11 18:40:46,small_pouch,4.99,350,0
TX000007293,104681,2026-03-11 18:41:50,starter_pouch,1.99,120,0
TX000014769,171205,2026-03-11 19:07:11,large_chest,19.99,1800,0
TX000001626,130664,2026-03-11 19:14:50,starter_pouch,1.99,120,0
TX000008328,104123,2026-03-11 19:15:30,small_pouch,4.99,350,0
TX000007149,151172,2026-03-11 19:18:19,vault,49.99,5000,0
TX000007372,135002,2026-03-11 19:20:25,mega_vault,-99.99,-11000,0
TX000011772,132861,2026-03-11 19:21:35,medium_chest,-9.99,-800,1
TX000001868,130943,2026-03-11 19:32:11,mega_vault,99.99,11000,0
TX000004624,117133,2026-03-11 19:41:47,starter_pouch,1.99,120,0
TX000002831,178602,2026-03-11 19:44:58,starter_pouch,1.99,120,0
TX000011013,125199,2026-03-11 19:53:38,vault,49.99,5000,0
TX000014177,135108,2026-03-11 19:58:58,medium_chest,9.99,800,0
TX000002357,172691,2026-03-11 20:01:53,starter_pouch,1.99,120,0
TX000010984,130314,2026-03-11 20:03:43,starter_pouch,1.99,120,0
TX000015056,145762,2026-03-11 20:06:06,medium_chest,9.99,800,0
TX000015197,155301,2026-03-11 20:19:50,small_pouch,4.99,350,0
TX000009832,101801,2026-03-11 20:21:08,starter_pouch,1.99,120,0
TX000001604,138924,2026-03-11 20:27:30,vault,49.99,5000,0
TX000015045,166375,2026-03-11 20:28:04,small_pouch,4.99,350,0
TX000007573,133375,2026-03-11 20:42:01,small_pouch,4.99,350,0
TX000012382,100752,2026-03-11 20:50:47,starter_pouch,1.99,120,0
TX000002891,141980,2026-03-11 20:58:50,large_chest,19.99,1800,0
TX000014538,166431,2026-03-11 21:01:42,small_pouch,4.99,350,0
TX000008774,147372,2026-03-11 21:24:58,starter_pouch,1.99,120,0
TX000001525,159846,2026-03-11 21:26:08,small_pouch,4.99,350,0
TX000012974,155454,2026-03-11 21:44:30,medium_chest,9.99,800,0
TX000001335,149336,2026-03-11 21:44:40,mega_vault,99.99,11000,0
TX000001369,152622,2026-03-11 21:54:51,large_chest,19.99,1800,0
TX000005719,109768,2026-03-11 22:09:19,starter_pouch,1.99,120,0
TX000004693,151754,2026-03-11 22:09:25,vault,49.99,5000,0
TX000001295,100905,2026-03-11 22:34:52,medium_chest,9.99,800,0
TX000010705,111323,2026-03-11 22:39:01,starter_pouch,1.99,120,0
TX000000144,126017,2026-03-11 23:00:25,starter_pouch,1.99,120,0
TX000011269,169799,2026-03-11 23:03:53,vault,49.99,5000,0
TX000004480,105645,2026-03-11 23:53:59,medium_chest,9.99,800,0
TX000014928,174347,2026-03-11 23:54:07,medium_chest,-9.99,-800,0
TX000000698,157541,2026-03-11 23:55:52,starter_pouch,1.99,120,0
TX000002852,156234,2026-03-11 23:59:56,medium_chest,9.99,800,0
TX000005928,105559,2026-03-12 06:04:24,starter_pouch,1.99,120,0
TX000015240,106952,2026-03-12 06:16:45,medium_chest,9.99,800,0
TX000010148,118457,2026-03-12 06:25:35,small_pouch,4.99,350,0
TX000002455,133847,2026-03-12 07:01:32,vault,49.99,5000,0
TX000004633,101078,2026-03-12 07:13:13,starter_pouch,1.99,120,0
TX000010570,167003,2026-03-12 07:39:54,medium_chest,9.99,800,0
TX000002588,139082,2026-03-12 08:20:29,starter_pouch,1.99,120,0
TX000008097,131320,2026-03-12 08:57:16,small_pouch,4.99,350,0
TX000011076,147076,2026-03-12 09:18:55,starter_pouch,1.99,120,0
TX000001704,130944,2026-03-12 09:37:40,medium_chest,9.99,800,0
TX000005444,178352,2026-03-12 10:21:06,small_pouch,4.99,350,0
TX000013578,166815,2026-03-12 10:30:59,small_pouch,4.99,350,0
TX000000738,162999,2026-03-12 10:45:19,starter_pouch,1.99,120,0
TX000009237,118419,2026-03-12 10:51:44,small_pouch,4.99,350,0
TX000013903,105401,2026-03-12 10:56:35,large_chest,19.99,1800,0
TX000004156,151351,2026-03-12 11:11:34,large_chest,19.99,1800,0
TX000005882,163035,2026-03-12 11:41:01,medium_chest,9.99,800,0
TX000005227,121561,2026-03-12 11:50:14,starter_pouch,1.99,120,0
TX000014014,128782,2026-03-12 12:16:56,large_chest,19.99,1800,0
TX000011188,100928,2026-03-12 13:13:13,starter_pouch,1.99,120,0
TX000009294,172940,2026-03-12 13:37:41,starter_pouch,1.99,120,0
TX000010535,137963,2026-03-12 13:46:39,small_pouch,4.99,350,0
TX000014446,147098,2026-03-12 14:33:12,starter_pouch,1.99,120,0
TX000009498,160749,2026-03-12 14:54:46,small_pouch,4.99,350,0
TX000013486,129828,2026-03-12 14:56:21,large_chest,19.99,1800,0
TX000006156,170038,2026-03-12 16:16:40,small_pouch,4.99,350,0
TX000007116,131253,2026-03-12 16:48:19,starter_pouch,1.99,120,0
TX000006342,165176,2026-03-12 16:52:25,starter_pouch,1.99,120,0
TX000000955,152186,2026-03-12 16:57:54,vault,49.99,5000,0
TX000010012,120542,2026-03-12 16:59:46,small_pouch,4.99,350,0
TX000012297,102753,2026-03-12 17:14:36,small_pouch,4.99,350,0
TX000005819,122743,2026-03-12 17:22:41,large_chest,19.99,1800,0
TX000002143,127334,2026-03-12 17:41:50,medium_chest,9.99,800,0
TX000010141,102289,2026-03-12 17:45:10,large_chest,19.99,1800,0
TX000012622,165449,2026-03-12 17:53:38,small_pouch,4.99,350,0
TX000000159,156791,2026-03-12 17:55:23,small_pouch,4.99,350,0
TX000015152,176033,2026-03-12 17:57:19,small_pouch,-4.99,-350,0
TX000004021,168524,2026-03-12 18:02:12,starter_pouch,1.99,120,0
TX000001460,105970,2026-03-12 18:09:09,medium_chest,9.99,800,0
TX000008253,141054,2026-03-12 18:25:34,starter_pouch,1.99,120,0
TX000009836,120063,2026-03-12 18:31:07,starter_pouch,1.99,120,0
TX000006524,173253,2026-03-12 18:34:02,starter_pouch,1.99,120,0
TX000000314,176781,2026-03-12 18:40:05,medium_chest,9.99,800,0
TX000008615,125840,2026-03-12 18:41:35,vault,49.99,5000,0
TX000006689,112255,2026-03-12 18:59:55,medium_chest,9.99,800,0
TX000005930,171181,2026-03-12 19:02:39,medium_chest,9.99,800,0
TX000009082,126094,2026-03-12 19:06:53,medium_chest,9.99,800,0
TX000010469,163999,2026-03-12 19:12:48,small_pouch,4.99,350,0
TX000007402,142862,2026-03-12 19:16:59,starter_pouch,1.99,120,0
TX000009980,161473,2026-03-12 19:19:57,starter_pouch,1.99,120,0
TX000005087,129155,2026-03-12 19:24:13,small_pouch,4.99,350,0
TX000006032,106687,2026-03-12 19:29:58,medium_chest,9.99,800,0
TX000014029,104027,2026-03-12 19:30:29,starter_pouch,1.99,120,0
TX000001099,102221,2026-03-12 19:35:29,small_pouch,4.99,350,0
TX000009280,124209,2026-03-12 19:45:24,vault,49.99,5000,0
TX000002157,117544,2026-03-12 19:46:21,small_pouch,-4.99,-350,1
TX000010861,108805,2026-03-12 19:50:51,large_chest,-19.99,-1800,1
TX000007436,167183,2026-03-12 19:52:24,large_chest,19.99,1800,0
TX000002506,156974,2026-03-12 20:13:01,large_chest,19.99,1800,0
TX000009005,175239,2026-03-12 20:16:27,medium_chest,9.99,800,0
TX000008650,107701,2026-03-12 20:19:59,starter_pouch,1.99,120,0
TX000001803,153819,2026-03-12 20:20:38,vault,49.99,5000,0
TX000000915,148921,2026-03-12 20:23:04,small_pouch,4.99,350,0
TX000013321,111569,2026-03-12 20:37:15,small_pouch,4.99,350,0
TX000007655,112065,2026-03-12 20:44:23,starter_pouch,1.99,120,0
TX000010641,123480,2026-03-12 20:51:15,vault,49.99,5000,0
TX000009269,170032,2026-03-12 20:55:01,medium_chest,9.99,800,0
TX000011600,115225,2026-03-12 21:00:50,medium_chest,9.99,800,0
TX000005252,149273,2026-03-12 21:10:40,starter_pouch,1.99,120,0
TX000012712,115970,2026-03-12 21:36:48,large_chest,19.99,1800,0
TX000001683,139642,2026-03-12 21:43:49,large_chest,19.99,1800,0
TX000014837,168783,2026-03-12 22:05:48,starter_pouch,1.99,120,0
TX000012646,134138,2026-03-12 22:11:02,vault,49.99,5000,0
TX000002024,178349,2026-03-12 22:26:42,small_pouch,4.99,350,0
TX000003726,118963,2026-03-12 22:26:49,large_chest,19.99,1800,0
TX000011327,171819,2026-03-12 22:35:03,vault,49.99,5000,0
TX000001982,111399,2026-03-12 22:36:00,medium_chest,9.99,800,0
TX000013813,108858,2026-03-12 23:18:40,medium_chest,9.99,800,0
TX000005210,180112,2026-03-12 23:19:03,large_chest,19.99,1800,0
TX000012760,156178,2026-03-12 23:53:05,small_pouch,4.99,350,0
TX000010368,163877,2026-03-13 06:01:17,starter_pouch,1.99,120,0
TX000013231,152427,2026-03-13 06:01:22,medium_chest,9.99,800,0
TX000007032,159948,2026-03-13 06:56:19,starter_pouch,1.99,120,0
TX000010477,141437,2026-03-13 07:09:17,small_pouch,4.99,350,0
TX000015177,141350,2026-03-13 07:13:21,medium_chest,9.99,800,0
TX000012551,128489,2026-03-13 07:46:08,starter_pouch,1.99,120,0
TX000011902,115722,2026-03-13 08:05:40,small_pouch,4.99,350,0
TX000003506,174509,2026-03-13 08:09:25,large_chest,19.99,1800,0
TX000009242,172074,2026-03-13 08:51:42,medium_chest,9.99,800,0
TX000013104,124315,2026-03-13 08:59:28,medium_chest,9.99,800,0
TX000004252,154862,2026-03-13 09:11:55,small_pouch,4.99,350,0
TX000014974,143093,2026-03-13 09:31:34,starter_pouch,1.99,120,0
TX000005174,108596,2026-03-13 09:44:32,starter_pouch,-1.99,-120,1
TX000008090,116196,2026-03-13 09:46:21,mega_vault,99.99,11000,0
TX000010107,142658,2026-03-13 10:53:38,medium_chest,9.99,800,0
TX000002342,153600,2026-03-13 11:15:37,large_chest,19.99,1800,0
TX000005143,167183,2026-03-13 11:36:24,starter_pouch,1.99,120,0
TX000000347,135283,2026-03-13 11:37:31,small_pouch,4.99,350,0
TX000004909,144153,2026-03-13 11:51:27,vault,49.99,5000,0
TX000013245,101177,2026-03-13 12:06:01,starter_pouch,1.99,120,0
TX000004602,149475,2026-03-13 12:17:38,vault,49.99,5000,0
TX000003778,127802,2026-03-13 12:24:16,large_chest,19.99,1800,0
TX000008662,116050,2026-03-13 13:31:38,small_pouch,4.99,350,0
TX000008123,102361,2026-03-13 13:57:10,small_pouch,4.99,350,0
TX000011444,163678,2026-03-13 14:53:07,starter_pouch,1.99,120,0
TX000004438,158982,2026-03-13 14:55:58,starter_pouch,1.99,120,0
TX000006737,106635,2026-03-13 15:59:26,starter_pouch,1.99,120,0
TX000002601,103536,2026-03-13 16:04:53,medium_chest,9.99,800,0
TX000000419,134029,2026-03-13 16:31:08,medium_chest,9.99,800,0
TX000010372,121764,2026-03-13 16:34:16,vault,49.99,5000,0
TX000013931,143275,2026-03-13 16:44:32,large_chest,19.99,1800,0
TX000007274,162174,2026-03-13 16:48:41,starter_pouch,1.99,120,0
TX000014255,132157,2026-03-13 16:54:02,starter_pouch,1.99,120,0
TX000007577,136285,2026-03-13 17:32:41,mega_vault,99.99,11000,0
TX000000115,154321,2026-03-13 17:35:52,starter_pouch,1.99,120,0
TX000012178,176348,2026-03-13 17:37:08,large_chest,19.99,1800,0
TX000014843,151137,2026-03-13 17:45:08,medium_chest,9.99,800,0
TX000012488,107382,2026-03-13 17:45:20,small_pouch,4.99,350,0
TX000000104,131152,2026-03-13 18:08:28,large_chest,19.99,1800,0
TX000003852,104899,2026-03-13 18:10:37,large_chest,19.99,1800,0
TX000001249,156357,2026-03-13 18:13:20,medium_chest,9.99,800,0
TX000000205,157847,2026-03-13 18:20:38,medium_chest,9.99,800,0
TX000005217,100333,2026-03-13 18:22:22,large_chest,19.99,1800,0
TX000007924,150990,2026-03-13 18:27:04,starter_pouch,1.99,120,0
TX000002507,149818,2026-03-13 18:52:17,medium_chest,9.99,800,0
TX000014994,125162,2026-03-13 19:03:22,large_chest,19.99,1800,0
TX000009621,136695,2026-03-13 19:29:42,medium_chest,9.99,800,0
TX000012605,117301,2026-03-13 19:39:57,starter_pouch,1.99,120,0
TX000014957,105645,2026-03-13 19:52:42,small_pouch,4.99,350,0
TX000004395,111017,2026-03-13 19:53:29,medium_chest,9.99,800,0
TX000002505,138573,2026-03-13 19:55:57,large_chest,19.99,1800,0
TX000005659,113508,2026-03-13 19:56:22,medium_chest,9.99,800,0
TX000010039,133722,2026-03-13 19:59:40,starter_pouch,1.99,120,0
TX000004324,153945,2026-03-13 20:10:32,medium_chest,9.99,800,0
TX000007358,109454,2026-03-13 20:14:49,starter_pouch,1.99,120,0
TX000012688,162120,2026-03-13 20:15:38,starter_pouch,1.99,120,0
TX000006846,131320,2026-03-13 20:16:24,small_pouch,-4.99,-350,0
TX000003429,115242,2026-03-13 20:19:55,medium_chest,9.99,800,0
TX000004517,104022,2026-03-13 20:24:22,vault,49.99,5000,0
TX000014892,115930,2026-03-13 20:38:21,starter_pouch,1.99,120,0
TX000000557,175674,2026-03-13 20:43:24,medium_chest,9.99,800,0
TX000007180,148726,2026-03-13 20:45:15,large_chest,19.99,1800,0
TX000014255,132157,2026-03-13 20:53:43,starter_pouch,1.99,120,0
TX000005840,109571,2026-03-13 20:55:31,small_pouch,4.99,350,0
TX000009340,159305,2026-03-13 20:55:49,medium_chest,9.99,800,0
TX000015301,172403,2026-03-13 21:08:29,starter_pouch,1.99,120,0
TX000005222,142672,2026-03-13 21:09:51,medium_chest,9.99,800,0
TX000003372,121975,2026-03-13 21:11:14,starter_pouch,1.99,120,0
TX000009470,169895,2026-03-13 21:16:03,starter_pouch,1.99,120,0
TX000013564,136876,2026-03-13 21:20:23,small_pouch,4.99,350,0
TX000010618,154997,2026-03-13 21:23:00,medium_chest,9.99,800,0
TX000009503,135802,2026-03-13 21:25:36,starter_pouch,1.99,120,0
TX000004528,124253,2026-03-13 21:32:17,small_pouch,4.99,350,0
TX000006063,175880,2026-03-13 21:34:15,small_pouch,4.99,350,0
TX000001340,136172,2026-03-13 21:43:37,starter_pouch,1.99,120,0
TX000015264,158285,2026-03-13 22:13:49,large_chest,19.99,1800,0
TX000009410,119859,2026-03-13 22:14:10,small_pouch,4.99,350,0
TX000004175,103676,2026-03-13 22:18:54,medium_chest,9.99,800,0
TX000001994,169134,2026-03-13 22:31:19,starter_pouch,1.99,120,0
TX000014999,145965,2026-03-13 23:59:56,small_pouch,4.99,350,0
TX000015180,108904,2026-03-13 23:59:56,small_pouch,4.99,350,0
TX000001881,136040,2026-03-13 23:59:56,medium_chest,9.99,800,0
TX000002512,111890,2026-03-14 06:05:07,vault,49.99,5000,0
TX000009843,160654,2026-03-14 06:22:15,medium_chest,9.99,800,0
TX000001101,130329,2026-03-14 06:24:16,small_pouch,4.99,350,0
TX000004516,112179,2026-03-14 06:29:26,small_pouch,4.99,350,0
TX000012916,174810,2026-03-14 07:02:04,medium_chest,9.99,800,0
TX000006618,114495,2026-03-14 07:07:58,small_pouch,4.99,350,0
TX000004492,167165,2026-03-14 07:10:50,small_pouch,4.99,350,0
TX000007641,154853,2026-03-14 07:15:06,starter_pouch,1.99,120,0
TX000010046,174300,2026-03-14 07:22:50,starter_pouch,1.99,120,0
TX000001051,155511,2026-03-14 07:32:34,small_pouch,4.99,350,0
TX000007615,100926,2026-03-14 07:38:08,starter_pouch,1.99,120,0
TX000004997,163614,2026-03-14 07:46:38,vault,49.99,5000,0
TX000002620,137414,2026-03-14 08:14:53,medium_chest,9.99,800,0
TX000008797,122234,2026-03-14 08:19:45,starter_pouch,1.99,120,0
TX000003625,150007,2026-03-14 08:22:09,starter_pouch,1.99,120,0
TX000008736,148874,2026-03-14 08:29:02,starter_pouch,1.99,120,0
TX000012595,169178,2026-03-14 08:49:51,medium_chest,9.99,800,0
TX000013085,147948,2026-03-14 08:50:03,medium_chest,9.99,800,0
TX000002188,171977,2026-03-14 08:51:13,starter_pouch,1.99,120,0
TX000001250,148685,2026-03-14 09:03:33,medium_chest,9.99,800,0
TX000013342,161982,2026-03-14 09:12:43,vault,49.99,5000,0
TX000012069,126017,2026-03-14 09:44:05,vault,49.99,5000,0
TX000002227,146023,2026-03-14 09:53:19,starter_pouch,1.99,120,0
TX000008548,133484,2026-03-14 09:56:18,large_chest,19.99,1800,0
TX000002105,109072,2026-03-14 10:14:58,small_pouch,4.99,350,0
TX000001143,157496,2026-03-14 10:35:30,small_pouch,4.99,350,0
TX000008186,172434,2026-03-14 10:37:11,starter_pouch,1.99,120,0
TX000001848,137527,2026-03-14 10:41:19,starter_pouch,1.99,120,0
TX000001103,128368,2026-03-14 10:50:10,vault,49.99,5000,0
TX000003350,178079,2026-03-14 11:42:53,medium_chest,9.99,800,0
TX000009586,145217,2026-03-14 12:11:33,small_pouch,4.99,350,0
TX000002930,118710,2026-03-14 12:32:10,mega_vault,99.99,11000,0
TX000010227,141589,2026-03-14 12:35:40,medium_chest,9.99,800,0
TX000003668,135957,2026-03-14 12:41:06,small_pouch,4.99,350,0
TX000014256,140223,2026-03-14 12:51:38,starter_pouch,1.99,120,0
TX000006257,106661,2026-03-14 12:52:06,medium_chest,9.99,800,0
TX000008447,113013,2026-03-14 13:31:07,starter_pouch,1.99,120,0
TX000014072,120043,2026-03-14 14:08:17,small_pouch,4.99,350,0
TX000008710,118568,2026-03-14 14:21:30,starter_pouch,1.99,120,0
TX000010542,147585,2026-03-14 14:33:08,small_pouch,4.99,350,0
TX000001834,157773,2026-03-14 14:49:28,medium_chest,9.99,800,0
TX000002296,159758,2026-03-14 14:54:15,small_pouch,4.99,350,0
TX000013458,123233,2026-03-14 15:03:51,mega_vault,99.99,11000,0
TX000008574,125234,2026-03-14 15:20:38,large_chest,19.99,1800,0
TX000007929,155557,2026-03-14 15:32:18,small_pouch,4.99,350,0
TX000009231,101843,2026-03-14 15:41:33,starter_pouch,1.99,120,0
TX000003216,115424,2026-03-14 15:52:52,small_pouch,4.99,350,0
TX000012180,156713,2026-03-14 16:04:16,large_chest,19.99,1800,0
TX000008226,118419,2026-03-14 16:27:39,small_pouch,4.99,350,0
TX000007381,119126,2026-03-14 16:30:29,medium_chest,9.99,800,0
TX000014001,113933,2026-03-14 16:46:58,medium_chest,9.99,800,0
TX000008728,125116,2026-03-14 16:49:58,starter_pouch,1.99,120,0
TX000007200,112192,2026-03-14 16:53:07,medium_chest,9.99,800,0
TX000002999,176277,2026-03-14 17:00:26,vault,49.99,5000,0
TX000004647,151580,2026-03-14 17:19:46,starter_pouch,1.99,120,0
TX000000650,124780,2026-03-14 17:33:54,mega_vault,99.99,11000,0
TX000014526,163922,2026-03-14 17:36:40,small_pouch,4.99,350,0
TX000007685,132591,2026-03-14 17:38:21,vault,49.99,5000,0
TX000002664,153741,2026-03-14 17:48:11,starter_pouch,1.99,120,0
TX000000451,101298,2026-03-14 17:49:58,starter_pouch,1.99,120,0
TX000013335,149310,2026-03-14 17:53:42,starter_pouch,1.99,120,0
TX000002567,102706,2026-03-14 17:54:20,starter_pouch,1.99,120,0
TX000006080,151086,2026-03-14 18:03:06,medium_chest,9.99,800,0
TX000006061,140183,2026-03-14 18:11:28,starter_pouch,1.99,120,0
TX000009578,143016,2026-03-14 18:15:39,small_pouch,4.99,350,0
TX000003338,132013,2026-03-14 18:36:05,small_pouch,4.99,350,0
TX000001921,114677,2026-03-14 18:36:24,large_chest,19.99,1800,0
TX000012946,109060,2026-03-14 18:37:28,starter_pouch,1.99,120,0
TX000000020,101527,2026-03-14 18:39:02,vault,49.99,5000,0
TX000008393,137249,2026-03-14 18:48:28,starter_pouch,1.99,120,0
TX000001877,101198,2026-03-14 18:55:00,small_pouch,4.99,350,0
TX000003809,137206,2026-03-14 18:59:48,starter_pouch,1.99,120,0
TX000004542,176258,2026-03-14 19:11:14,small_pouch,4.99,350,0
TX000014834,179731,2026-03-14 19:24:37,starter_pouch,1.99,120,0
TX000011470,145265,2026-03-14 19:24:58,medium_chest,9.99,800,0
TX000000426,170821,2026-03-14 19:31:37,starter_pouch,1.99,120,0
TX000000297,170754,2026-03-14 19:31:47,medium_chest,9.99,800,0
TX000002937,169393,2026-03-14 19:39:15,starter_pouch,1.99,120,0
TX000014406,119231,2026-03-14 19:50:21,vault,49.99,5000,0
TX000004742,117504,2026-03-14 19:51:26,vault,49.99,5000,0
TX000003630,126210,2026-03-14 19:52:12,large_chest,19.99,1800,0
TX000009438,109003,2026-03-14 19:52:23,small_pouch,4.99,350,0
TX000001760,146592,2026-03-14 19:54:15,medium_chest,9.99,800,0
TX000010164,152797,2026-03-14 19:55:31,vault,49.99,5000,0
TX000012579,125902,2026-03-14 20:06:21,small_pouch,4.99,350,0
TX000002800,133680,2026-03-14 20:10:14,starter_pouch,1.99,120,0
TX000014106,166987,2026-03-14 20:10:20,vault,49.99,5000,0
TX000014902,160344,2026-03-14 20:11:27,small_pouch,4.99,350,0
TX000007320,170675,2026-03-14 20:19:47,small_pouch,4.99,350,0
TX000004969,140697,2026-03-14 20:21:37,small_pouch,4.99,350,0
TX000012644,143373,2026-03-14 20:25:39,mega_vault,99.99,11000,0
TX000001244,162728,2026-03-14 20:27:07,small_pouch,4.99,350,0
TX000001795,134842,2026-03-14 20:28:03,starter_pouch,1.99,120,0
TX000007175,120210,2026-03-14 20:37:20,small_pouch,4.99,350,0
TX000007610,133768,2026-03-14 20:39:31,starter_pouch,1.99,120,0
TX000010956,145927,2026-03-14 20:47:05,mega_vault,99.99,11000,0
TX000001933,159540,2026-03-14 20:48:04,medium_chest,9.99,800,0
TX000006364,140033,2026-03-14 20:49:19,starter_pouch,1.99,120,0
TX000007323,131435,2026-03-14 20:52:21,medium_chest,9.99,800,0
TX000006298,104986,2026-03-14 20:52:22,large_chest,19.99,1800,0
TX000005976,146401,2026-03-14 21:01:03,starter_pouch,1.99,120,0
TX000004838,150054,2026-03-14 21:04:55,medium_chest,9.99,800,0
TX000009325,113123,2026-03-14 21:06:19,small_pouch,4.99,350,0
TX000008630,176158,2026-03-14 21:10:37,medium_chest,9.99,800,0
TX000001025,153046,2026-03-14 21:12:36,starter_pouch,1.99,120,0
TX000002772,103443,2026-03-14 21:14:34,starter_pouch,1.99,120,0
TX000014586,145243,2026-03-14 21:19:38,vault,49.99,5000,0
TX000005530,126569,2026-03-14 21:22:26,starter_pouch,1.99,120,0
TX000007584,129792,2026-03-14 21:36:17,small_pouch,4.99,350,0
TX000012582,166035,2026-03-14 21:52:26,starter_pouch,1.99,120,0
TX000000427,163821,2026-03-14 21:54:29,small_pouch,4.99,350,0
TX000005378,160278,2026-03-14 21:59:19,medium_chest,9.99,800,0
TX000004089,105366,2026-03-14 22:06:38,starter_pouch,1.99,120,0
TX000005320,142451,2026-03-14 22:07:52,small_pouch,4.99,350,0
TX000002125,168426,2026-03-14 22:14:36,medium_chest,9.99,800,0
TX000003191,125362,2026-03-14 22:15:54,medium_chest,9.99,800,0
TX000001434,173828,2026-03-14 22:20:30,large_chest,19.99,1800,0
TX000005590,104607,2026-03-14 22:25:52,starter_pouch,1.99,120,0
TX000015196,118675,2026-03-14 22:35:00,small_pouch,4.99,350,0
TX000000276,112772,2026-03-14 22:38:06,starter_pouch,1.99,120,0
TX000004694,167415,2026-03-14 22:40:25,small_pouch,4.99,350,0
TX000009113,165478,2026-03-14 22:45:41,starter_pouch,1.99,120,0
TX000012810,114877,2026-03-14 22:58:41,vault,49.99,5000,0
TX000001758,111210,2026-03-14 23:00:56,starter_pouch,1.99,120,0
TX000004022,172489,2026-03-14 23:21:15,starter_pouch,1.99,120,0
TX000008787,129476,2026-03-14 23:29:58,starter_pouch,1.99,120,0
TX000004684,135510,2026-03-14 23:31:19,vault,49.99,5000,0
TX000002294,161486,2026-03-14 23:33:43,small_pouch,4.99,350,0
TX000011293,167977,2026-03-14 23:59:56,small_pouch,4.99,350,0
TX000011494,174853,2026-03-15 06:21:39,starter_pouch,1.99,120,0
TX000001334,125116,2026-03-15 06:22:12,medium_chest,9.99,800,0
TX000013255,156976,2026-03-15 06:28:49,starter_pouch,1.99,120,0
TX000002146,177810,2026-03-15 06:36:17,mega_vault,99.99,11000,0
TX000001953,172390,2026-03-15 06:41:46,medium_chest,9.99,800,0
TX000011756,140174,2026-03-15 06:48:56,starter_pouch,1.99,120,0
TX000003629,152393,2026-03-15 07:10:07,small_pouch,4.99,350,0
TX000004099,122087,2026-03-15 07:18:05,small_pouch,4.99,350,0
TX000010767,120375,2026-03-15 07:21:56,large_chest,19.99,1800,0
TX000004667,123948,2026-03-15 07:27:16,vault,49.99,5000,0
TX000000973,123083,2026-03-15 08:02:01,starter_pouch,1.99,120,0
TX000004745,162511,2026-03-15 08:42:29,large_chest,19.99,1800,0
TX000005446,113345,2026-03-15 08:45:55,medium_chest,9.99,800,0
TX000013659,177711,2026-03-15 09:34:55,small_pouch,4.99,350,0
TX000006867,174978,2026-03-15 09:35:27,small_pouch,4.99,350,0
TX000014306,134463,2026-03-15 09:59:30,small_pouch,4.99,350,0
TX000003554,173909,2026-03-15 10:07:16,starter_pouch,1.99,120,0
TX000013823,169435,2026-03-15 10:25:47,medium_chest,9.99,800,0
TX000005961,165808,2026-03-15 10:34:47,vault,49.99,5000,0
TX000000132,168252,2026-03-15 11:10:41,starter_pouch,1.99,120,0
TX000014092,131005,2026-03-15 11:15:22,medium_chest,9.99,800,0
TX000002524,105970,2026-03-15 11:25:37,starter_pouch,1.99,120,0
TX000001949,173070,2026-03-15 11:25:53,small_pouch,4.99,350,0
TX000007449,159002,2026-03-15 11:26:25,large_chest,19.99,1800,0
TX000010902,168551,2026-03-15 11:32:54,starter_pouch,1.99,120,0
TX000009667,171181,2026-03-15 11:44:05,medium_chest,-9.99,-800,0
TX000011328,132460,2026-03-15 12:21:06,starter_pouch,1.99,120,0
TX000003966,172044,2026-03-15 13:15:34,medium_chest,9.99,800,0
TX000003043,113899,2026-03-15 13:51:46,medium_chest,9.99,800,0
TX000002356,171051,2026-03-15 13:52:44,small_pouch,4.99,350,0
TX000007384,166169,2026-03-15 14:01:02,starter_pouch,1.99,120,0
TX000010108,108386,2026-03-15 14:07:27,medium_chest,9.99,800,0
TX000013319,164932,2026-03-15 14:40:32,starter_pouch,1.99,120,0
TX000006657,130140,2026-03-15 14:42:13,starter_pouch,1.99,120,0
TX000009125,173618,2026-03-15 14:51:27,small_pouch,4.99,350,0
TX000008678,123644,2026-03-15 14:52:09,small_pouch,4.99,350,0
TX000003235,173147,2026-03-15 14:56:00,small_pouch,4.99,350,0
TX000012073,126337,2026-03-15 15:06:23,starter_pouch,1.99,120,0
TX000001023,161979,2026-03-15 15:08:37,small_pouch,4.99,350,0
TX000010087,156333,2026-03-15 15:32:08,vault,49.99,5000,0
TX000000711,146139,2026-03-15 15:34:40,small_pouch,4.99,350,0
TX000009514,111789,2026-03-15 15:37:34,vault,49.99,5000,0
TX000009399,167209,2026-03-15 15:44:09,small_pouch,4.99,350,0
TX000002007,153539,2026-03-15 16:09:56,small_pouch,4.99,350,0
TX000006927,162721,2026-03-15 16:17:39,small_pouch,4.99,350,0
TX000008765,109351,2026-03-15 16:26:26,mega_vault,99.99,11000,0
TX000006109,106408,2026-03-15 16:38:50,large_chest,19.99,1800,0
TX000014745,125548,2026-03-15 16:41:50,large_chest,19.99,1800,0
TX000006074,139238,2026-03-15 16:49:56,starter_pouch,1.99,120,0
TX000007256,152642,2026-03-15 17:00:25,vault,49.99,5000,0
TX000010273,161629,2026-03-15 17:09:10,starter_pouch,1.99,120,0
TX000006283,110922,2026-03-15 17:20:32,vault,49.99,5000,0
TX000006104,139675,2026-03-15 17:27:40,small_pouch,4.99,350,0
TX000001242,105636,2026-03-15 17:31:09,small_pouch,4.99,350,0
TX000002631,119102,2026-03-15 17:36:39,large_chest,19.99,1800,0
TX000015043,107944,2026-03-15 17:38:47,small_pouch,4.99,350,0
TX000001603,101628,2026-03-15 17:39:45,medium_chest,9.99,800,0
TX000007360,128886,2026-03-15 17:46:43,starter_pouch,1.99,120,0
TX000009064,141648,2026-03-15 17:49:25,starter_pouch,1.99,120,0
TX000006474,144153,2026-03-15 17:50:58,vault,49.99,5000,0
TX000002874,127776,2026-03-15 17:54:07,small_pouch,4.99,350,0
TX000012269,142103,2026-03-15 17:56:46,starter_pouch,1.99,120,0
TX000008043,141412,2026-03-15 18:12:07,small_pouch,4.99,350,0
TX000004007,152440,2026-03-15 18:14:29,medium_chest,9.99,800,0
TX000003906,125972,2026-03-15 18:16:01,large_chest,19.99,1800,0
TX000009323,116386,2026-03-15 18:27:49,vault,49.99,5000,0
TX000007127,151968,2026-03-15 18:31:25,starter_pouch,1.99,120,0
TX000003055,178112,2026-03-15 18:36:39,vault,49.99,5000,0
TX000013540,131196,2026-03-15 18:43:54,small_pouch,4.99,350,0
TX000011861,148822,2026-03-15 18:48:04,large_chest,19.99,1800,0
TX000006711,106695,2026-03-15 18:52:05,medium_chest,9.99,800,0
TX000004294,161734,2026-03-15 18:52:30,medium_chest,9.99,800,0
TX000013068,159843,2026-03-15 18:52:43,mega_vault,99.99,11000,0
TX000013096,149440,2026-03-15 18:56:30,small_pouch,4.99,350,0
TX000005652,130035,2026-03-15 19:00:39,starter_pouch,1.99,120,0
TX000009109,104516,2026-03-15 19:10:29,starter_pouch,1.99,120,0
TX000011603,157256,2026-03-15 19:14:43,medium_chest,9.99,800,0
TX000011484,165123,2026-03-15 19:18:15,medium_chest,9.99,800,0
TX000001218,156357,2026-03-15 19:24:38,medium_chest,9.99,800,0
TX000008641,149456,2026-03-15 19:31:04,starter_pouch,1.99,120,0
TX000009487,107373,2026-03-15 19:39:03,medium_chest,-9.99,-800,1
TX000006873,131541,2026-03-15 19:41:49,small_pouch,4.99,350,0
TX000000148,127272,2026-03-15 19:43:46,small_pouch,4.99,350,0
TX000014488,111092,2026-03-15 19:44:14,starter_pouch,1.99,120,0
TX000008177,162767,2026-03-15 19:45:22,vault,49.99,5000,0
TX000001062,105763,2026-03-15 19:47:47,small_pouch,4.99,350,0
TX000008116,176873,2026-03-15 19:51:00,medium_chest,9.99,800,0
TX000007475,138402,2026-03-15 19:51:46,medium_chest,9.99,800,0
TX000009963,126822,2026-03-15 19:57:32,small_pouch,4.99,350,0
TX000000895,118960,2026-03-15 20:03:37,starter_pouch,1.99,120,0
TX000005533,173714,2026-03-15 20:03:44,small_pouch,4.99,350,0
TX000015229,162821,2026-03-15 20:05:24,small_pouch,4.99,350,0
TX000007345,140552,2026-03-15 20:07:55,starter_pouch,1.99,120,0
TX000002497,133242,2026-03-15 20:13:12,starter_pouch,1.99,120,0
TX000005922,102446,2026-03-15 20:15:26,large_chest,19.99,1800,0
TX000003522,134623,2026-03-15 20:17:22,medium_chest,9.99,800,0
TX000009637,135240,2026-03-15 20:22:18,large_chest,19.99,1800,0
TX000007555,171977,2026-03-15 20:30:52,vault,49.99,5000,0
TX000003779,165538,2026-03-15 20:35:36,large_chest,19.99,1800,0
TX000006634,160570,2026-03-15 20:36:34,starter_pouch,1.99,120,0
TX000001962,131259,2026-03-15 20:48:01,starter_pouch,-1.99,-120,1
TX000006891,136547,2026-03-15 20:51:05,large_chest,19.99,1800,0
TX000015085,142063,2026-03-15 20:52:34,small_pouch,4.99,350,0
TX000005284,104359,2026-03-15 20:53:12,large_chest,19.99,1800,0
TX000009109,104516,2026-03-15 20:55:59,starter_pouch,1.99,120,0
TX000014964,163547,2026-03-15 21:00:23,large_chest,19.99,1800,0
TX000011223,159074,2026-03-15 21:00:40,small_pouch,-4.99,-350,1
TX000011191,121197,2026-03-15 21:00:47,small_pouch,4.99,350,0
TX000005693,144956,2026-03-15 21:01:46,starter_pouch,1.99,120,0
TX000012524,162754,2026-03-15 21:04:09,medium_chest,9.99,800,0
TX000003557,140229,2026-03-15 21:09:55,medium_chest,9.99,800,0
TX000013229,134634,2026-03-15 21:14:08,medium_chest,9.99,800,0
TX000014642,176212,2026-03-15 21:16:05,starter_pouch,1.99,120,0
TX000002680,118518,2026-03-15 21:27:00,starter_pouch,1.99,120,0
TX000003243,158137,2026-03-15 21:34:04,starter_pouch,1.99,120,0
TX000003094,171684,2026-03-15 21:46:50,medium_chest,9.99,800,0
TX000014633,141026,2026-03-15 21:47:08,starter_pouch,1.99,120,0
TX000013068,159843,2026-03-15 21:51:28,mega_vault,99.99,11000,0
TX000005909,128985,2026-03-15 21:52:18,small_pouch,4.99,350,0
TX000008942,115664,2026-03-15 22:05:38,small_pouch,4.99,350,0
TX000007371,157773,2026-03-15 22:10:45,small_pouch,4.99,350,0
TX000010534,138840,2026-03-15 22:12:37,starter_pouch,1.99,120,0
TX000005186,169599,2026-03-15 22:25:04,starter_pouch,1.99,120,0
TX000008039,166375,2026-03-15 22:25:28,small_pouch,4.99,350,0
TX000014345,104078,2026-03-15 22:38:41,small_pouch,4.99,350,0
TX000009948,101724,2026-03-15 22:39:23,starter_pouch,1.99,120,0
TX000007525,156973,2026-03-15 22:40:15,starter_pouch,1.99,120,0
TX000002479,104123,2026-03-15 22:40:36,small_pouch,-4.99,-350,0
TX000007813,129126,2026-03-15 22:42:00,starter_pouch,1.99,120,0
TX000011433,104891,2026-03-15 22:44:04,medium_chest,9.99,800,0
TX000008744,177786,2026-03-15 22:47:42,medium_chest,9.99,800,0
TX000003971,134888,2026-03-15 22:53:10,large_chest,19.99,1800,0
TX000007160,116335,2026-03-15 23:03:05,small_pouch,4.99,350,0
TX000011411,179520,2026-03-15 23:14:09,large_chest,19.99,1800,0
TX000001152,110401,2026-03-15 23:28:37,starter_pouch,1.99,120,0
TX000012944,177593,2026-03-16 06:08:00,vault,49.99,5000,0
TX000004662,178710,2026-03-16 06:09:21,small_pouch,4.99,350,0
TX000002176,146338,2026-03-16 06:39:12,starter_pouch,1.99,120,0
TX000003072,170932,2026-03-16 06:50:05,medium_chest,9.99,800,0
TX000014169,125972,2026-03-16 07:04:56,large_chest,-19.99,-1800,0
TX000006687,122614,2026-03-16 07:07:20,large_chest,19.99,1800,0
TX000000156,162960,2026-03-16 07:23:57,starter_pouch,1.99,120,0
TX000000352,110866,2026-03-16 07:27:25,medium_chest,9.99,800,0
TX000009619,118122,2026-03-16 07:31:34,vault,49.99,5000,0
TX000012014,154330,2026-03-16 08:00:36,medium_chest,9.99,800,0
TX000007008,120467,2026-03-16 08:09:53,medium_chest,9.99,800,0
TX000005144,127666,2026-03-16 08:10:47,starter_pouch,1.99,120,0
TX000008825,153573,2026-03-16 08:29:46,medium_chest,9.99,800,0
TX000000430,140455,2026-03-16 09:27:23,starter_pouch,1.99,120,0
TX000015269,126930,2026-03-16 09:28:42,large_chest,19.99,1800,0
TX000007100,179130,2026-03-16 10:01:28,starter_pouch,1.99,120,0
TX000006212,145927,2026-03-16 10:04:37,large_chest,19.99,1800,0
TX000001422,148464,2026-03-16 10:07:27,vault,49.99,5000,0
TX000008546,106248,2026-03-16 10:19:40,starter_pouch,1.99,120,0
TX000004165,172434,2026-03-16 10:25:27,starter_pouch,1.99,120,0
TX000002858,175707,2026-03-16 10:27:35,vault,49.99,5000,0
TX000009228,152261,2026-03-16 10:30:53,small_pouch,4.99,350,0
TX000010721,127603,2026-03-16 10:40:37,starter_pouch,1.99,120,0
TX000010778,133412,2026-03-16 10:49:38,large_chest,19.99,1800,0
TX000001642,123987,2026-03-16 10:54:47,vault,49.99,5000,0
TX000005062,155030,2026-03-16 10:59:56,large_chest,19.99,1800,0
TX000009904,102497,2026-03-16 11:04:59,small_pouch,4.99,350,0
TX000011840,148184,2026-03-16 11:14:50,medium_chest,9.99,800,0
TX000004255,134205,2026-03-16 11:17:30,vault,49.99,5000,0
TX000007064,137589,2026-03-16 11:17:49,medium_chest,9.99,800,0
TX000010153,149911,2026-03-16 11:22:44,medium_chest,9.99,800,0
TX000012406,154338,2026-03-16 11:37:34,starter_pouch,1.99,120,0
TX000005703,154462,2026-03-16 11:47:27,mega_vault,99.99,11000,0
TX000002902,128124,2026-03-16 12:28:22,medium_chest,9.99,800,0
TX000003788,177461,2026-03-16 12:29:53,vault,49.99,5000,0
TX000009003,121706,2026-03-16 12:36:52,vault,49.99,5000,0
TX000006142,160182,2026-03-16 12:50:44,medium_chest,9.99,800,0
TX000004513,178171,2026-03-16 12:51:13,small_pouch,4.99,350,0
TX000004259,102268,2026-03-16 13:10:52,starter_pouch,1.99,120,0
TX000008839,142226,2026-03-16 13:23:09,medium_chest,9.99,800,0
TX000006434,129292,2026-03-16 13:32:37,large_chest,19.99,1800,0
TX000014041,109465,2026-03-16 14:03:48,starter_pouch,1.99,120,0
TX000003189,165024,2026-03-16 14:12:35,vault,49.99,5000,0
TX000014048,157050,2026-03-16 14:19:04,medium_chest,9.99,800,0
TX000002055,145914,2026-03-16 14:45:19,starter_pouch,1.99,120,0
TX000009236,148283,2026-03-16 14:50:29,starter_pouch,1.99,120,0
TX000011597,140380,2026-03-16 14:52:14,starter_pouch,1.99,120,0
TX000000469,165303,2026-03-16 15:10:09,medium_chest,9.99,800,0
TX000009894,121517,2026-03-16 15:13:04,medium_chest,9.99,800,0
TX000008452,114788,2026-03-16 15:35:17,small_pouch,4.99,350,0
TX000002014,146900,2026-03-16 15:38:39,mega_vault,99.99,11000,0
TX000008920,168882,2026-03-16 16:04:36,medium_chest,9.99,800,0
TX000005879,129844,2026-03-16 16:05:29,mega_vault,99.99,11000,0
TX000014986,143346,2026-03-16 16:11:15,small_pouch,4.99,350,0
TX000010557,145730,2026-03-16 16:11:49,medium_chest,9.99,800,0
TX000007110,100808,2026-03-16 16:19:51,large_chest,19.99,1800,0
TX000010631,161697,2026-03-16 16:30:29,medium_chest,9.99,800,0
TX000000683,123214,2026-03-16 16:37:41,large_chest,19.99,1800,0
TX000010512,118396,2026-03-16 16:52:03,starter_pouch,1.99,120,0
TX000012048,154620,2026-03-16 17:05:13,starter_pouch,1.99,120,0
TX000012346,149227,2026-03-16 17:14:16,starter_pouch,1.99,120,0
TX000008813,175107,2026-03-16 17:14:41,small_pouch,4.99,350,0
TX000000873,133158,2026-03-16 17:17:24,large_chest,19.99,1800,0
TX000001786,117512,2026-03-16 17:22:43,starter_pouch,1.99,120,0
TX000008220,115885,2026-03-16 17:29:25,medium_chest,9.99,800,0
TX000004845,152219,2026-03-16 17:33:38,starter_pouch,1.99,120,0
TX000006828,117935,2026-03-16 17:33:57,starter_pouch,1.99,120,0
TX000010281,118885,2026-03-16 17:35:28,small_pouch,4.99,350,0
TX000005189,100764,2026-03-16 17:35:47,starter_pouch,1.99,120,0
TX000001360,131079,2026-03-16 17:40:07,small_pouch,4.99,350,0
TX000011892,144056,2026-03-16 17:40:07,small_pouch,4.99,350,0
TX000012606,164756,2026-03-16 17:46:06,small_pouch,4.99,350,0
TX000002828,146833,2026-03-16 17:50:36,vault,49.99,5000,0
TX000007021,144505,2026-03-16 17:55:05,starter_pouch,1.99,120,0
TX000004208,126593,2026-03-16 17:56:35,large_chest,19.99,1800,0
TX000002078,108890,2026-03-16 17:59:02,starter_pouch,1.99,120,0
TX000012832,172862,2026-03-16 18:12:24,small_pouch,4.99,350,0
TX000000573,137725,2026-03-16 18:17:43,starter_pouch,1.99,120,0
TX000002202,123118,2026-03-16 18:27:37,starter_pouch,1.99,120,0
TX000004945,164287,2026-03-16 18:29:16,small_pouch,4.99,350,0
TX000005836,179760,2026-03-16 18:34:46,starter_pouch,1.99,120,0
TX000012992,168886,2026-03-16 18:49:59,starter_pouch,1.99,120,0
TX000003577,111211,2026-03-16 18:52:59,starter_pouch,1.99,120,0
TX000011469,171732,2026-03-16 19:10:18,medium_chest,9.99,800,0
TX000004159,154802,2026-03-16 19:17:00,small_pouch,4.99,350,0
TX000006114,163905,2026-03-16 19:27:30,medium_chest,9.99,800,0
TX000010276,168670,2026-03-16 19:40:41,small_pouch,4.99,350,0
TX000003786,141008,2026-03-16 19:42:39,medium_chest,9.99,800,0
TX000005667,137921,2026-03-16 19:46:52,starter_pouch,1.99,120,0
TX000008136,156458,2026-03-16 19:47:19,medium_chest,9.99,800,0
TX000004413,124447,2026-03-16 19:51:47,medium_chest,9.99,800,0
TX000014078,122902,2026-03-16 19:51:54,medium_chest,9.99,800,0
TX000002376,124024,2026-03-16 19:57:11,vault,49.99,5000,0
TX000011192,108360,2026-03-16 20:01:18,small_pouch,4.99,350,0
TX000006419,145698,2026-03-16 20:03:37,small_pouch,4.99,350,0
TX000014610,105269,2026-03-16 20:07:29,starter_pouch,1.99,120,0
TX000004631,110683,2026-03-16 20:11:03,starter_pouch,1.99,120,0
TX000009931,117068,2026-03-16 20:15:22,large_chest,19.99,1800,0
TX000010333,142146,2026-03-16 20:16:26,small_pouch,4.99,350,0
TX000007833,146602,2026-03-16 20:18:43,small_pouch,4.99,350,0
TX000003932,166420,2026-03-16 20:21:02,small_pouch,4.99,350,0
TX000003037,107230,2026-03-16 20:21:34,medium_chest,9.99,800,0
TX000001085,134429,2026-03-16 20:36:19,small_pouch,4.99,350,0
TX000006162,142672,2026-03-16 20:37:16,mega_vault,99.99,11000,0
TX000010185,174483,2026-03-16 20:40:32,starter_pouch,1.99,120,0
TX000008390,179157,2026-03-16 20:43:59,medium_chest,9.99,800,0
TX000007887,165764,2026-03-16 20:44:56,small_pouch,4.99,350,0
TX000012840,140102,2026-03-16 20:45:38,small_pouch,4.99,350,0
TX000007721,106390,2026-03-16 20:51:03,starter_pouch,1.99,120,0
TX000012687,173882,2026-03-16 20:56:04,small_pouch,4.99,350,0
TX000001471,167318,2026-03-16 20:57:08,medium_chest,9.99,800,0
TX000010611,155630,2026-03-16 21:09:43,medium_chest,9.99,800,0
TX000013468,160450,2026-03-16 21:12:11,small_pouch,4.99,350,0
TX000007918,169728,2026-03-16 21:13:04,large_chest,19.99,1800,0
TX000006210,111436,2026-03-16 21:13:15,starter_pouch,1.99,120,0
TX000007894,114941,2026-03-16 21:19:17,medium_chest,9.99,800,0
TX000005964,138814,2026-03-16 21:19:39,starter_pouch,1.99,120,0
TX000001733,143926,2026-03-16 21:26:08,medium_chest,9.99,800,0
TX000001428,133171,2026-03-16 21:27:18,large_chest,19.99,1800,0
TX000006077,141469,2026-03-16 21:29:09,large_chest,19.99,1800,0
TX000012593,169595,2026-03-16 21:33:19,large_chest,19.99,1800,0
TX000000386,172545,2026-03-16 21:39:21,small_pouch,4.99,350,0
TX000001252,121917,2026-03-16 21:57:24,starter_pouch,1.99,120,0
TX000008540,156844,2026-03-16 21:58:30,starter_pouch,1.99,120,0
TX000010981,127606,2026-03-16 22:04:19,medium_chest,9.99,800,0
TX000011778,153308,2026-03-16 22:14:25,large_chest,19.99,1800,0
TX000006596,140312,2026-03-16 22:16:22,medium_chest,9.99,800,0
TX000006841,128817,2026-03-16 22:21:39,small_pouch,4.99,350,0
TX000009765,156287,2026-03-16 22:29:23,small_pouch,4.99,350,0
TX000000204,163869,2026-03-16 22:45:55,small_pouch,4.99,350,0
TX000014051,116458,2026-03-16 22:48:27,medium_chest,9.99,800,0
TX000004979,116069,2026-03-16 22:49:49,large_chest,19.99,1800,0
TX000001640,160167,2026-03-16 23:35:37,small_pouch,4.99,350,0
TX000007858,104539,2026-03-16 23:59:56,large_chest,19.99,1800,0
TX000011590,144965,2026-03-16 23:59:56,large_chest,19.99,1800,0
TX000006207,179609,2026-03-16 23:59:56,small_pouch,4.99,350,0
TX000011770,119427,2026-03-16 23:59:56,small_pouch,4.99,350,0
TX000006141,151609,2026-03-16 23:59:56,small_pouch,4.99,350,0
TX000006322,167084,2026-03-17 06:07:48,medium_chest,9.99,800,0
TX000011570,111845,2026-03-17 06:24:40,medium_chest,9.99,800,0
TX000012503,171542,2026-03-17 06:32:21,mega_vault,99.99,11000,0
TX000006880,109043,2026-03-17 06:39:07,starter_pouch,1.99,120,0
TX000005742,117938,2026-03-17 06:41:15,medium_chest,9.99,800,0
TX000007996,167778,2026-03-17 06:56:18,mega_vault,99.99,11000,0
TX000000536,107160,2026-03-17 07:00:16,small_pouch,4.99,350,0
TX000000903,133372,2026-03-17 07:09:30,small_pouch,4.99,350,0
TX000010623,169844,2026-03-17 07:09:51,medium_chest,9.99,800,0
TX000005148,178400,2026-03-17 07:20:17,starter_pouch,1.99,120,0
TX000014088,126994,2026-03-17 07:37:55,starter_pouch,1.99,120,0
TX000002653,100531,2026-03-17 08:11:23,large_chest,19.99,1800,0
TX000003864,151776,2026-03-17 08:16:31,small_pouch,4.99,350,0
TX000001009,120765,2026-03-17 08:17:26,starter_pouch,1.99,120,0
TX000006615,175814,2026-03-17 08:33:08,vault,49.99,5000,0
TX000013851,112069,2026-03-17 08:36:18,vault,49.99,5000,0
TX000007908,120009,2026-03-17 08:36:24,large_chest,19.99,1800,0
TX000011447,123179,2026-03-17 09:12:03,medium_chest,9.99,800,0
TX000003248,161467,2026-03-17 09:36:59,starter_pouch,1.99,120,0
TX000013125,112939,2026-03-17 09:58:26,mega_vault,99.99,11000,0
TX000014153,167704,2026-03-17 10:46:09,mega_vault,99.99,11000,0
TX000003566,145497,2026-03-17 10:53:55,starter_pouch,1.99,120,0
TX000006368,163199,2026-03-17 11:05:39,mega_vault,99.99,11000,0
TX000008672,167400,2026-03-17 11:21:09,starter_pouch,1.99,120,0
TX000002255,179351,2026-03-17 11:39:21,starter_pouch,1.99,120,0
TX000006600,148480,2026-03-17 11:41:12,starter_pouch,1.99,120,0
TX000014857,171164,2026-03-17 11:45:27,medium_chest,9.99,800,0
TX000001598,149508,2026-03-17 12:04:37,large_chest,19.99,1800,0
TX000012251,154346,2026-03-17 12:12:40,medium_chest,9.99,800,0
TX000006159,148462,2026-03-17 12:36:31,small_pouch,4.99,350,0
TX000006903,145203,2026-03-17 12:41:00,large_chest,19.99,1800,0
TX000004231,168903,2026-03-17 12:47:38,starter_pouch,1.99,120,0
TX000004164,148464,2026-03-17 13:02:16,large_chest,19.99,1800,0
TX000004712,158736,2026-03-17 13:05:04,vault,49.99,5000,0
TX000011771,135908,2026-03-17 13:07:37,medium_chest,9.99,800,0
TX000011056,162317,2026-03-17 13:13:07,large_chest,19.99,1800,0
TX000004300,114979,2026-03-17 13:30:47,large_chest,19.99,1800,0
TX000009047,172944,2026-03-17 13:40:12,small_pouch,4.99,350,0
TX000006410,137221,2026-03-17 13:55:22,starter_pouch,1.99,120,0
TX000011706,139635,2026-03-17 13:56:40,large_chest,19.99,1800,0
TX000005224,175294,2026-03-17 14:07:51,medium_chest,9.99,800,0
TX000006157,103536,2026-03-17 14:10:23,small_pouch,4.99,350,0
TX000001641,174011,2026-03-17 14:42:07,starter_pouch,1.99,120,0
TX000004451,114798,2026-03-17 15:02:02,medium_chest,9.99,800,0
TX000005213,161253,2026-03-17 15:38:35,large_chest,19.99,1800,0
TX000007202,165935,2026-03-17 15:41:46,large_chest,19.99,1800,0
TX000001782,177801,2026-03-17 15:46:30,small_pouch,4.99,350,0
TX000013300,133653,2026-03-17 15:51:35,small_pouch,4.99,350,0
TX000008570,160964,2026-03-17 16:02:31,starter_pouch,1.99,120,0
TX000002064,179949,2026-03-17 16:18:47,small_pouch,4.99,350,0
TX000002842,154051,2026-03-17 16:30:10,medium_chest,9.99,800,0
TX000001084,135556,2026-03-17 16:34:32,starter_pouch,1.99,120,0
TX000003505,151663,2026-03-17 16:42:56,medium_chest,9.99,800,0
TX000006278,116279,2026-03-17 16:49:19,medium_chest,9.99,800,0
TX000007531,154292,2026-03-17 17:05:54,starter_pouch,1.99,120,0
TX000007817,107174,2026-03-17 17:06:04,small_pouch,4.99,350,0
TX000009596,157347,2026-03-17 17:10:20,vault,49.99,5000,0
TX000000026,103920,2026-03-17 17:17:14,mega_vault,99.99,11000,0
TX000009723,169541,2026-03-17 17:17:38,starter_pouch,1.99,120,0
TX000005414,171577,2026-03-17 17:29:49,medium_chest,9.99,800,0
TX000012942,176984,2026-03-17 17:34:08,medium_chest,9.99,800,0
TX000007535,123741,2026-03-17 17:39:39,medium_chest,9.99,800,0
TX000001574,105354,2026-03-17 17:41:42,large_chest,19.99,1800,0
TX000012019,125395,2026-03-17 17:41:51,small_pouch,4.99,350,0
TX000014696,178224,2026-03-17 17:42:24,starter_pouch,1.99,120,0
TX000012549,175292,2026-03-17 17:54:20,starter_pouch,1.99,120,0
TX000006475,129798,2026-03-17 17:54:55,small_pouch,4.99,350,0
TX000005587,152153,2026-03-17 17:54:58,starter_pouch,1.99,120,0
TX000006527,139500,2026-03-17 17:58:23,medium_chest,9.99,800,0
TX000008384,109615,2026-03-17 17:58:27,starter_pouch,1.99,120,0
TX000011985,167621,2026-03-17 18:00:16,small_pouch,4.99,350,0
TX000012645,125776,2026-03-17 18:07:17,medium_chest,9.99,800,0
TX000001203,116196,2026-03-17 18:10:35,medium_chest,9.99,800,0
TX000008938,123371,2026-03-17 18:10:58,medium_chest,9.99,800,0
TX000007153,153167,2026-03-17 18:18:15,medium_chest,9.99,800,0
TX000005201,157907,2026-03-17 18:18:22,vault,49.99,5000,0
TX000005459,175487,2026-03-17 18:18:51,medium_chest,9.99,800,0
TX000010101,163295,2026-03-17 18:26:39,medium_chest,9.99,800,0
TX000014889,141643,2026-03-17 18:31:48,large_chest,19.99,1800,0
TX000014181,129252,2026-03-17 18:34:17,starter_pouch,1.99,120,0
TX000014203,138402,2026-03-17 18:38:31,small_pouch,4.99,350,0
TX000001438,123044,2026-03-17 18:39:56,small_pouch,4.99,350,0
TX000014156,169157,2026-03-17 18:44:32,small_pouch,4.99,350,0
TX000001932,124739,2026-03-17 18:55:09,small_pouch,4.99,350,0
TX000015123,135857,2026-03-17 18:57:42,medium_chest,9.99,800,0
TX000005388,167183,2026-03-17 19:03:27,medium_chest,9.99,800,0
TX000001759,113139,2026-03-17 19:08:42,starter_pouch,1.99,120,0
TX000004418,130530,2026-03-17 19:14:19,starter_pouch,1.99,120,0
TX000007014,166244,2026-03-17 19:16:07,starter_pouch,1.99,120,0
TX000014971,133534,2026-03-17 19:21:48,medium_chest,9.99,800,0
TX000014374,120336,2026-03-17 19:31:11,large_chest,19.99,1800,0
TX000006322,167084,2026-03-17 19:31:30,medium_chest,9.99,800,0
TX000002535,120730,2026-03-17 19:33:17,vault,49.99,5000,0
TX000011143,131502,2026-03-17 19:35:01,starter_pouch,1.99,120,0
TX000011741,156782,2026-03-17 19:36:36,large_chest,19.99,1800,0
TX000006260,143946,2026-03-17 19:38:07,medium_chest,9.99,800,0
TX000007531,154292,2026-03-17 19:42:29,starter_pouch,1.99,120,0
TX000006588,133714,2026-03-17 19:51:45,small_pouch,4.99,350,0
TX000011652,136831,2026-03-17 19:56:05,starter_pouch,1.99,120,0
TX000005924,133705,2026-03-17 20:08:53,medium_chest,9.99,800,0
TX000002904,169795,2026-03-17 20:10:45,small_pouch,4.99,350,0
TX000014453,140910,2026-03-17 20:20:15,large_chest,19.99,1800,0
TX000013190,158992,2026-03-17 20:21:12,small_pouch,4.99,350,0
TX000015111,100504,2026-03-17 20:22:44,small_pouch,4.99,350,0
TX000010944,150406,2026-03-17 20:31:07,starter_pouch,1.99,120,0
TX000001976,151681,2026-03-17 20:32:04,small_pouch,4.99,350,0
TX000008967,147542,2026-03-17 20:32:14,starter_pouch,1.99,120,0
TX000010729,143849,2026-03-17 20:32:37,starter_pouch,1.99,120,0
TX000013413,128630,2026-03-17 20:36:31,large_chest,19.99,1800,0
TX000013954,178581,2026-03-17 20:38:46,small_pouch,4.99,350,0
TX000005119,159757,2026-03-17 21:00:16,large_chest,19.99,1800,0
TX000008645,130739,2026-03-17 21:05:30,medium_chest,9.99,800,0
TX000002339,110713,2026-03-17 21:06:16,small_pouch,4.99,350,0
TX000005037,125058,2026-03-17 21:08:20,small_pouch,4.99,350,0
TX000005056,104698,2026-03-17 21:12:38,medium_chest,9.99,800,0
TX000005464,137669,2026-03-17 21:12:45,medium_chest,9.99,800,0
TX000006267,112758,2026-03-17 21:15:47,medium_chest,9.99,800,0
TX000014903,113637,2026-03-17 21:20:17,small_pouch,4.99,350,0
TX000007991,108436,2026-03-17 21:24:40,medium_chest,9.99,800,0
TX000014532,114378,2026-03-17 21:28:09,starter_pouch,1.99,120,0
TX000006321,153573,2026-03-17 21:28:10,mega_vault,99.99,11000,0
TX000002315,132574,2026-03-17 21:40:02,vault,49.99,5000,0
TX000015064,154810,2026-03-17 21:59:00,medium_chest,9.99,800,0
TX000000880,178744,2026-03-17 21:59:54,small_pouch,4.99,350,0
TX000000085,173692,2026-03-17 22:03:48,starter_pouch,1.99,120,0
TX000004435,116293,2026-03-17 22:06:21,starter_pouch,1.99,120,0
TX000003331,172202,2026-03-17 22:12:54,medium_chest,9.99,800,0
TX000005411,107471,2026-03-17 22:15:36,starter_pouch,-1.99,-120,0
TX000013794,117604,2026-03-17 22:42:27,large_chest,19.99,1800,0
TX000015191,149969,2026-03-17 23:01:38,medium_chest,9.99,800,0
TX000000882,143030,2026-03-17 23:15:33,small_pouch,4.99,350,0
TX000013751,145087,2026-03-17 23:27:13,medium_chest,9.99,800,0
TX000010844,136055,2026-03-17 23:41:45,medium_chest,9.99,800,0
TX000013942,137799,2026-03-17 23:59:56,large_chest,19.99,1800,0
TX000000138,167340,2026-03-18 06:10:08,starter_pouch,1.99,120,0
TX000005607,112945,2026-03-18 06:13:51,medium_chest,9.99,800,0
TX000002808,105560,2026-03-18 06:24:47,small_pouch,4.99,350,0
TX000006583,108805,2026-03-18 06:27:42,large_chest,19.99,1800,0
TX000003040,176876,2026-03-18 06:30:36,medium_chest,9.99,800,0
TX000011580,127627,2026-03-18 06:58:29,large_chest,19.99,1800,0
TX000001105,114847,2026-03-18 07:05:11,starter_pouch,1.99,120,0
TX000010908,125532,2026-03-18 07:33:56,starter_pouch,1.99,120,0
TX000004704,159428,2026-03-18 07:49:16,large_chest,19.99,1800,0
TX000002927,166311,2026-03-18 08:03:46,small_pouch,4.99,350,0
TX000002569,132402,2026-03-18 08:05:50,vault,49.99,5000,0
TX000006378,124231,2026-03-18 08:09:49,starter_pouch,1.99,120,0
TX000012186,142701,2026-03-18 08:16:40,starter_pouch,1.99,120,0
TX000011178,169504,2026-03-18 08:37:09,vault,49.99,5000,0
TX000002235,105864,2026-03-18 08:42:54,starter_pouch,1.99,120,0
TX000012083,151355,2026-03-18 09:09:58,medium_chest,9.99,800,0
TX000003226,149248,2026-03-18 09:10:24,starter_pouch,1.99,120,0
TX000012342,141592,2026-03-18 09:19:40,starter_pouch,1.99,120,0
TX000012022,139099,2026-03-18 09:40:54,starter_pouch,1.99,120,0
TX000012901,110683,2026-03-18 09:42:51,large_chest,19.99,1800,0
TX000011363,171630,2026-03-18 09:49:16,medium_chest,9.99,800,0
TX000012701,139497,2026-03-18 09:49:28,small_pouch,4.99,350,0
TX000002118,175978,2026-03-18 09:49:53,medium_chest,9.99,800,0
TX000003387,112837,2026-03-18 10:08:29,medium_chest,9.99,800,0
TX000014735,171293,2026-03-18 10:14:52,small_pouch,4.99,350,0
TX000000487,174551,2026-03-18 10:29:04,starter_pouch,1.99,120,0
TX000014367,113320,2026-03-18 10:44:13,medium_chest,9.99,800,0
TX000012328,159253,2026-03-18 11:03:45,small_pouch,4.99,350,0
TX000011961,157958,2026-03-18 11:25:08,large_chest,19.99,1800,0
TX000010610,154538,2026-03-18 11:40:35,large_chest,19.99,1800,0
TX000002627,131292,2026-03-18 12:07:41,small_pouch,4.99,350,0
TX000012588,102678,2026-03-18 12:13:49,large_chest,19.99,1800,0
TX000008638,154731,2026-03-18 13:25:08,starter_pouch,1.99,120,0
TX000011075,106057,2026-03-18 13:53:35,large_chest,19.99,1800,0
TX000009888,158140,2026-03-18 14:01:11,small_pouch,4.99,350,0
TX000009984,167183,2026-03-18 14:12:59,starter_pouch,1.99,120,0
TX000012989,154290,2026-03-18 14:13:54,medium_chest,9.99,800,0
TX000008303,170754,2026-03-18 14:23:09,medium_chest,9.99,800,0
TX000010881,170306,2026-03-18 14:29:49,starter_pouch,1.99,120,0
TX000007871,162767,2026-03-18 14:49:11,vault,49.99,5000,0
TX000013252,133030,2026-03-18 14:58:25,small_pouch,4.99,350,0
TX000003929,113337,2026-03-18 15:10:54,small_pouch,4.99,350,0
TX000005515,159685,2026-03-18 15:14:02,medium_chest,9.99,800,0
TX000015291,133224,2026-03-18 15:31:58,medium_chest,9.99,800,0
TX000010175,144156,2026-03-18 15:45:53,medium_chest,9.99,800,0
TX000013292,140458,2026-03-18 16:05:14,large_chest,19.99,1800,0
TX000000173,169960,2026-03-18 16:07:43,small_pouch,4.99,350,0
TX000001613,141781,2026-03-18 16:09:48,vault,49.99,5000,0
TX000012141,122802,2026-03-18 16:10:01,small_pouch,4.99,350,0
TX000006154,159402,2026-03-18 16:24:58,starter_pouch,1.99,120,0
TX000012831,147889,2026-03-18 16:25:44,large_chest,19.99,1800,0
TX000001061,142933,2026-03-18 16:25:49,small_pouch,4.99,350,0
TX000010633,105725,2026-03-18 16:35:00,small_pouch,4.99,350,0
TX000007726,170576,2026-03-18 16:38:55,mega_vault,99.99,11000,0
TX000003232,134707,2026-03-18 16:39:52,large_chest,19.99,1800,0
TX000009103,128968,2026-03-18 16:41:24,small_pouch,4.99,350,0
TX000005504,112874,2026-03-18 16:43:33,vault,49.99,5000,0
TX000001631,101474,2026-03-18 16:48:42,starter_pouch,1.99,120,0
TX000011727,115760,2026-03-18 16:49:19,medium_chest,9.99,800,0
TX000004302,130457,2026-03-18 16:51:00,mega_vault,99.99,11000,0
TX000011392,168139,2026-03-18 16:53:50,starter_pouch,1.99,120,0
TX000014350,134001,2026-03-18 17:06:40,medium_chest,9.99,800,0
TX000002988,162805,2026-03-18 17:08:03,starter_pouch,1.99,120,0
TX000013001,152209,2026-03-18 17:28:25,medium_chest,9.99,800,0
TX000005925,150231,2026-03-18 17:30:28,large_chest,19.99,1800,0
TX000014801,175546,2026-03-18 17:33:18,starter_pouch,1.99,120,0
TX000009155,126128,2026-03-18 17:39:00,vault,49.99,5000,0
TX000012902,127623,2026-03-18 17:40:19,small_pouch,4.99,350,0
TX000008719,140231,2026-03-18 17:44:04,starter_pouch,1.99,120,0
TX000011250,167048,2026-03-18 17:53:49,small_pouch,4.99,350,0
TX000002513,129418,2026-03-18 18:15:21,starter_pouch,1.99,120,0
TX000009866,139757,2026-03-18 18:21:46,starter_pouch,1.99,120,0
TX000011906,156302,2026-03-18 18:30:55,mega_vault,99.99,11000,0
TX000009472,151248,2026-03-18 18:31:09,medium_chest,9.99,800,0
TX000006145,143103,2026-03-18 18:33:47,large_chest,19.99,1800,0
TX000009787,113345,2026-03-18 18:51:43,large_chest,19.99,1800,0
TX000013381,165732,2026-03-18 18:51:51,vault,49.99,5000,0
TX000012111,172026,2026-03-18 19:00:08,medium_chest,9.99,800,0
TX000011581,156335,2026-03-18 19:00:55,small_pouch,4.99,350,0
TX000007342,152391,2026-03-18 19:05:32,vault,49.99,5000,0
TX000009265,105918,2026-03-18 19:05:55,large_chest,19.99,1800,0
TX000003776,138368,2026-03-18 19:12:52,small_pouch,4.99,350,0
TX000012186,142701,2026-03-18 19:13:10,starter_pouch,1.99,120,0
TX000005203,109896,2026-03-18 19:23:29,small_pouch,4.99,350,0
TX000001156,107855,2026-03-18 19:28:15,starter_pouch,1.99,120,0
TX000013601,127985,2026-03-18 19:40:32,medium_chest,9.99,800,0
TX000013391,160130,2026-03-18 19:42:00,mega_vault,99.99,11000,0
TX000000888,125843,2026-03-18 19:43:24,large_chest,19.99,1800,0
TX000000730,143193,2026-03-18 19:45:20,large_chest,19.99,1800,0
TX000004784,169995,2026-03-18 19:52:15,small_pouch,4.99,350,0
TX000010448,137624,2026-03-18 19:58:17,medium_chest,9.99,800,0
TX000001149,104284,2026-03-18 20:02:23,vault,49.99,5000,0
TX000013025,121450,2026-03-18 20:02:39,medium_chest,9.99,800,0
TX000000047,155539,2026-03-18 20:02:42,starter_pouch,1.99,120,0
TX000002436,132634,2026-03-18 20:04:40,small_pouch,4.99,350,0
TX000009272,152038,2026-03-18 20:07:32,large_chest,19.99,1800,0
TX000002233,118076,2026-03-18 20:26:13,small_pouch,4.99,350,0
TX000014626,128768,2026-03-18 20:40:06,medium_chest,9.99,800,0
TX000012846,109837,2026-03-18 20:46:20,medium_chest,9.99,800,0
TX000014441,161939,2026-03-18 21:07:22,vault,49.99,5000,0
TX000002353,177511,2026-03-18 21:12:43,large_chest,19.99,1800,0
TX000009627,173295,2026-03-18 21:13:56,starter_pouch,1.99,120,0
TX000014164,103598,2026-03-18 21:20:15,starter_pouch,1.99,120,0
TX000014868,115515,2026-03-18 21:30:19,large_chest,19.99,1800,0
TX000003045,128249,2026-03-18 21:43:53,starter_pouch,1.99,120,0
TX000004035,149043,2026-03-18 21:44:48,medium_chest,9.99,800,0
TX000001189,128601,2026-03-18 21:49:24,small_pouch,4.99,350,0
TX000003987,166851,2026-03-18 21:50:28,large_chest,19.99,1800,0
TX000011267,100550,2026-03-18 21:51:51,large_chest,19.99,1800,0
TX000009014,167208,2026-03-18 21:58:28,large_chest,19.99,1800,0
TX000000822,125387,2026-03-18 22:00:38,small_pouch,4.99,350,0
TX000000266,108416,2026-03-18 22:00:56,starter_pouch,1.99,120,0
TX000008677,106976,2026-03-18 22:06:09,medium_chest,9.99,800,0
TX000006334,129487,2026-03-18 22:20:18,starter_pouch,1.99,120,0
TX000002795,145660,2026-03-18 22:28:07,small_pouch,-4.99,-350,1
TX000011101,157681,2026-03-18 22:40:31,starter_pouch,1.99,120,0
TX000004448,132627,2026-03-18 22:46:21,mega_vault,99.99,11000,0
TX000001880,159224,2026-03-18 23:07:29,mega_vault,99.99,11000,0
TX000014371,167597,2026-03-18 23:59:27,starter_pouch,1.99,120,0
TX000002094,115522,2026-03-18 23:59:56,small_pouch,4.99,350,0
TX000011274,143979,2026-03-18 23:59:56,large_chest,19.99,1800,0
TX000014655,100793,2026-03-18 23:59:56,medium_chest,9.99,800,0
TX000007300,116977,2026-03-18 23:59:56,large_chest,19.99,1800,0
TX000002232,161177,2026-03-19 06:12:01,starter_pouch,1.99,120,0
TX000007753,174003,2026-03-19 06:15:52,starter_pouch,1.99,120,0
TX000005350,120584,2026-03-19 06:22:20,medium_chest,9.99,800,0
TX000015253,156989,2026-03-19 07:14:59,large_chest,19.99,1800,0
TX000008895,108271,2026-03-19 07:57:21,starter_pouch,1.99,120,0
TX000007090,152232,2026-03-19 08:24:44,medium_chest,9.99,800,0
TX000000516,163611,2026-03-19 08:25:22,starter_pouch,1.99,120,0
TX000008646,137705,2026-03-19 08:36:58,medium_chest,9.99,800,0
TX000003211,146204,2026-03-19 08:42:50,large_chest,19.99,1800,0
TX000001377,141435,2026-03-19 08:49:09,starter_pouch,1.99,120,0
TX000003936,124142,2026-03-19 08:50:29,large_chest,19.99,1800,0
TX000002025,122689,2026-03-19 09:03:31,starter_pouch,1.99,120,0
TX000015033,127334,2026-03-19 09:51:21,small_pouch,4.99,350,0
TX000010373,166074,2026-03-19 10:04:30,large_chest,19.99,1800,0
TX000013763,166176,2026-03-19 10:14:19,small_pouch,4.99,350,0
TX000014452,179609,2026-03-19 10:29:54,medium_chest,9.99,800,0
TX000008556,114670,2026-03-19 10:36:18,vault,49.99,5000,0
TX000008682,116529,2026-03-19 10:47:06,starter_pouch,1.99,120,0
TX000003887,108670,2026-03-19 10:50:34,small_pouch,4.99,350,0
TX000015063,129221,2026-03-19 11:06:28,starter_pouch,1.99,120,0
TX000013812,162174,2026-03-19 11:12:21,small_pouch,4.99,350,0
TX000004552,133783,2026-03-19 11:17:47,vault,49.99,5000,0
TX000004380,176647,2026-03-19 11:18:55,small_pouch,4.99,350,0
TX000002836,153945,2026-03-19 11:22:14,medium_chest,9.99,800,0
TX000011711,130172,2026-03-19 11:47:19,medium_chest,9.99,800,0
TX000007796,142672,2026-03-19 11:55:15,medium_chest,-9.99,-800,0
TX000009559,177759,2026-03-19 12:07:17,starter_pouch,1.99,120,0
TX000012911,176259,2026-03-19 12:09:15,vault,49.99,5000,0
TX000006296,171145,2026-03-19 12:12:55,starter_pouch,1.99,120,0
TX000002405,173880,2026-03-19 12:34:23,starter_pouch,1.99,120,0
TX000012968,145604,2026-03-19 12:40:54,starter_pouch,1.99,120,0
TX000006831,153985,2026-03-19 12:45:16,large_chest,19.99,1800,0
TX000011301,105970,2026-03-19 13:08:18,small_pouch,4.99,350,0
TX000011300,166597,2026-03-19 13:17:51,medium_chest,9.99,800,0
TX000007700,179255,2026-03-19 13:20:12,vault,49.99,5000,0
TX000010443,117956,2026-03-19 13:36:26,large_chest,19.99,1800,0
TX000009131,123141,2026-03-19 13:40:47,large_chest,19.99,1800,0
TX000000149,141951,2026-03-19 13:46:29,large_chest,19.99,1800,0
TX000007348,158204,2026-03-19 13:46:47,small_pouch,4.99,350,0
TX000005120,121966,2026-03-19 13:52:26,small_pouch,4.99,350,0
TX000004330,141162,2026-03-19 14:00:04,small_pouch,4.99,350,0
TX000000321,134420,2026-03-19 14:06:38,starter_pouch,1.99,120,0
TX000004443,163411,2026-03-19 14:12:15,starter_pouch,1.99,120,0
TX000006534,139238,2026-03-19 14:23:43,starter_pouch,-1.99,-120,0
TX000004800,147288,2026-03-19 14:29:48,starter_pouch,1.99,120,0
TX000010884,109450,2026-03-19 14:58:58,medium_chest,9.99,800,0
TX000012526,119143,2026-03-19 15:00:39,medium_chest,9.99,800,0
TX000003819,115464,2026-03-19 15:03:25,starter_pouch,1.99,120,0
TX000007940,133534,2026-03-19 15:07:59,medium_chest,-9.99,-800,0
TX000002018,134018,2026-03-19 15:16:17,starter_pouch,1.99,120,0
TX000001673,111924,2026-03-19 15:26:04,starter_pouch,1.99,120,0
TX000015251,102736,2026-03-19 15:51:27,starter_pouch,1.99,120,0
TX000001014,100004,2026-03-19 15:53:01,starter_pouch,1.99,120,0
TX000002288,148683,2026-03-19 15:59:33,starter_pouch,1.99,120,0
TX000013115,153792,2026-03-19 16:06:29,small_pouch,4.99,350,0
TX000014159,123320,2026-03-19 16:11:19,starter_pouch,1.99,120,0
TX000001952,102901,2026-03-19 16:32:24,small_pouch,4.99,350,0
TX000002756,122085,2026-03-19 16:36:50,large_chest,19.99,1800,0
TX000011300,166597,2026-03-19 16:41:04,medium_chest,9.99,800,0
TX000011047,167839,2026-03-19 17:16:25,small_pouch,4.99,350,0
TX000013137,137308,2026-03-19 17:26:18,medium_chest,9.99,800,0
TX000000589,110797,2026-03-19 17:29:02,mega_vault,99.99,11000,0
TX000015184,144453,2026-03-19 17:37:01,starter_pouch,1.99,120,0
TX000008855,171746,2026-03-19 17:45:58,vault,49.99,5000,0
TX000004803,147972,2026-03-19 18:14:20,starter_pouch,1.99,120,0
TX000014595,130046,2026-03-19 18:20:37,starter_pouch,1.99,120,0
TX000008812,118067,2026-03-19 18:23:31,starter_pouch,1.99,120,0
TX000000924,150393,2026-03-19 18:24:58,medium_chest,9.99,800,0
TX000002121,145388,2026-03-19 18:29:30,starter_pouch,1.99,120,0
TX000002779,154313,2026-03-19 18:29:49,vault,49.99,5000,0
TX000010924,174881,2026-03-19 18:32:40,medium_chest,9.99,800,0
TX000013075,101019,2026-03-19 18:47:37,medium_chest,9.99,800,0
TX000001915,131946,2026-03-19 18:58:16,large_chest,19.99,1800,0
TX000007479,143525,2026-03-19 19:02:13,small_pouch,4.99,350,0
TX000006237,162842,2026-03-19 19:03:49,small_pouch,4.99,350,0
TX000005767,160338,2026-03-19 19:18:17,medium_chest,9.99,800,0
TX000000968,121197,2026-03-19 19:27:14,vault,49.99,5000,0
TX000006172,111125,2026-03-19 19:27:22,starter_pouch,1.99,120,0
TX000012473,145125,2026-03-19 19:33:56,large_chest,19.99,1800,0
TX000006190,134516,2026-03-19 19:36:40,medium_chest,9.99,800,0
TX000003665,173379,2026-03-19 19:47:38,small_pouch,4.99,350,0
TX000002186,162892,2026-03-19 19:51:20,starter_pouch,1.99,120,0
TX000010338,152312,2026-03-19 20:01:15,medium_chest,9.99,800,0
TX000006739,112340,2026-03-19 20:01:23,starter_pouch,1.99,120,0
TX000009333,171622,2026-03-19 20:02:25,large_chest,19.99,1800,0
TX000011371,104078,2026-03-19 20:04:06,small_pouch,4.99,350,0
TX000001974,115860,2026-03-19 20:05:33,starter_pouch,1.99,120,0
TX000014084,104694,2026-03-19 20:08:54,medium_chest,9.99,800,0
TX000003210,139374,2026-03-19 20:10:33,medium_chest,9.99,800,0
TX000004632,122067,2026-03-19 20:15:46,starter_pouch,1.99,120,0
TX000010225,148595,2026-03-19 20:24:40,vault,49.99,5000,0
TX000007757,157745,2026-03-19 20:29:22,small_pouch,4.99,350,0
TX000010533,111895,2026-03-19 20:45:55,medium_chest,9.99,800,0
TX000007155,102289,2026-03-19 20:46:40,small_pouch,4.99,350,0
TX000015144,169471,2026-03-19 20:50:43,large_chest,19.99,1800,0
TX000008556,114670,2026-03-19 20:55:23,vault,49.99,5000,0
TX000014969,139439,2026-03-19 20:56:10,medium_chest,9.99,800,0
TX000010099,119610,2026-03-19 21:11:03,large_chest,19.99,1800,0
TX000001321,150227,2026-03-19 21:25:05,medium_chest,9.99,800,0
TX000000492,169544,2026-03-19 21:31:51,large_chest,19.99,1800,0
TX000011956,132338,2026-03-19 21:35:07,large_chest,19.99,1800,0
TX000013126,146938,2026-03-19 21:55:09,starter_pouch,1.99,120,0
TX000010186,128576,2026-03-19 22:05:27,starter_pouch,1.99,120,0
TX000004189,167471,2026-03-19 22:08:13,starter_pouch,1.99,120,0
TX000004607,173909,2026-03-19 22:28:58,mega_vault,99.99,11000,0
TX000012039,166622,2026-03-19 22:50:55,large_chest,19.99,1800,0
TX000014909,149602,2026-03-19 22:59:49,starter_pouch,1.99,120,0
TX000010480,171939,2026-03-19 23:10:11,medium_chest,9.99,800,0
TX000012013,128099,2026-03-19 23:14:50,small_pouch,4.99,350,0
TX000012283,100167,2026-03-19 23:26:40,large_chest,19.99,1800,0
TX000003763,134205,2026-03-19 23:43:06,vault,49.99,5000,0
TX000005194,152992,2026-03-19 23:59:56,small_pouch,4.99,350,0
TX000013975,134632,2026-03-19 23:59:56,starter_pouch,1.99,120,0
TX000003739,120520,2026-03-19 23:59:56,large_chest,19.99,1800,0
TX000004641,102513,2026-03-19 23:59:56,small_pouch,4.99,350,0
TX000001988,125032,2026-03-20 06:28:36,starter_pouch,1.99,120,0
TX000011438,140635,2026-03-20 06:38:41,small_pouch,4.99,350,0
TX000006184,121664,2026-03-20 07:23:00,medium_chest,9.99,800,0
TX000013925,125209,2026-03-20 07:26:36,medium_chest,9.99,800,0
TX000006993,118573,2026-03-20 07:30:10,medium_chest,9.99,800,0
TX000011541,174158,2026-03-20 07:33:49,small_pouch,4.99,350,0
TX000011627,176694,2026-03-20 07:46:35,starter_pouch,1.99,120,0
TX000002057,174612,2026-03-20 10:15:15,medium_chest,9.99,800,0
TX000005686,172184,2026-03-20 10:38:43,small_pouch,4.99,350,0
TX000006242,135614,2026-03-20 10:50:07,medium_chest,9.99,800,0
TX000003057,104607,2026-03-20 10:51:35,starter_pouch,-1.99,-120,0
TX000004228,133963,2026-03-20 11:01:08,vault,49.99,5000,0
TX000008203,135471,2026-03-20 12:07:35,mega_vault,99.99,11000,0
TX000000771,105838,2026-03-20 12:08:59,small_pouch,4.99,350,0
TX000005806,118527,2026-03-20 12:13:21,small_pouch,4.99,350,0
TX000008873,156822,2026-03-20 13:23:20,medium_chest,9.99,800,0
TX000006686,128610,2026-03-20 13:31:42,small_pouch,4.99,350,0
TX000002192,134895,2026-03-20 13:40:02,vault,49.99,5000,0
TX000002520,176118,2026-03-20 15:02:22,vault,49.99,5000,0
TX000013973,108429,2026-03-20 15:07:14,small_pouch,4.99,350,0
TX000015150,121276,2026-03-20 15:25:23,starter_pouch,1.99,120,0
TX000006778,148799,2026-03-20 15:56:44,medium_chest,9.99,800,0
TX000012320,134463,2026-03-20 16:04:24,small_pouch,4.99,350,0
TX000001136,165746,2026-03-20 16:14:25,small_pouch,4.99,350,0
TX000010177,121850,2026-03-20 16:21:03,small_pouch,4.99,350,0
TX000014012,143550,2026-03-20 16:40:47,large_chest,19.99,1800,0
TX000004787,172821,2026-03-20 17:37:40,vault,49.99,5000,0
TX000006204,123866,2026-03-20 17:52:25,starter_pouch,1.99,120,0
TX000007674,162194,2026-03-20 17:52:44,medium_chest,9.99,800,0
TX000010566,133192,2026-03-20 18:03:14,starter_pouch,1.99,120,0
TX000009220,178172,2026-03-20 18:06:25,large_chest,19.99,1800,0
TX000009287,111866,2026-03-20 18:07:32,vault,49.99,5000,0
TX000005959,158685,2026-03-20 18:31:13,small_pouch,4.99,350,0
TX000013084,145497,2026-03-20 18:54:27,starter_pouch,-1.99,-120,0
TX000013559,104191,2026-03-20 19:04:48,vault,49.99,5000,0
TX000006826,127694,2026-03-20 19:05:37,small_pouch,4.99,350,0
TX000012940,136362,2026-03-20 19:41:45,small_pouch,4.99,350,0
TX000006992,174632,2026-03-20 19:43:17,small_pouch,4.99,350,0
TX000015267,115464,2026-03-20 19:56:14,mega_vault,99.99,11000,0
TX000001814,140173,2026-03-20 19:56:47,starter_pouch,1.99,120,0
TX000000993,172942,2026-03-20 20:02:42,vault,49.99,5000,0
TX000002938,135783,2026-03-20 20:09:05,large_chest,19.99,1800,0
TX000009937,151190,2026-03-20 20:16:34,starter_pouch,1.99,120,0
TX000010006,176779,2026-03-20 20:31:34,large_chest,19.99,1800,0
TX000011050,113629,2026-03-20 20:43:55,starter_pouch,1.99,120,0
TX000010958,152232,2026-03-20 20:44:25,starter_pouch,1.99,120,0
TX000010444,101078,2026-03-20 21:39:41,starter_pouch,1.99,120,0
TX000001919,164300,2026-03-20 21:58:11,large_chest,19.99,1800,0
TX000000618,112159,2026-03-20 22:09:12,small_pouch,4.99,350,0
TX000005559,149246,2026-03-20 22:16:29,starter_pouch,1.99,120,0
TX000015040,100987,2026-03-20 22:19:31,starter_pouch,1.99,120,0
TX000006245,146204,2026-03-20 22:31:42,large_chest,-19.99,-1800,0
TX000001636,107787,2026-03-20 22:38:19,small_pouch,4.99,350,0
TX000011431,154144,2026-03-20 22:39:15,starter_pouch,1.99,120,0
TX000010942,140515,2026-03-20 22:41:31,mega_vault,99.99,11000,0
TX000002491,134141,2026-03-20 23:02:10,medium_chest,9.99,800,0
TX000009420,157496,2026-03-20 23:59:56,small_pouch,-4.99,-350,0
TX000012377,117199,2026-03-20 23:59:56,medium_chest,9.99,800,0
TX000007593,138836,2026-03-21 06:02:17,large_chest,19.99,1800,0
TX000008409,135555,2026-03-21 06:29:45,large_chest,19.99,1800,0
TX000000572,123712,2026-03-21 06:32:05,medium_chest,9.99,800,0
TX000005912,143735,2026-03-21 07:09:20,vault,49.99,5000,0
TX000002341,122530,2026-03-21 07:44:50,medium_chest,9.99,800,0
TX000012146,172867,2026-03-21 08:11:16,starter_pouch,1.99,120,0
TX000002123,113283,2026-03-21 08:32:28,medium_chest,9.99,800,0
TX000007438,159102,2026-03-21 08:55:15,small_pouch,4.99,350,0
TX000014825,129143,2026-03-21 08:59:31,small_pouch,4.99,350,0
TX000007157,142410,2026-03-21 09:43:27,large_chest,19.99,1800,0
TX000009207,122325,2026-03-21 10:36:19,small_pouch,4.99,350,0
TX000006732,124896,2026-03-21 10:42:55,starter_pouch,1.99,120,0
TX000002070,105461,2026-03-21 11:06:07,small_pouch,4.99,350,0
TX000006755,167073,2026-03-21 11:19:52,mega_vault,99.99,11000,0
TX000000128,115808,2026-03-21 11:20:17,large_chest,19.99,1800,0
TX000015151,115515,2026-03-21 11:26:14,large_chest,-19.99,-1800,0
TX000006209,132587,2026-03-21 11:42:12,starter_pouch,1.99,120,0
TX000005399,106543,2026-03-21 12:27:01,large_chest,19.99,1800,0
TX000012016,140942,2026-03-21 12:32:22,starter_pouch,1.99,120,0
TX000011175,104205,2026-03-21 12:54:57,starter_pouch,1.99,120,0
TX000004335,131220,2026-03-21 13:55:28,small_pouch,4.99,350,0
TX000006234,117437,2026-03-21 14:41:57,vault,49.99,5000,0
TX000009193,172225,2026-03-21 15:19:20,starter_pouch,1.99,120,0
TX000013366,161861,2026-03-21 15:39:01,large_chest,19.99,1800,0
TX000005314,119628,2026-03-21 15:57:45,small_pouch,4.99,350,0
TX000011119,112925,2026-03-21 16:08:23,large_chest,19.99,1800,0
TX000004061,177318,2026-03-21 16:17:21,small_pouch,4.99,350,0
TX000002207,107604,2026-03-21 16:19:42,small_pouch,4.99,350,0
TX000015105,165959,2026-03-21 16:21:20,starter_pouch,1.99,120,0
TX000014779,105792,2026-03-21 16:47:29,small_pouch,4.99,350,0
TX000004351,112220,2026-03-21 16:50:59,small_pouch,4.99,350,0
TX000000170,157747,2026-03-21 17:06:40,large_chest,19.99,1800,0
TX000007301,137942,2026-03-21 17:15:46,vault,49.99,5000,0
TX000003096,115707,2026-03-21 17:18:33,large_chest,19.99,1800,0
TX000009427,165024,2026-03-21 17:45:16,vault,-49.99,-5000,0
TX000008886,170754,2026-03-21 17:45:35,starter_pouch,1.99,120,0
TX000002612,114827,2026-03-21 17:46:31,medium_chest,9.99,800,0
TX000015278,106059,2026-03-21 17:54:09,large_chest,19.99,1800,0
TX000011362,131946,2026-03-21 17:54:51,starter_pouch,1.99,120,0
TX000002780,178862,2026-03-21 18:02:19,starter_pouch,1.99,120,0
TX000005010,175518,2026-03-21 18:04:12,starter_pouch,1.99,120,0
TX000012826,149857,2026-03-21 18:20:30,vault,49.99,5000,0
TX000003976,175411,2026-03-21 18:40:45,starter_pouch,1.99,120,0
TX000003281,171972,2026-03-21 18:41:11,small_pouch,4.99,350,0
TX000012359,104989,2026-03-21 19:16:32,large_chest,19.99,1800,0
TX000014230,169162,2026-03-21 19:17:01,vault,49.99,5000,0
TX000006810,128982,2026-03-21 19:43:48,medium_chest,9.99,800,0
TX000000963,176974,2026-03-21 20:17:58,large_chest,19.99,1800,0
TX000002066,119173,2026-03-21 20:21:30,small_pouch,4.99,350,0
TX000001024,108966,2026-03-21 20:29:51,small_pouch,4.99,350,0
TX000003901,104986,2026-03-21 20:51:17,large_chest,-19.99,-1800,0
TX000009357,147272,2026-03-21 21:00:17,medium_chest,9.99,800,0
TX000011944,145297,2026-03-21 21:06:22,medium_chest,9.99,800,0
TX000005584,116528,2026-03-21 21:24:29,starter_pouch,1.99,120,0
TX000011119,112925,2026-03-21 21:25:25,large_chest,19.99,1800,0
TX000011185,137731,2026-03-21 21:30:13,large_chest,19.99,1800,0
TX000002226,179938,2026-03-21 21:39:12,small_pouch,4.99,350,0
TX000007541,163563,2026-03-21 21:48:12,medium_chest,9.99,800,0
TX000008586,156419,2026-03-21 22:14:15,starter_pouch,1.99,120,0
TX000014353,168001,2026-03-21 22:16:45,medium_chest,9.99,800,0
TX000004206,156167,2026-03-21 22:38:29,mega_vault,99.99,11000,0
TX000007065,138617,2026-03-21 22:51:14,medium_chest,9.99,800,0
TX000006772,137828,2026-03-21 22:51:25,medium_chest,9.99,800,0
TX000012058,154589,2026-03-21 23:06:05,starter_pouch,1.99,120,0
TX000009715,179454,2026-03-21 23:06:30,medium_chest,9.99,800,0
TX000013738,122519,2026-03-21 23:12:54,starter_pouch,1.99,120,0
TX000015169,168687,2026-03-21 23:31:00,starter_pouch,1.99,120,0
TX000004268,118594,2026-03-21 23:59:56,medium_chest,9.99,800,0
TX000005450,153427,2026-03-21 23:59:56,medium_chest,9.99,800,0
TX000007958,169374,2026-03-22 06:04:45,mega_vault,99.99,11000,0
TX000004171,121664,2026-03-22 06:18:35,medium_chest,-9.99,-800,0
TX000012049,110912,2026-03-22 06:20:25,starter_pouch,1.99,120,0
TX000003169,152676,2026-03-22 06:28:47,large_chest,19.99,1800,0
TX000000087,112890,2026-03-22 07:31:29,starter_pouch,1.99,120,0
TX000008463,174114,2026-03-22 07:31:50,starter_pouch,1.99,120,0
TX000012900,125162,2026-03-22 07:58:50,vault,49.99,5000,0
TX000012618,154030,2026-03-22 10:02:47,starter_pouch,1.99,120,0
TX000014343,167400,2026-03-22 10:18:44,medium_chest,9.99,800,0
TX000009000,136348,2026-03-22 10:21:18,vault,49.99,5000,0
TX000001726,120306,2026-03-22 10:37:54,medium_chest,9.99,800,0
TX000010788,160226,2026-03-22 10:40:10,medium_chest,9.99,800,0
TX000005398,130664,2026-03-22 11:24:19,large_chest,19.99,1800,0
TX000004863,109281,2026-03-22 11:50:44,large_chest,19.99,1800,0
TX000007424,114458,2026-03-22 12:23:47,vault,49.99,5000,0
TX000003785,147542,2026-03-22 13:14:49,small_pouch,4.99,350,0
TX000013065,152440,2026-03-22 13:16:59,starter_pouch,1.99,120,0
TX000005323,180014,2026-03-22 13:40:51,small_pouch,4.99,350,0
TX000006066,179334,2026-03-22 13:47:55,large_chest,19.99,1800,0
TX000009789,159540,2026-03-22 14:09:14,small_pouch,4.99,350,0
TX000009217,147338,2026-03-22 14:13:16,large_chest,19.99,1800,0
TX000004994,118842,2026-03-22 14:37:57,starter_pouch,1.99,120,0
TX000013966,177281,2026-03-22 14:56:44,small_pouch,4.99,350,0
TX000010416,138093,2026-03-22 15:09:41,vault,49.99,5000,0
TX000005594,131176,2026-03-22 15:09:46,small_pouch,4.99,350,0
TX000004818,118064,2026-03-22 15:18:03,starter_pouch,1.99,120,0
TX000008848,179266,2026-03-22 15:47:10,vault,49.99,5000,0
TX000001639,143322,2026-03-22 16:11:33,large_chest,19.99,1800,0
TX000002886,152476,2026-03-22 16:36:22,small_pouch,4.99,350,0
TX000001754,157557,2026-03-22 16:41:00,starter_pouch,1.99,120,0
TX000005546,128662,2026-03-22 16:44:42,medium_chest,9.99,800,0
TX000000265,137299,2026-03-22 16:48:46,mega_vault,99.99,11000,0
TX000007279,150185,2026-03-22 16:58:57,mega_vault,99.99,11000,0
TX000012862,130278,2026-03-22 17:22:44,medium_chest,9.99,800,0
TX000009375,145374,2026-03-22 17:34:11,starter_pouch,1.99,120,0
TX000013365,116041,2026-03-22 18:31:53,mega_vault,99.99,11000,0
TX000008152,130656,2026-03-22 18:38:13,small_pouch,4.99,350,0
TX000001705,151780,2026-03-22 18:42:03,medium_chest,9.99,800,0
TX000005617,175880,2026-03-22 19:11:43,large_chest,19.99,1800,0
TX000005612,109229,2026-03-22 19:14:53,medium_chest,9.99,800,0
TX000004707,113607,2026-03-22 19:23:35,large_chest,19.99,1800,0
TX000001150,143236,2026-03-22 19:29:45,starter_pouch,1.99,120,0
TX000000723,117014,2026-03-22 19:35:48,small_pouch,4.99,350,0
TX000013098,128690,2026-03-22 19:37:36,medium_chest,9.99,800,0
TX000010667,142485,2026-03-22 19:47:16,starter_pouch,1.99,120,0
TX000003553,106543,2026-03-22 19:50:21,large_chest,19.99,1800,0
TX000013618,142838,2026-03-22 20:09:18,small_pouch,4.99,350,0
TX000010590,178407,2026-03-22 20:49:18,medium_chest,9.99,800,0
TX000014178,104827,2026-03-22 21:07:58,starter_pouch,1.99,120,0
TX000000879,116119,2026-03-22 21:10:08,large_chest,19.99,1800,0
TX000002531,175446,2026-03-22 21:31:28,starter_pouch,1.99,120,0
TX000003013,100354,2026-03-22 21:48:49,vault,49.99,5000,0
TX000008230,175935,2026-03-22 22:47:54,medium_chest,9.99,800,0
TX000010176,137302,2026-03-22 23:00:59,medium_chest,9.99,800,0
TX000001034,111937,2026-03-22 23:02:14,small_pouch,4.99,350,0
TX000005853,134425,2026-03-22 23:23:36,small_pouch,4.99,350,0
TX000004134,139427,2026-03-22 23:33:52,medium_chest,9.99,800,0
TX000006565,113522,2026-03-22 23:59:56,medium_chest,9.99,800,0
TX000011239,158605,2026-03-23 06:07:48,vault,49.99,5000,0
TX000009062,164153,2026-03-23 06:57:49,medium_chest,9.99,800,0
TX000012505,135373,2026-03-23 08:54:52,medium_chest,9.99,800,0
TX000002321,163532,2026-03-23 09:09:39,small_pouch,4.99,350,0
TX000011425,145264,2026-03-23 09:14:46,large_chest,19.99,1800,0
TX000008021,146818,2026-03-23 09:49:39,medium_chest,9.99,800,0
TX000001669,113792,2026-03-23 10:35:09,small_pouch,4.99,350,0
TX000003119,154044,2026-03-23 11:45:12,small_pouch,4.99,350,0
TX000003347,179515,2026-03-23 12:09:29,medium_chest,9.99,800,0
TX000009074,136522,2026-03-23 12:16:08,small_pouch,4.99,350,0
TX000000687,136619,2026-03-23 12:46:56,large_chest,19.99,1800,0
TX000000960,106958,2026-03-23 13:25:06,large_chest,19.99,1800,0
TX000003769,150393,2026-03-23 15:19:11,medium_chest,-9.99,-800,0
TX000006015,109725,2026-03-23 15:25:42,small_pouch,4.99,350,0
TX000004574,166625,2026-03-23 15:42:31,starter_pouch,1.99,120,0
TX000001645,156266,2026-03-23 15:48:12,small_pouch,4.99,350,0
TX000013590,118135,2026-03-23 15:55:27,vault,49.99,5000,0
TX000000996,168279,2026-03-23 16:02:55,vault,49.99,5000,0
TX000007816,142408,2026-03-23 16:14:11,medium_chest,9.99,800,0
TX000001190,112011,2026-03-23 16:14:45,starter_pouch,1.99,120,0
TX000001652,139791,2026-03-23 16:15:23,starter_pouch,1.99,120,0
TX000008438,136017,2026-03-23 16:17:19,medium_chest,9.99,800,0
TX000003871,151589,2026-03-23 17:01:24,starter_pouch,1.99,120,0
TX000006942,136718,2026-03-23 17:06:47,vault,49.99,5000,0
TX000011806,114814,2026-03-23 17:12:27,medium_chest,9.99,800,0
TX000013081,152219,2026-03-23 17:45:10,small_pouch,4.99,350,0
TX000013131,127415,2026-03-23 17:52:46,medium_chest,9.99,800,0
TX000005208,166065,2026-03-23 17:58:38,medium_chest,9.99,800,0
TX000006952,178932,2026-03-23 18:07:12,medium_chest,9.99,800,0
TX000007863,146611,2026-03-23 18:18:34,large_chest,19.99,1800,0
TX000014935,149105,2026-03-23 18:20:01,small_pouch,4.99,350,0
TX000012630,176401,2026-03-23 18:45:21,starter_pouch,1.99,120,0
TX000007259,177463,2026-03-23 18:45:48,small_pouch,4.99,350,0
TX000011807,134391,2026-03-23 18:54:11,small_pouch,4.99,350,0
TX000001975,113996,2026-03-23 18:55:55,small_pouch,4.99,350,0
TX000009738,115142,2026-03-23 19:27:34,starter_pouch,1.99,120,0
TX000011737,145997,2026-03-23 19:29:39,small_pouch,4.99,350,0
TX000003775,153615,2026-03-23 19:31:41,starter_pouch,1.99,120,0
TX000001859,177810,2026-03-23 19:48:39,large_chest,19.99,1800,0
TX000004146,169646,2026-03-23 20:00:53,small_pouch,4.99,350,0
TX000007448,171200,2026-03-23 20:20:09,starter_pouch,1.99,120,0
TX000009361,116529,2026-03-23 20:23:54,starter_pouch,-1.99,-120,0
TX000009541,175880,2026-03-23 20:26:40,vault,49.99,5000,0
TX000001233,114315,2026-03-23 20:29:21,small_pouch,4.99,350,0
TX000010058,115242,2026-03-23 20:33:09,large_chest,19.99,1800,0
TX000003643,139602,2026-03-23 20:56:30,small_pouch,4.99,350,0
TX000002987,162644,2026-03-23 21:08:46,large_chest,19.99,1800,0
TX000001800,178494,2026-03-23 21:13:56,medium_chest,9.99,800,0
TX000003794,126721,2026-03-23 21:16:53,small_pouch,4.99,350,0
TX000000848,159922,2026-03-23 21:17:01,large_chest,19.99,1800,0
TX000010889,102129,2026-03-23 21:24:04,mega_vault,99.99,11000,0
TX000012612,115940,2026-03-23 21:37:24,small_pouch,4.99,350,0
TX000000807,148012,2026-03-23 21:55:13,large_chest,19.99,1800,0
TX000011120,179961,2026-03-23 22:14:18,medium_chest,9.99,800,0
TX000001586,172988,2026-03-23 22:15:34,starter_pouch,1.99,120,0
TX000012363,161362,2026-03-23 22:20:02,large_chest,19.99,1800,0
TX000005295,117264,2026-03-23 22:21:32,starter_pouch,1.99,120,0
TX000001788,118109,2026-03-23 22:39:56,medium_chest,9.99,800,0
TX000006292,177727,2026-03-23 22:42:54,small_pouch,4.99,350,0
TX000000223,155994,2026-03-23 22:50:25,starter_pouch,1.99,120,0
TX000009315,171732,2026-03-23 23:53:19,small_pouch,4.99,350,0
TX000005423,125995,2026-03-23 23:59:56,small_pouch,4.99,350,0
TX000008701,116431,2026-03-24 06:00:30,starter_pouch,1.99,120,1
TX000004970,120395,2026-03-24 06:05:42,small_pouch,4.99,350,1
TX000005380,128298,2026-03-24 06:06:18,vault,49.99,5000,1
TX000003747,106760,2026-03-24 06:10:30,small_pouch,4.99,350,1
TX000006262,112758,2026-03-24 06:11:28,small_pouch,4.99,350,1
TX000009235,156469,2026-03-24 06:18:53,small_pouch,4.99,350,1
TX000015248,135995,2026-03-24 06:20:38,starter_pouch,1.99,120,1
TX000002149,143332,2026-03-24 06:24:03,medium_chest,9.99,800,1
TX000005309,163813,2026-03-24 06:26:11,starter_pouch,1.99,120,1
TX000006088,135995,2026-03-24 06:30:23,medium_chest,9.99,800,1
TX000000701,115515,2026-03-24 06:38:53,medium_chest,9.99,800,1
TX000015084,166783,2026-03-24 06:41:17,vault,49.99,5000,1
TX000001886,172968,2026-03-24 06:41:46,mega_vault,99.99,11000,1
TX000001068,167007,2026-03-24 06:47:10,small_pouch,4.99,350,1
TX000012439,160711,2026-03-24 06:55:23,mega_vault,99.99,11000,1
TX000001924,116780,2026-03-24 06:57:21,starter_pouch,1.99,120,1
TX000011555,115848,2026-03-24 06:57:32,starter_pouch,1.99,120,1
TX000014430,116200,2026-03-24 07:01:20,starter_pouch,1.99,120,1
TX000007412,154191,2026-03-24 07:01:58,small_pouch,4.99,350,1
TX000006664,123628,2026-03-24 07:02:31,small_pouch,4.99,350,1
TX000005479,118932,2026-03-24 07:04:56,small_pouch,4.99,350,1
TX000009248,160046,2026-03-24 07:17:58,small_pouch,4.99,350,1
TX000000176,110155,2026-03-24 07:22:50,vault,49.99,5000,1
TX000009032,127019,2026-03-24 07:25:17,mega_vault,99.99,11000,1
TX000004388,149689,2026-03-24 07:25:46,starter_pouch,1.99,120,1
TX000009225,143097,2026-03-24 07:36:36,medium_chest,9.99,800,1
TX000005192,103835,2026-03-24 07:41:14,medium_chest,9.99,800,1
TX000002877,101610,2026-03-24 07:42:03,small_pouch,4.99,350,1
TX000010121,124171,2026-03-24 07:45:07,starter_pouch,1.99,120,1
TX000006425,171776,2026-03-24 07:45:07,small_pouch,4.99,350,1
TX000004489,146959,2026-03-24 07:45:15,starter_pouch,1.99,120,1
TX000003365,152748,2026-03-24 07:47:24,vault,49.99,5000,1
TX000004692,171602,2026-03-24 07:48:32,large_chest,19.99,1800,1
TX000004663,170046,2026-03-24 07:56:17,small_pouch,4.99,350,1
TX000007104,158446,2026-03-24 08:06:17,starter_pouch,1.99,120,1
TX000008498,132932,2026-03-24 08:14:13,starter_pouch,1.99,120,1
TX000003203,112642,2026-03-24 08:26:11,medium_chest,9.99,800,1
TX000006152,173276,2026-03-24 08:30:11,starter_pouch,1.99,120,1
TX000006569,101985,2026-03-24 08:38:23,vault,49.99,5000,1
TX000001590,156171,2026-03-24 08:40:10,medium_chest,9.99,800,1
TX000007068,150854,2026-03-24 08:49:26,starter_pouch,1.99,120,1
TX000005662,179601,2026-03-24 08:51:15,small_pouch,4.99,350,1
TX000012866,161140,2026-03-24 08:59:29,small_pouch,4.99,350,1
TX000004453,127948,2026-03-24 09:04:02,small_pouch,4.99,350,1
TX000003417,139153,2026-03-24 09:09:14,large_chest,19.99,1800,1
TX000014168,160739,2026-03-24 09:10:29,small_pouch,4.99,350,1
TX000008244,159101,2026-03-24 09:13:39,small_pouch,4.99,350,1
TX000007861,165150,2026-03-24 09:21:54,medium_chest,9.99,800,1
TX000000091,124038,2026-03-24 09:35:23,vault,49.99,5000,1
TX000006709,177949,2026-03-24 09:36:16,large_chest,19.99,1800,1
TX000008018,166718,2026-03-24 09:36:23,small_pouch,4.99,350,1
TX000000989,127112,2026-03-24 09:39:30,small_pouch,4.99,350,1
TX000003712,120208,2026-03-24 09:43:30,small_pouch,4.99,350,1
TX000002956,130634,2026-03-24 09:46:37,starter_pouch,1.99,120,1
TX000010059,151967,2026-03-24 09:47:16,medium_chest,9.99,800,1
TX000002815,122984,2026-03-24 09:48:08,large_chest,19.99,1800,1
TX000007304,136095,2026-03-24 09:54:38,small_pouch,4.99,350,1
TX000002789,153914,2026-03-24 10:01:59,medium_chest,9.99,800,1
TX000002067,174520,2026-03-24 10:08:43,medium_chest,9.99,800,1
TX000001536,131998,2026-03-24 10:14:07,small_pouch,4.99,350,1
TX000006010,171878,2026-03-24 10:16:49,starter_pouch,1.99,120,1
TX000012034,115083,2026-03-24 10:20:49,starter_pouch,1.99,120,1
TX000013120,100553,2026-03-24 10:26:49,medium_chest,9.99,800,1
TX000008651,178272,2026-03-24 10:29:31,small_pouch,4.99,350,1
TX000008934,134147,2026-03-24 10:30:34,small_pouch,4.99,350,1
TX000006240,179907,2026-03-24 10:32:45,small_pouch,4.99,350,1
TX000000979,117907,2026-03-24 10:34:28,vault,49.99,5000,1
TX000011374,146676,2026-03-24 10:34:52,mega_vault,99.99,11000,1
TX000013625,163461,2026-03-24 10:39:28,large_chest,19.99,1800,1
TX000011634,152889,2026-03-24 10:39:56,vault,49.99,5000,1
TX000011557,123829,2026-03-24 10:42:06,starter_pouch,1.99,120,1
TX000010702,132855,2026-03-24 10:51:05,mega_vault,99.99,11000,1
TX000000907,108550,2026-03-24 10:51:36,vault,49.99,5000,1
TX000014649,118219,2026-03-24 10:53:57,medium_chest,9.99,800,1
TX000009507,142581,2026-03-24 10:54:50,starter_pouch,1.99,120,1
TX000010690,130731,2026-03-24 10:55:39,large_chest,19.99,1800,1
TX000005902,141767,2026-03-24 10:59:00,small_pouch,4.99,350,1
TX000003942,164591,2026-03-24 10:59:21,large_chest,19.99,1800,1
TX000000918,134501,2026-03-24 11:02:06,medium_chest,9.99,800,1
TX000015024,153445,2026-03-24 11:02:46,medium_chest,9.99,800,1
TX000004877,129826,2026-03-24 11:08:35,large_chest,19.99,1800,1
TX000009484,131650,2026-03-24 11:19:02,large_chest,19.99,1800,1
TX000009856,174143,2026-03-24 11:23:11,small_pouch,4.99,350,1
TX000011850,145260,2026-03-24 11:23:17,starter_pouch,1.99,120,1
TX000005427,114936,2026-03-24 11:32:53,starter_pouch,1.99,120,1
TX000007221,160821,2026-03-24 11:34:26,large_chest,19.99,1800,1
TX000005999,127469,2026-03-24 11:50:27,large_chest,19.99,1800,1
TX000006643,171228,2026-03-24 11:50:52,small_pouch,4.99,350,1
TX000003744,127968,2026-03-24 11:52:31,medium_chest,9.99,800,1
TX000006997,109191,2026-03-24 11:55:40,medium_chest,9.99,800,1
TX000009365,109533,2026-03-24 11:58:57,large_chest,19.99,1800,1
TX000012674,171732,2026-03-24 12:00:20,starter_pouch,1.99,120,1
TX000014618,179760,2026-03-24 12:00:27,medium_chest,9.99,800,1
TX000011614,160319,2026-03-24 12:04:50,large_chest,19.99,1800,1
TX000003913,172665,2026-03-24 12:08:18,small_pouch,4.99,350,1
TX000008795,150398,2026-03-24 12:19:10,starter_pouch,1.99,120,1
TX000008610,117377,2026-03-24 12:19:13,small_pouch,4.99,350,1
TX000011721,169579,2026-03-24 12:28:35,medium_chest,9.99,800,1
TX000005465,166251,2026-03-24 12:44:20,small_pouch,4.99,350,1
TX000011134,155531,2026-03-24 12:44:21,starter_pouch,1.99,120,1
TX000005660,131764,2026-03-24 12:51:55,small_pouch,4.99,350,1
TX000002517,179928,2026-03-24 12:55:09,small_pouch,4.99,350,1
TX000003995,151475,2026-03-24 13:01:51,large_chest,19.99,1800,1
TX000011231,112229,2026-03-24 13:03:06,starter_pouch,1.99,120,1
TX000004992,149772,2026-03-24 13:03:31,large_chest,19.99,1800,1
TX000006818,152021,2026-03-24 13:03:33,small_pouch,4.99,350,1
TX000013225,120850,2026-03-24 13:11:12,starter_pouch,1.99,120,1
TX000004131,124352,2026-03-24 13:12:01,medium_chest,9.99,800,1
TX000009198,162706,2026-03-24 13:12:42,starter_pouch,1.99,120,1
TX000003134,156265,2026-03-24 13:19:11,mega_vault,99.99,11000,1
TX000006003,150828,2026-03-24 13:23:48,large_chest,19.99,1800,1
TX000000685,125367,2026-03-24 13:24:34,small_pouch,4.99,350,1
TX000003271,175619,2026-03-24 13:28:15,large_chest,19.99,1800,1
TX000009526,168626,2026-03-24 13:29:12,small_pouch,4.99,350,1
TX000014123,166654,2026-03-24 13:30:13,small_pouch,4.99,350,1
TX000003518,125644,2026-03-24 13:36:55,starter_pouch,1.99,120,1
TX000003349,117825,2026-03-24 13:42:34,medium_chest,9.99,800,1
TX000001276,163896,2026-03-24 13:45:06,medium_chest,9.99,800,1
TX000004620,172660,2026-03-24 13:49:07,medium_chest,9.99,800,1
TX000011788,144808,2026-03-24 13:51:53,starter_pouch,1.99,120,1
TX000000554,124416,2026-03-24 13:54:15,medium_chest,9.99,800,1
TX000004447,150657,2026-03-24 14:01:36,vault,49.99,5000,1
TX000012651,163252,2026-03-24 14:08:14,large_chest,19.99,1800,1
TX000000290,152209,2026-03-24 14:09:15,large_chest,19.99,1800,1
TX000006614,118065,2026-03-24 14:09:34,large_chest,19.99,1800,1
TX000010061,144870,2026-03-24 14:18:40,medium_chest,9.99,800,1
TX000005852,169722,2026-03-24 14:21:29,medium_chest,9.99,800,1
TX000013387,173753,2026-03-24 14:25:11,starter_pouch,1.99,120,1
TX000010607,101079,2026-03-24 14:29:06,small_pouch,4.99,350,1
TX000007079,116971,2026-03-24 14:39:36,small_pouch,4.99,350,1
TX000002994,121973,2026-03-24 14:41:22,small_pouch,4.99,350,1
TX000005800,168077,2026-03-24 14:42:56,starter_pouch,1.99,120,1
TX000007893,129168,2026-03-24 14:47:04,vault,49.99,5000,1
TX000004636,141521,2026-03-24 14:47:11,medium_chest,9.99,800,1
TX000007396,112011,2026-03-24 14:49:01,medium_chest,9.99,800,1
TX000000802,117168,2026-03-24 14:53:09,starter_pouch,1.99,120,1
TX000011351,175826,2026-03-24 14:53:41,medium_chest,9.99,800,1
TX000004181,164696,2026-03-24 14:54:32,starter_pouch,1.99,120,1
TX000011835,166023,2026-03-24 14:57:43,small_pouch,4.99,350,1
TX000013952,143332,2026-03-24 14:59:45,medium_chest,9.99,800,1
TX000008865,118888,2026-03-24 15:03:52,medium_chest,9.99,800,1
TX000005288,124701,2026-03-24 15:06:21,large_chest,19.99,1800,1
TX000002077,170415,2026-03-24 15:08:30,small_pouch,4.99,350,1
TX000000910,169813,2026-03-24 15:16:15,starter_pouch,1.99,120,1
TX000000660,139907,2026-03-24 15:20:53,starter_pouch,1.99,120,1
TX000002198,122696,2026-03-24 15:23:45,starter_pouch,1.99,120,1
TX000014926,142333,2026-03-24 15:24:45,medium_chest,9.99,800,1
TX000005077,103077,2026-03-24 15:31:10,small_pouch,4.99,350,1
TX000004911,176305,2026-03-24 15:31:22,starter_pouch,1.99,120,1
TX000015015,100276,2026-03-24 15:40:29,vault,49.99,5000,1
TX000014145,145790,2026-03-24 15:41:24,large_chest,19.99,1800,1
TX000004263,145965,2026-03-24 15:42:07,starter_pouch,1.99,120,1
TX000014066,171828,2026-03-24 15:44:04,medium_chest,9.99,800,1
TX000005049,114631,2026-03-24 15:51:11,starter_pouch,1.99,120,1
TX000012369,129978,2026-03-24 15:54:59,medium_chest,9.99,800,1
TX000008014,153390,2026-03-24 16:05:37,small_pouch,4.99,350,1
TX000013011,133893,2026-03-24 16:07:43,large_chest,19.99,1800,1
TX000010521,130735,2026-03-24 16:07:45,small_pouch,4.99,350,1
TX000004427,173775,2026-03-24 16:13:24,small_pouch,4.99,350,1
TX000014059,114462,2026-03-24 16:13:34,medium_chest,9.99,800,1
TX000008359,156361,2026-03-24 16:16:07,large_chest,19.99,1800,1
TX000007204,149555,2026-03-24 16:16:13,medium_chest,9.99,800,1
TX000015271,173457,2026-03-24 16:17:53,mega_vault,99.99,11000,1
TX000009739,168898,2026-03-24 16:18:10,large_chest,19.99,1800,1
TX000014640,102556,2026-03-24 16:19:07,medium_chest,9.99,800,1
TX000005956,109199,2026-03-24 16:19:56,large_chest,19.99,1800,1
TX000010314,152205,2026-03-24 16:22:16,small_pouch,4.99,350,1
TX000007944,128379,2026-03-24 16:23:01,starter_pouch,1.99,120,1
TX000002950,155323,2026-03-24 16:26:15,vault,49.99,5000,1
TX000014522,155614,2026-03-24 16:27:22,starter_pouch,1.99,120,1
TX000009356,136529,2026-03-24 16:29:14,large_chest,19.99,1800,1
TX000005212,124634,2026-03-24 16:30:55,small_pouch,4.99,350,1
TX000003090,176695,2026-03-24 16:31:09,medium_chest,9.99,800,1
TX000006924,105117,2026-03-24 16:31:45,vault,49.99,5000,1
TX000000009,163614,2026-03-24 16:34:45,mega_vault,99.99,11000,1
TX000013588,160072,2026-03-24 16:37:30,vault,49.99,5000,1
TX000010947,169662,2026-03-24 16:42:20,starter_pouch,1.99,120,1
TX000009053,134666,2026-03-24 16:42:27,starter_pouch,1.99,120,1
TX000013589,166468,2026-03-24 16:43:55,large_chest,19.99,1800,1
TX000005371,148568,2026-03-24 16:45:00,starter_pouch,1.99,120,1
TX000004815,174096,2026-03-24 16:45:06,medium_chest,9.99,800,1
TX000009672,101504,2026-03-24 16:47:51,small_pouch,4.99,350,1
TX000005510,133746,2026-03-24 16:47:55,medium_chest,9.99,800,1
TX000009429,138326,2026-03-24 16:49:14,starter_pouch,1.99,120,1
TX000009055,144146,2026-03-24 16:52:24,starter_pouch,1.99,120,1
TX000010613,146676,2026-03-24 16:52:29,vault,49.99,5000,1
TX000007576,139306,2026-03-24 16:55:29,vault,49.99,5000,1
TX000001130,152642,2026-03-24 16:56:32,medium_chest,9.99,800,1
TX000011828,172895,2026-03-24 16:57:41,starter_pouch,1.99,120,1
TX000013077,142443,2026-03-24 17:04:14,medium_chest,9.99,800,1
TX000008891,135978,2026-03-24 17:04:18,small_pouch,4.99,350,1
TX000014841,124379,2026-03-24 17:07:32,medium_chest,9.99,800,1
TX000012879,137041,2026-03-24 17:07:41,mega_vault,99.99,11000,1
TX000009066,175261,2026-03-24 17:09:26,large_chest,19.99,1800,1
TX000011964,132722,2026-03-24 17:10:38,vault,49.99,5000,1
TX000013907,106377,2026-03-24 17:10:47,large_chest,19.99,1800,1
TX000002437,117927,2026-03-24 17:11:56,small_pouch,4.99,350,1
TX000000332,113146,2026-03-24 17:15:34,starter_pouch,1.99,120,1
TX000006614,118065,2026-03-24 17:16:12,large_chest,19.99,1800,1
TX000003315,114892,2026-03-24 17:16:28,small_pouch,4.99,350,1
TX000010581,158042,2026-03-24 17:18:00,small_pouch,4.99,350,1
TX000004250,124586,2026-03-24 17:20:37,medium_chest,9.99,800,1
TX000000681,170588,2026-03-24 17:22:03,starter_pouch,1.99,120,1
TX000013955,150946,2026-03-24 17:24:04,small_pouch,4.99,350,1
TX000010161,171965,2026-03-24 17:24:15,large_chest,19.99,1800,1
TX000004553,175782,2026-03-24 17:26:43,large_chest,19.99,1800,1
TX000011208,150701,2026-03-24 17:30:00,starter_pouch,1.99,120,1
TX000014813,119742,2026-03-24 17:31:11,starter_pouch,1.99,120,1
TX000003531,176777,2026-03-24 17:31:37,medium_chest,9.99,800,1
TX000002006,140883,2026-03-24 17:32:20,small_pouch,4.99,350,1
TX000001399,173190,2026-03-24 17:35:09,small_pouch,4.99,350,1
TX000008251,121091,2026-03-24 17:35:12,large_chest,19.99,1800,1
TX000001056,114522,2026-03-24 17:36:18,starter_pouch,1.99,120,1
TX000011735,108740,2026-03-24 17:38:00,medium_chest,9.99,800,1
TX000000447,143287,2026-03-24 17:38:32,starter_pouch,1.99,120,1
TX000004430,162400,2026-03-24 17:41:27,starter_pouch,1.99,120,1
TX000009816,161196,2026-03-24 17:42:16,small_pouch,4.99,350,1
TX000011881,126858,2026-03-24 17:42:21,starter_pouch,1.99,120,1
TX000004899,156006,2026-03-24 17:43:28,mega_vault,99.99,11000,1
TX000003697,162380,2026-03-24 17:46:13,small_pouch,4.99,350,1
TX000001086,107801,2026-03-24 17:46:44,starter_pouch,1.99,120,1
TX000000792,175413,2026-03-24 17:49:03,small_pouch,4.99,350,1
TX000005729,104904,2026-03-24 17:51:26,mega_vault,99.99,11000,1
TX000003515,148957,2026-03-24 17:51:36,medium_chest,9.99,800,1
TX000005923,155736,2026-03-24 17:55:03,starter_pouch,1.99,120,1
TX000000532,115153,2026-03-24 17:55:26,large_chest,19.99,1800,1
TX000011230,125972,2026-03-24 17:56:22,starter_pouch,1.99,120,1
TX000007643,107688,2026-03-24 17:56:22,starter_pouch,1.99,120,1
TX000005885,178290,2026-03-24 17:57:07,vault,49.99,5000,1
TX000011915,123320,2026-03-24 18:00:15,mega_vault,99.99,11000,1
TX000006306,164110,2026-03-24 18:02:33,medium_chest,9.99,800,1
TX000004370,106133,2026-03-24 18:02:57,vault,49.99,5000,1
TX000011402,139291,2026-03-24 18:03:35,medium_chest,9.99,800,1
TX000006879,172202,2026-03-24 18:04:27,starter_pouch,1.99,120,1
TX000001600,161330,2026-03-24 18:07:59,starter_pouch,1.99,120,1
TX000001414,145965,2026-03-24 18:08:24,starter_pouch,1.99,120,1
TX000003179,112927,2026-03-24 18:12:59,large_chest,19.99,1800,1
TX000004027,136667,2026-03-24 18:13:10,starter_pouch,1.99,120,1
TX000000007,120745,2026-03-24 18:13:34,large_chest,19.99,1800,1
TX000007636,107395,2026-03-24 18:14:19,medium_chest,9.99,800,1
TX000004727,127686,2026-03-24 18:15:01,medium_chest,9.99,800,1
TX000006401,138214,2026-03-24 18:15:23,small_pouch,4.99,350,1
TX000013417,111788,2026-03-24 18:16:26,medium_chest,9.99,800,1
TX000005329,146984,2026-03-24 18:19:30,starter_pouch,1.99,120,1
TX000010545,100128,2026-03-24 18:20:16,medium_chest,9.99,800,1
TX000012307,111054,2026-03-24 18:20:45,large_chest,19.99,1800,1
TX000002905,145580,2026-03-24 18:21:14,medium_chest,9.99,800,1
TX000009188,142559,2026-03-24 18:21:39,small_pouch,4.99,350,1
TX000009308,148947,2026-03-24 18:22:09,starter_pouch,1.99,120,1
TX000007514,178456,2026-03-24 18:23:13,large_chest,19.99,1800,1
TX000010663,174554,2026-03-24 18:26:57,medium_chest,9.99,800,1
TX000010057,162766,2026-03-24 18:29:28,starter_pouch,1.99,120,1
TX000003717,145103,2026-03-24 18:29:49,starter_pouch,1.99,120,1
TX000001173,121687,2026-03-24 18:30:43,small_pouch,4.99,350,1
TX000004708,115391,2026-03-24 18:30:51,starter_pouch,1.99,120,1
TX000002031,100710,2026-03-24 18:31:00,vault,49.99,5000,1
TX000009223,115166,2026-03-24 18:31:28,small_pouch,4.99,350,1
TX000004500,127173,2026-03-24 18:33:19,small_pouch,4.99,350,1
TX000000942,113798,2026-03-24 18:35:27,small_pouch,4.99,350,1
TX000011914,115083,2026-03-24 18:35:43,large_chest,19.99,1800,1
TX000011548,107116,2026-03-24 18:37:26,starter_pouch,1.99,120,1
TX000001991,142660,2026-03-24 18:39:29,medium_chest,9.99,800,1
TX000009609,136078,2026-03-24 18:40:43,medium_chest,9.99,800,1
TX000007599,157449,2026-03-24 18:41:21,small_pouch,4.99,350,1
TX000005199,139912,2026-03-24 18:43:40,starter_pouch,1.99,120,1
TX000010150,169650,2026-03-24 18:44:00,starter_pouch,1.99,120,1
TX000007745,125263,2026-03-24 18:44:19,starter_pouch,1.99,120,1
TX000007327,145500,2026-03-24 18:46:12,small_pouch,4.99,350,1
TX000009477,111307,2026-03-24 18:49:21,vault,49.99,5000,1
TX000014804,119868,2026-03-24 18:51:13,large_chest,19.99,1800,1
TX000011535,156974,2026-03-24 18:51:34,starter_pouch,1.99,120,1
TX000004785,131923,2026-03-24 18:52:15,starter_pouch,1.99,120,1
TX000002614,102994,2026-03-24 18:54:25,medium_chest,9.99,800,1
TX000013782,174849,2026-03-24 18:55:04,small_pouch,4.99,350,1
TX000004138,113831,2026-03-24 18:56:15,large_chest,19.99,1800,1
TX000005740,128606,2026-03-24 18:57:53,starter_pouch,1.99,120,1
TX000009295,111438,2026-03-24 18:58:23,small_pouch,4.99,350,1
TX000013479,118961,2026-03-24 19:00:13,small_pouch,4.99,350,1
TX000014762,158204,2026-03-24 19:01:00,small_pouch,4.99,350,1
TX000002383,175099,2026-03-24 19:02:51,medium_chest,9.99,800,1
TX000000243,159224,2026-03-24 19:06:05,small_pouch,4.99,350,1
TX000009728,100586,2026-03-24 19:06:16,starter_pouch,1.99,120,1
TX000007292,144847,2026-03-24 19:07:42,medium_chest,9.99,800,1
TX000000799,175930,2026-03-24 19:08:15,small_pouch,4.99,350,1
TX000008212,167291,2026-03-24 19:08:20,starter_pouch,1.99,120,1
TX000013621,140647,2026-03-24 19:10:30,starter_pouch,1.99,120,1
TX000013411,153129,2026-03-24 19:11:42,medium_chest,9.99,800,1
TX000006018,156395,2026-03-24 19:12:16,starter_pouch,1.99,120,1
TX000013290,154102,2026-03-24 19:15:43,small_pouch,4.99,350,1
TX000015212,157503,2026-03-24 19:16:18,vault,49.99,5000,1
TX000010593,103363,2026-03-24 19:18:33,small_pouch,4.99,350,1
TX000009962,171575,2026-03-24 19:21:24,small_pouch,4.99,350,1
TX000014315,110333,2026-03-24 19:21:52,starter_pouch,1.99,120,1
TX000000368,180087,2026-03-24 19:23:41,small_pouch,4.99,350,1
TX000004861,145538,2026-03-24 19:24:08,medium_chest,9.99,800,1
TX000001679,154493,2026-03-24 19:25:08,starter_pouch,1.99,120,1
TX000009038,100835,2026-03-24 19:26:00,small_pouch,4.99,350,1
TX000009762,129846,2026-03-24 19:30:46,small_pouch,4.99,350,1
TX000000231,122808,2026-03-24 19:31:31,mega_vault,99.99,11000,1
TX000010808,151463,2026-03-24 19:32:32,large_chest,19.99,1800,1
TX000001838,159130,2026-03-24 19:34:44,starter_pouch,1.99,120,1
TX000011259,154466,2026-03-24 19:34:46,large_chest,19.99,1800,1
TX000014442,130626,2026-03-24 19:35:39,small_pouch,4.99,350,1
TX000006017,104791,2026-03-24 19:35:43,vault,49.99,5000,1
TX000014292,160628,2026-03-24 19:36:38,starter_pouch,1.99,120,1
TX000013510,124491,2026-03-24 19:36:55,starter_pouch,1.99,120,1
TX000012207,151418,2026-03-24 19:37:16,medium_chest,9.99,800,1
TX000007944,128379,2026-03-24 19:38:10,starter_pouch,1.99,120,1
TX000011905,164392,2026-03-24 19:39:23,small_pouch,4.99,350,1
TX000009671,107944,2026-03-24 19:41:00,large_chest,19.99,1800,1
TX000002741,143687,2026-03-24 19:41:36,large_chest,19.99,1800,1
TX000011296,128027,2026-03-24 19:41:52,starter_pouch,1.99,120,1
TX000001678,137377,2026-03-24 19:41:56,small_pouch,4.99,350,1
TX000007795,125162,2026-03-24 19:42:58,medium_chest,9.99,800,1
TX000014719,175479,2026-03-24 19:43:38,large_chest,19.99,1800,1
TX000010132,149886,2026-03-24 19:44:02,starter_pouch,1.99,120,1
TX000014130,155273,2026-03-24 19:44:11,large_chest,19.99,1800,1
TX000010541,159172,2026-03-24 19:46:46,medium_chest,9.99,800,1
TX000006820,113715,2026-03-24 19:48:22,medium_chest,9.99,800,1
TX000010411,127912,2026-03-24 19:49:03,starter_pouch,1.99,120,1
TX000002203,178440,2026-03-24 19:50:15,small_pouch,4.99,350,1
TX000014233,130046,2026-03-24 19:50:51,medium_chest,9.99,800,1
TX000005195,108081,2026-03-24 19:51:24,medium_chest,9.99,800,1
TX000011757,134780,2026-03-24 19:53:04,medium_chest,9.99,800,1
TX000001237,124526,2026-03-24 19:54:19,small_pouch,4.99,350,1
TX000005735,102527,2026-03-24 19:54:26,medium_chest,9.99,800,1
TX000007620,111232,2026-03-24 19:55:17,starter_pouch,1.99,120,1
TX000007268,161556,2026-03-24 19:55:28,starter_pouch,1.99,120,1
TX000013032,174512,2026-03-24 19:56:42,medium_chest,9.99,800,1
TX000001992,101107,2026-03-24 19:59:40,starter_pouch,1.99,120,1
TX000009688,115196,2026-03-24 20:00:02,small_pouch,4.99,350,1
TX000007935,165525,2026-03-24 20:00:09,large_chest,19.99,1800,1
TX000010805,143792,2026-03-24 20:02:08,large_chest,19.99,1800,1
TX000000100,169879,2026-03-24 20:05:05,small_pouch,4.99,350,1
TX000007578,154170,2026-03-24 20:07:24,large_chest,19.99,1800,1
TX000014924,140002,2026-03-24 20:08:11,starter_pouch,1.99,120,1
TX000011393,112093,2026-03-24 20:09:49,small_pouch,4.99,350,1
TX000004771,122069,2026-03-24 20:12:19,large_chest,19.99,1800,1
TX000004241,174062,2026-03-24 20:12:33,starter_pouch,1.99,120,1
TX000003951,156988,2026-03-24 20:13:41,starter_pouch,1.99,120,1
TX000012746,146882,2026-03-24 20:17:32,vault,49.99,5000,1
TX000007397,121495,2026-03-24 20:18:03,medium_chest,9.99,800,1
TX000001564,179950,2026-03-24 20:18:34,large_chest,19.99,1800,1
TX000014331,142911,2026-03-24 20:19:26,medium_chest,9.99,800,1
TX000008567,123252,2026-03-24 20:22:04,mega_vault,99.99,11000,1
TX000001840,121301,2026-03-24 20:23:09,starter_pouch,1.99,120,1
TX000012690,105862,2026-03-24 20:25:45,starter_pouch,1.99,120,1
TX000010127,136872,2026-03-24 20:26:12,large_chest,19.99,1800,1
TX000005479,118932,2026-03-24 20:26:44,small_pouch,4.99,350,1
TX000008093,143336,2026-03-24 20:27:46,small_pouch,4.99,350,1
TX000007421,120310,2026-03-24 20:28:27,small_pouch,4.99,350,1
TX000008820,157070,2026-03-24 20:28:52,large_chest,19.99,1800,1
TX000003066,161205,2026-03-24 20:32:47,small_pouch,4.99,350,1
TX000013949,179970,2026-03-24 20:33:36,small_pouch,4.99,350,1
TX000008935,161571,2026-03-24 20:34:35,starter_pouch,1.99,120,1
TX000015268,104453,2026-03-24 20:34:50,small_pouch,4.99,350,1
TX000003866,148632,2026-03-24 20:35:49,vault,49.99,5000,1
TX000012737,120309,2026-03-24 20:35:55,large_chest,19.99,1800,1
TX000001488,125747,2026-03-24 20:36:07,medium_chest,9.99,800,1
TX000002526,120920,2026-03-24 20:36:31,large_chest,19.99,1800,1
TX000013294,163464,2026-03-24 20:39:27,medium_chest,9.99,800,1
TX000004581,165026,2026-03-24 20:42:20,mega_vault,99.99,11000,1
TX000003829,107718,2026-03-24 20:43:15,large_chest,19.99,1800,1
TX000008943,142116,2026-03-24 20:43:29,starter_pouch,1.99,120,1
TX000014275,165148,2026-03-24 20:43:42,medium_chest,9.99,800,1
TX000001198,147338,2026-03-24 20:44:09,starter_pouch,1.99,120,1
TX000001470,150590,2026-03-24 20:47:16,medium_chest,9.99,800,1
TX000000568,122051,2026-03-24 20:48:13,medium_chest,9.99,800,1
TX000009006,161569,2026-03-24 20:49:07,small_pouch,4.99,350,1
TX000014004,170745,2026-03-24 20:49:39,large_chest,19.99,1800,1
TX000009942,162728,2026-03-24 20:49:48,starter_pouch,1.99,120,1
TX000005212,124634,2026-03-24 20:49:58,small_pouch,4.99,350,1
TX000007459,169134,2026-03-24 20:50:26,starter_pouch,1.99,120,1
TX000011524,146856,2026-03-24 20:54:57,large_chest,19.99,1800,1
TX000014891,157243,2026-03-24 20:56:45,medium_chest,9.99,800,1
TX000012402,105579,2026-03-24 20:57:20,vault,49.99,5000,1
TX000012190,164660,2026-03-24 20:57:28,medium_chest,9.99,800,1
TX000015271,173457,2026-03-24 20:57:48,mega_vault,99.99,11000,1
TX000012182,128166,2026-03-24 20:59:11,medium_chest,9.99,800,1
TX000000295,178415,2026-03-24 21:00:43,starter_pouch,1.99,120,1
TX000008914,106543,2026-03-24 21:00:56,starter_pouch,1.99,120,1
TX000004139,103934,2026-03-24 21:01:05,medium_chest,9.99,800,1
TX000011970,156183,2026-03-24 21:01:39,medium_chest,9.99,800,1
TX000002155,172503,2026-03-24 21:02:31,small_pouch,4.99,350,1
TX000005992,174105,2026-03-24 21:03:56,starter_pouch,1.99,120,1
TX000005585,106044,2026-03-24 21:04:27,starter_pouch,1.99,120,1
TX000012939,158134,2026-03-24 21:08:06,medium_chest,9.99,800,1
TX000004734,145380,2026-03-24 21:09:41,medium_chest,9.99,800,1
TX000014377,116757,2026-03-24 21:10:38,small_pouch,4.99,350,1
TX000004564,133445,2026-03-24 21:10:55,small_pouch,4.99,350,1
TX000007012,106380,2026-03-24 21:11:27,starter_pouch,1.99,120,1
TX000007701,121337,2026-03-24 21:16:54,large_chest,19.99,1800,1
TX000010112,104205,2026-03-24 21:18:17,medium_chest,9.99,800,1
TX000005353,126783,2026-03-24 21:20:10,vault,49.99,5000,1
TX000008339,132878,2026-03-24 21:21:09,mega_vault,99.99,11000,1
TX000007218,145597,2026-03-24 21:21:14,vault,49.99,5000,1
TX000000851,165370,2026-03-24 21:22:21,medium_chest,9.99,800,1
TX000000682,140260,2026-03-24 21:22:23,small_pouch,4.99,350,1
TX000008122,131786,2026-03-24 21:23:56,small_pouch,4.99,350,1
TX000003237,152433,2026-03-24 21:24:16,starter_pouch,1.99,120,1
TX000010121,124171,2026-03-24 21:30:22,starter_pouch,1.99,120,1
TX000000756,108588,2026-03-24 21:30:29,vault,49.99,5000,1
TX000005972,171406,2026-03-24 21:32:46,large_chest,19.99,1800,1
TX000005768,100808,2026-03-24 21:33:00,medium_chest,9.99,800,1
TX000006851,137624,2026-03-24 21:33:33,starter_pouch,1.99,120,1
TX000005178,101907,2026-03-24 21:34:47,medium_chest,9.99,800,1
TX000014151,114228,2026-03-24 21:40:24,starter_pouch,1.99,120,1
TX000009425,124077,2026-03-24 21:45:50,medium_chest,9.99,800,1
TX000000745,132623,2026-03-24 21:49:54,vault,49.99,5000,1
TX000008861,106412,2026-03-24 21:50:39,small_pouch,4.99,350,1
TX000012219,176961,2026-03-24 21:51:33,small_pouch,4.99,350,1
TX000013805,166182,2026-03-24 21:53:32,mega_vault,99.99,11000,1
TX000003461,100101,2026-03-24 21:57:48,small_pouch,4.99,350,1
TX000010810,129741,2026-03-24 22:00:33,small_pouch,4.99,350,1
TX000008946,137655,2026-03-24 22:00:52,large_chest,19.99,1800,1
TX000006590,112236,2026-03-24 22:06:07,starter_pouch,1.99,120,1
TX000002881,124303,2026-03-24 22:07:04,small_pouch,4.99,350,1
TX000006776,144240,2026-03-24 22:07:29,small_pouch,4.99,350,1
TX000007074,164179,2026-03-24 22:08:34,small_pouch,4.99,350,1
TX000014387,106797,2026-03-24 22:13:53,small_pouch,4.99,350,1
TX000014838,139294,2026-03-24 22:14:50,small_pouch,4.99,350,1
TX000013884,100625,2026-03-24 22:15:02,small_pouch,4.99,350,1
TX000005568,150252,2026-03-24 22:17:41,medium_chest,9.99,800,1
TX000009127,111467,2026-03-24 22:17:56,small_pouch,4.99,350,1
TX000013474,113390,2026-03-24 22:17:57,starter_pouch,1.99,120,1
TX000000298,130632,2026-03-24 22:18:33,starter_pouch,1.99,120,1
TX000009277,161025,2026-03-24 22:24:34,starter_pouch,1.99,120,1
TX000003337,141083,2026-03-24 22:26:12,small_pouch,4.99,350,1
TX000009848,133588,2026-03-24 22:30:33,small_pouch,4.99,350,1
TX000014513,137694,2026-03-24 22:30:54,small_pouch,4.99,350,1
TX000011422,103114,2026-03-24 22:34:35,starter_pouch,1.99,120,1
TX000005715,121480,2026-03-24 22:36:44,vault,49.99,5000,1
TX000005114,165148,2026-03-24 22:38:39,small_pouch,4.99,350,1
TX000013441,101596,2026-03-24 22:46:47,starter_pouch,1.99,120,1
TX000001940,106476,2026-03-24 22:47:45,medium_chest,9.99,800,1
TX000008289,113073,2026-03-24 22:48:43,starter_pouch,1.99,120,1
TX000003292,134001,2026-03-24 22:49:22,medium_chest,9.99,800,1
TX000008978,119531,2026-03-24 22:50:31,mega_vault,99.99,11000,1
TX000001329,139825,2026-03-24 22:54:23,starter_pouch,1.99,120,1
TX000009528,173968,2026-03-24 22:57:02,vault,49.99,5000,1
TX000003492,130432,2026-03-24 22:59:29,starter_pouch,1.99,120,1
TX000009587,118231,2026-03-24 23:01:29,small_pouch,4.99,350,1
TX000007997,112703,2026-03-24 23:02:52,medium_chest,9.99,800,1
TX000006473,144806,2026-03-24 23:03:32,starter_pouch,1.99,120,1
TX000007889,128519,2026-03-24 23:04:56,large_chest,19.99,1800,1
TX000000449,143255,2026-03-24 23:09:04,starter_pouch,1.99,120,1
TX000007285,167427,2026-03-24 23:09:38,small_pouch,4.99,350,1
TX000008561,117869,2026-03-24 23:11:54,small_pouch,4.99,350,1
TX000011568,151304,2026-03-24 23:15:48,small_pouch,4.99,350,1
TX000004957,131802,2026-03-24 23:16:14,medium_chest,9.99,800,1
TX000001054,138719,2026-03-24 23:20:36,starter_pouch,1.99,120,1
TX000001608,121116,2026-03-24 23:20:41,starter_pouch,1.99,120,1
TX000011295,133278,2026-03-24 23:32:14,small_pouch,4.99,350,1
TX000000672,108220,2026-03-24 23:33:18,medium_chest,9.99,800,1
TX000009344,100600,2026-03-24 23:45:57,medium_chest,9.99,800,1
TX000008314,165485,2026-03-24 23:58:24,starter_pouch,1.99,120,1
TX000008102,101057,2026-03-24 23:59:56,vault,49.99,5000,1
TX000011114,100710,2026-03-24 23:59:56,medium_chest,9.99,800,1
TX000008048,122519,2026-03-24 23:59:56,starter_pouch,-1.99,-120,0
TX000011960,138647,2026-03-24 23:59:56,starter_pouch,1.99,120,1
TX000014870,171732,2026-03-24 23:59:56,small_pouch,4.99,350,1
TX000004499,108900,2026-03-24 23:59:56,starter_pouch,1.99,120,1
TX000007417,172690,2026-03-24 23:59:56,small_pouch,4.99,350,1
TX000008866,165938,2026-03-24 23:59:56,large_chest,19.99,1800,1
TX000014279,140514,2026-03-24 23:59:56,small_pouch,4.99,350,1
TX000000345,138679,2026-03-24 23:59:56,small_pouch,4.99,350,1
TX000012624,172530,2026-03-24 23:59:56,vault,49.99,5000,1
TX000001319,174939,2026-03-24 23:59:56,starter_pouch,1.99,120,1
TX000002933,114221,2026-03-24 23:59:56,medium_chest,9.99,800,1
TX000010655,131802,2026-03-24 23:59:56,large_chest,19.99,1800,1
TX000005685,127441,2026-03-24 23:59:56,small_pouch,4.99,350,1
TX000004374,129175,2026-03-24 23:59:56,small_pouch,4.99,350,1
TX000007653,103263,2026-03-25 06:04:48,medium_chest,9.99,800,1
TX000004880,109997,2026-03-25 06:06:11,starter_pouch,1.99,120,1
TX000001871,175708,2026-03-25 06:17:52,medium_chest,9.99,800,1
TX000010715,155828,2026-03-25 06:18:45,small_pouch,4.99,350,1
TX000000253,141207,2026-03-25 06:35:43,small_pouch,4.99,350,1
TX000014356,169646,2026-03-25 06:38:14,starter_pouch,1.99,120,1
TX000002460,115099,2026-03-25 06:44:50,starter_pouch,1.99,120,1
TX000004329,107975,2026-03-25 06:48:21,mega_vault,99.99,11000,1
TX000004906,153541,2026-03-25 06:51:13,small_pouch,4.99,350,1
TX000011213,139310,2026-03-25 06:52:33,starter_pouch,1.99,120,1
TX000001389,106479,2026-03-25 06:56:17,small_pouch,4.99,350,1
TX000001256,122157,2026-03-25 06:59:50,small_pouch,4.99,350,1
TX000010896,147207,2026-03-25 07:03:16,starter_pouch,1.99,120,1
TX000012614,171079,2026-03-25 07:09:23,small_pouch,4.99,350,1
TX000013886,136329,2026-03-25 07:13:20,starter_pouch,1.99,120,1
TX000002366,162119,2026-03-25 07:17:56,starter_pouch,1.99,120,1
TX000005931,104596,2026-03-25 07:22:54,large_chest,19.99,1800,1
TX000011968,169813,2026-03-25 07:23:31,small_pouch,4.99,350,1
TX000001761,166040,2026-03-25 07:25:49,small_pouch,4.99,350,1
TX000001558,126003,2026-03-25 07:30:02,small_pouch,4.99,350,1
TX000001565,132419,2026-03-25 07:34:01,starter_pouch,1.99,120,1
TX000007839,118963,2026-03-25 07:35:08,small_pouch,4.99,350,1
TX000005487,139099,2026-03-25 07:35:32,vault,49.99,5000,1
TX000014148,170044,2026-03-25 07:39:04,mega_vault,99.99,11000,1
TX000007033,167608,2026-03-25 07:50:27,medium_chest,9.99,800,1
TX000014363,113724,2026-03-25 08:00:07,starter_pouch,1.99,120,1
TX000007761,171761,2026-03-25 08:06:53,small_pouch,4.99,350,1
TX000002213,162696,2026-03-25 08:16:08,vault,49.99,5000,1
TX000001278,164054,2026-03-25 08:18:03,starter_pouch,1.99,120,1
TX000013064,177423,2026-03-25 08:20:59,large_chest,19.99,1800,1
TX000005934,163614,2026-03-25 08:24:28,large_chest,19.99,1800,1
TX000005842,167073,2026-03-25 08:30:34,large_chest,19.99,1800,1
TX000004284,148651,2026-03-25 08:38:42,vault,49.99,5000,1
TX000001971,117795,2026-03-25 08:41:31,small_pouch,4.99,350,1
TX000002368,129229,2026-03-25 08:45:43,starter_pouch,1.99,120,1
TX000005171,150977,2026-03-25 08:47:11,medium_chest,9.99,800,1
TX000011527,101100,2026-03-25 08:59:49,vault,49.99,5000,1
TX000013247,116786,2026-03-25 09:00:30,starter_pouch,1.99,120,1
TX000013323,143298,2026-03-25 09:10:30,vault,49.99,5000,1
TX000005734,119889,2026-03-25 09:14:27,starter_pouch,1.99,120,1
TX000008414,175446,2026-03-25 09:15:05,starter_pouch,1.99,120,1
TX000006665,162666,2026-03-25 09:18:06,starter_pouch,1.99,120,1
TX000013039,151016,2026-03-25 09:28:42,large_chest,19.99,1800,1
TX000000849,125972,2026-03-25 09:34:42,large_chest,19.99,1800,1
TX000000421,106805,2026-03-25 09:40:20,small_pouch,4.99,350,1
TX000005984,178606,2026-03-25 09:40:40,large_chest,19.99,1800,1
TX000005079,179513,2026-03-25 09:43:38,starter_pouch,1.99,120,1
TX000007481,170929,2026-03-25 09:43:47,small_pouch,4.99,350,1
TX000003074,133917,2026-03-25 09:51:49,mega_vault,99.99,11000,1
TX000007519,164752,2026-03-25 09:51:56,starter_pouch,1.99,120,1
TX000000437,128441,2026-03-25 09:52:37,starter_pouch,1.99,120,1
TX000013423,157284,2026-03-25 10:17:48,small_pouch,4.99,350,1
TX000007102,140647,2026-03-25 10:18:07,starter_pouch,-1.99,-120,1
TX000002847,166952,2026-03-25 10:30:34,starter_pouch,1.99,120,1
TX000003908,144994,2026-03-25 10:33:48,large_chest,19.99,1800,1
TX000006485,128379,2026-03-25 10:38:06,medium_chest,9.99,800,1
TX000001058,168532,2026-03-25 10:46:45,starter_pouch,1.99,120,1
TX000014930,131588,2026-03-25 10:47:49,starter_pouch,1.99,120,1
TX000012853,159224,2026-03-25 10:49:44,medium_chest,9.99,800,1
TX000005997,105802,2026-03-25 10:50:23,large_chest,19.99,1800,1
TX000007028,126951,2026-03-25 10:57:14,vault,49.99,5000,1
TX000006126,144030,2026-03-25 10:58:51,starter_pouch,1.99,120,1
TX000008200,153389,2026-03-25 11:04:57,large_chest,19.99,1800,1
TX000011303,146729,2026-03-25 11:13:12,starter_pouch,1.99,120,1
TX000002695,150035,2026-03-25 11:18:37,medium_chest,9.99,800,1
TX000011802,176258,2026-03-25 11:21:11,starter_pouch,1.99,120,1
TX000001408,178433,2026-03-25 11:24:46,small_pouch,4.99,350,1
TX000002982,140518,2026-03-25 11:25:26,large_chest,19.99,1800,1
TX000009393,109813,2026-03-25 11:33:49,starter_pouch,1.99,120,1
TX000003110,148184,2026-03-25 11:43:07,small_pouch,4.99,350,1
TX000011624,158190,2026-03-25 11:44:03,medium_chest,9.99,800,1
TX000013527,108816,2026-03-25 11:44:52,medium_chest,9.99,800,1
TX000010133,129229,2026-03-25 11:46:59,medium_chest,9.99,800,1
TX000014956,111186,2026-03-25 11:53:42,large_chest,19.99,1800,1
TX000001855,102620,2026-03-25 12:01:57,vault,49.99,5000,1
TX000000247,165792,2026-03-25 12:09:22,large_chest,19.99,1800,1
TX000004353,149167,2026-03-25 12:12:25,large_chest,19.99,1800,1
TX000007975,100588,2026-03-25 12:18:11,medium_chest,9.99,800,1
TX000001394,160185,2026-03-25 12:18:54,small_pouch,4.99,350,1
TX000013110,123987,2026-03-25 12:20:59,starter_pouch,1.99,120,1
TX000003266,107276,2026-03-25 12:23:51,mega_vault,99.99,11000,1
TX000002575,138067,2026-03-25 12:36:03,medium_chest,9.99,800,1
TX000015203,126397,2026-03-25 12:38:53,medium_chest,9.99,800,1
TX000002776,103443,2026-03-25 12:44:19,starter_pouch,1.99,120,1
TX000014265,166856,2026-03-25 12:48:16,starter_pouch,1.99,120,1
TX000002645,148775,2026-03-25 12:52:22,starter_pouch,1.99,120,1
TX000004368,113652,2026-03-25 12:53:24,starter_pouch,1.99,120,1
TX000000855,117527,2026-03-25 12:54:22,medium_chest,9.99,800,1
TX000010865,143722,2026-03-25 12:54:27,starter_pouch,1.99,120,1
TX000009876,114805,2026-03-25 13:01:52,small_pouch,4.99,350,1
TX000010899,108215,2026-03-25 13:04:32,small_pouch,4.99,350,1
TX000014103,158074,2026-03-25 13:07:01,small_pouch,4.99,350,1
TX000008261,133747,2026-03-25 13:07:26,small_pouch,4.99,350,1
TX000010643,147354,2026-03-25 13:07:26,starter_pouch,1.99,120,1
TX000009646,165881,2026-03-25 13:11:20,medium_chest,9.99,800,1
TX000011690,156804,2026-03-25 13:13:20,medium_chest,9.99,800,1
TX000001441,120542,2026-03-25 13:15:16,medium_chest,9.99,800,1
TX000005520,120783,2026-03-25 13:21:05,small_pouch,4.99,350,1
TX000001033,152113,2026-03-25 13:26:52,medium_chest,9.99,800,1
TX000005567,154290,2026-03-25 13:29:01,medium_chest,9.99,800,1
TX000000610,108630,2026-03-25 13:29:16,small_pouch,4.99,350,1
TX000007815,158553,2026-03-25 13:30:14,starter_pouch,1.99,120,1
TX000011118,146083,2026-03-25 13:30:27,starter_pouch,1.99,120,1
TX000013611,176695,2026-03-25 13:32:35,medium_chest,9.99,800,1
TX000002359,127094,2026-03-25 13:33:07,starter_pouch,1.99,120,1
TX000002589,101587,2026-03-25 13:37:35,small_pouch,4.99,350,1
TX000007565,105131,2026-03-25 13:41:04,starter_pouch,1.99,120,1
TX000004690,152285,2026-03-25 13:52:38,mega_vault,99.99,11000,1
TX000010829,139264,2026-03-25 13:55:04,medium_chest,9.99,800,1
TX000001947,120410,2026-03-25 13:55:14,starter_pouch,1.99,120,1
TX000001519,109012,2026-03-25 14:00:03,starter_pouch,1.99,120,1
TX000013378,149862,2026-03-25 14:04:03,small_pouch,4.99,350,1
TX000001784,103920,2026-03-25 14:06:59,medium_chest,9.99,800,1
TX000005154,122381,2026-03-25 14:07:28,small_pouch,4.99,350,1
TX000001192,167911,2026-03-25 14:07:55,large_chest,19.99,1800,1
TX000011855,127081,2026-03-25 14:13:28,medium_chest,9.99,800,1
TX000009636,123152,2026-03-25 14:14:22,medium_chest,9.99,800,1
TX000011238,147354,2026-03-25 14:16:18,small_pouch,4.99,350,1
TX000012348,172238,2026-03-25 14:17:27,large_chest,19.99,1800,1
TX000012108,174551,2026-03-25 14:18:38,mega_vault,99.99,11000,1
TX000013350,128200,2026-03-25 14:22:04,medium_chest,9.99,800,1
TX000002577,142142,2026-03-25 14:30:04,small_pouch,4.99,350,1
TX000001810,146642,2026-03-25 14:30:14,starter_pouch,1.99,120,1
TX000014588,105012,2026-03-25 14:35:23,large_chest,19.99,1800,1
TX000008051,127623,2026-03-25 14:36:25,starter_pouch,1.99,120,1
TX000009389,173453,2026-03-25 14:39:42,medium_chest,9.99,800,1
TX000002380,113771,2026-03-25 14:41:52,small_pouch,4.99,350,1
TX000006139,160626,2026-03-25 14:43:18,starter_pouch,1.99,120,1
TX000004494,158650,2026-03-25 14:48:03,small_pouch,4.99,350,1
TX000000505,148863,2026-03-25 14:49:51,small_pouch,4.99,350,1
TX000014708,140088,2026-03-25 14:52:53,large_chest,19.99,1800,1
TX000007790,128413,2026-03-25 14:59:03,small_pouch,4.99,350,1
TX000007409,152541,2026-03-25 14:59:08,mega_vault,99.99,11000,1
TX000005678,119614,2026-03-25 15:00:06,vault,49.99,5000,1
TX000010382,161861,2026-03-25 15:00:30,small_pouch,4.99,350,1
TX000000200,144529,2026-03-25 15:02:28,large_chest,19.99,1800,1
TX000005545,138402,2026-03-25 15:03:43,starter_pouch,1.99,120,1
TX000004869,171914,2026-03-25 15:16:43,vault,49.99,5000,1
TX000006671,129688,2026-03-25 15:21:02,large_chest,19.99,1800,1
TX000011070,156151,2026-03-25 15:22:57,large_chest,19.99,1800,1
TX000010862,180286,2026-03-25 15:24:50,small_pouch,4.99,350,1
TX000007173,156383,2026-03-25 15:30:47,large_chest,19.99,1800,1
TX000001892,122583,2026-03-25 15:31:48,medium_chest,9.99,800,1
TX000004305,169256,2026-03-25 15:35:57,small_pouch,4.99,350,1
TX000013778,150975,2026-03-25 15:45:14,vault,49.99,5000,1
TX000001876,140362,2026-03-25 15:53:55,large_chest,19.99,1800,1
TX000000028,119841,2026-03-25 15:54:48,large_chest,19.99,1800,1
TX000006677,126969,2026-03-25 15:59:17,starter_pouch,1.99,120,1
TX000003562,135367,2026-03-25 16:02:41,medium_chest,9.99,800,1
TX000013099,112117,2026-03-25 16:05:18,large_chest,19.99,1800,1
TX000000024,121985,2026-03-25 16:05:47,starter_pouch,1.99,120,1
TX000008280,131347,2026-03-25 16:05:56,large_chest,19.99,1800,1
TX000001098,138426,2026-03-25 16:12:02,vault,49.99,5000,1
TX000000923,111866,2026-03-25 16:12:18,starter_pouch,1.99,120,1
TX000004746,171688,2026-03-25 16:14:48,medium_chest,9.99,800,1
TX000001681,118349,2026-03-25 16:15:50,medium_chest,9.99,800,1
TX000001019,150307,2026-03-25 16:17:32,vault,49.99,5000,1
TX000011432,133323,2026-03-25 16:17:39,starter_pouch,1.99,120,1
TX000002004,171952,2026-03-25 16:17:55,starter_pouch,1.99,120,1
TX000012417,102481,2026-03-25 16:18:05,medium_chest,9.99,800,1
TX000014712,121246,2026-03-25 16:26:23,medium_chest,9.99,800,1
TX000015294,151845,2026-03-25 16:26:30,starter_pouch,1.99,120,1
TX000011294,121360,2026-03-25 16:28:27,vault,49.99,5000,1
TX000013810,106989,2026-03-25 16:32:23,starter_pouch,1.99,120,1
TX000007748,156084,2026-03-25 16:33:07,starter_pouch,1.99,120,1
TX000000171,134765,2026-03-25 16:40:24,mega_vault,99.99,11000,1
TX000013438,161236,2026-03-25 16:41:07,large_chest,19.99,1800,1
TX000010694,165525,2026-03-25 16:44:33,medium_chest,9.99,800,1
TX000005509,140430,2026-03-25 16:48:02,large_chest,19.99,1800,1
TX000003441,119570,2026-03-25 16:52:13,small_pouch,4.99,350,1
TX000008842,155976,2026-03-25 16:58:00,starter_pouch,1.99,120,1
TX000001375,143458,2026-03-25 16:58:21,starter_pouch,1.99,120,1
TX000012841,171761,2026-03-25 17:01:23,small_pouch,4.99,350,1
TX000006648,135963,2026-03-25 17:02:36,starter_pouch,1.99,120,1
TX000007681,120616,2026-03-25 17:03:56,small_pouch,4.99,350,1
TX000006357,153354,2026-03-25 17:08:20,small_pouch,4.99,350,1
TX000013932,159365,2026-03-25 17:10:51,starter_pouch,1.99,120,1
TX000010543,171853,2026-03-25 17:16:52,large_chest,19.99,1800,1
TX000009379,173753,2026-03-25 17:20:17,vault,49.99,5000,1
TX000008446,176923,2026-03-25 17:22:21,starter_pouch,1.99,120,1
TX000005877,149966,2026-03-25 17:24:16,small_pouch,4.99,350,1
TX000005502,112386,2026-03-25 17:24:29,vault,49.99,5000,1
TX000011452,155364,2026-03-25 17:24:50,starter_pouch,1.99,120,1
TX000007812,171174,2026-03-25 17:25:09,medium_chest,9.99,800,1
TX000008274,106921,2026-03-25 17:27:26,medium_chest,9.99,800,1
TX000011697,177893,2026-03-25 17:28:58,medium_chest,9.99,800,1
TX000012880,167493,2026-03-25 17:29:31,medium_chest,9.99,800,1
TX000006351,179724,2026-03-25 17:31:34,starter_pouch,1.99,120,1
TX000000884,153061,2026-03-25 17:31:42,starter_pouch,1.99,120,1
TX000002735,121660,2026-03-25 17:32:05,small_pouch,4.99,350,1
TX000013049,156734,2026-03-25 17:32:07,starter_pouch,1.99,120,1
TX000008426,172731,2026-03-25 17:32:59,starter_pouch,1.99,120,1
TX000005949,126968,2026-03-25 17:38:09,medium_chest,9.99,800,1
TX000010005,110010,2026-03-25 17:38:52,mega_vault,99.99,11000,1
TX000012562,171468,2026-03-25 17:41:30,starter_pouch,1.99,120,1
TX000008181,160597,2026-03-25 17:42:00,small_pouch,4.99,350,1
TX000009488,132157,2026-03-25 17:42:19,medium_chest,9.99,800,1
TX000002241,164425,2026-03-25 17:47:51,starter_pouch,1.99,120,1
TX000006389,158074,2026-03-25 17:48:12,small_pouch,4.99,350,1
TX000013829,138455,2026-03-25 17:48:46,large_chest,19.99,1800,1
TX000001181,145185,2026-03-25 17:48:46,vault,49.99,5000,1
TX000002648,164464,2026-03-25 17:49:46,starter_pouch,1.99,120,1
TX000002377,116196,2026-03-25 17:53:23,starter_pouch,1.99,120,1
TX000003028,132414,2026-03-25 17:54:09,large_chest,19.99,1800,1
TX000004821,168301,2026-03-25 17:56:38,medium_chest,9.99,800,1
TX000009648,143317,2026-03-25 17:57:13,starter_pouch,1.99,120,1
TX000011847,112852,2026-03-25 17:58:37,small_pouch,4.99,350,1
TX000014948,150997,2026-03-25 17:58:53,small_pouch,4.99,350,1
TX000001214,127623,2026-03-25 17:59:25,medium_chest,9.99,800,1
TX000003335,163458,2026-03-25 18:01:02,small_pouch,4.99,350,1
TX000013063,100971,2026-03-25 18:05:16,large_chest,19.99,1800,1
TX000012338,137589,2026-03-25 18:06:56,vault,49.99,5000,1
TX000004405,109786,2026-03-25 18:07:18,vault,49.99,5000,1
TX000007875,114866,2026-03-25 18:08:18,small_pouch,4.99,350,1
TX000001400,113800,2026-03-25 18:08:23,starter_pouch,1.99,120,1
TX000011203,157544,2026-03-25 18:11:54,medium_chest,9.99,800,1
TX000012470,102757,2026-03-25 18:12:44,small_pouch,4.99,350,1
TX000007422,151760,2026-03-25 18:15:45,starter_pouch,1.99,120,1
TX000001371,105237,2026-03-25 18:16:02,small_pouch,4.99,350,1
TX000005202,127316,2026-03-25 18:16:07,small_pouch,4.99,350,1
TX000014449,161073,2026-03-25 18:16:34,medium_chest,9.99,800,1
TX000002428,128027,2026-03-25 18:17:59,large_chest,19.99,1800,1
TX000007937,168312,2026-03-25 18:18:16,large_chest,19.99,1800,1
TX000013896,147194,2026-03-25 18:22:18,small_pouch,4.99,350,1
TX000005118,106018,2026-03-25 18:22:25,medium_chest,9.99,800,1
TX000013519,125641,2026-03-25 18:24:40,medium_chest,9.99,800,1
TX000009056,120713,2026-03-25 18:24:47,small_pouch,4.99,350,1
TX000011219,131799,2026-03-25 18:26:06,starter_pouch,1.99,120,1
TX000006314,178560,2026-03-25 18:26:12,large_chest,19.99,1800,1
TX000008761,101867,2026-03-25 18:27:41,starter_pouch,1.99,120,1
TX000009176,148402,2026-03-25 18:28:05,medium_chest,9.99,800,1
TX000008473,140355,2026-03-25 18:28:16,starter_pouch,1.99,120,1
TX000000217,178480,2026-03-25 18:30:43,large_chest,19.99,1800,1
TX000000489,162737,2026-03-25 18:31:07,small_pouch,4.99,350,1
TX000009218,147141,2026-03-25 18:33:14,starter_pouch,1.99,120,1
TX000009534,114253,2026-03-25 18:33:23,small_pouch,4.99,350,1
TX000009135,141094,2026-03-25 18:34:21,starter_pouch,1.99,120,1
TX000010323,156356,2026-03-25 18:35:56,vault,49.99,5000,1
TX000013752,112152,2026-03-25 18:40:28,starter_pouch,1.99,120,1
TX000005385,171577,2026-03-25 18:40:52,small_pouch,4.99,350,1
TX000005177,103934,2026-03-25 18:41:21,vault,49.99,5000,1
TX000011280,166956,2026-03-25 18:43:11,small_pouch,4.99,350,1
TX000015003,107577,2026-03-25 18:44:13,medium_chest,9.99,800,1
TX000012277,162262,2026-03-25 18:45:22,small_pouch,4.99,350,1
TX000003579,160803,2026-03-25 18:46:21,medium_chest,9.99,800,1
TX000003645,147496,2026-03-25 18:47:23,large_chest,19.99,1800,1
TX000004342,111125,2026-03-25 18:48:38,large_chest,19.99,1800,1
TX000013425,114481,2026-03-25 18:53:10,starter_pouch,1.99,120,1
TX000005883,127715,2026-03-25 18:53:59,medium_chest,9.99,800,1
TX000000607,161894,2026-03-25 18:54:05,small_pouch,4.99,350,1
TX000003044,174854,2026-03-25 18:54:34,starter_pouch,1.99,120,1
TX000010277,117935,2026-03-25 18:54:36,starter_pouch,1.99,120,1
TX000001635,106057,2026-03-25 18:54:52,starter_pouch,1.99,120,1
TX000007516,141541,2026-03-25 18:55:10,starter_pouch,1.99,120,1
TX000009575,150982,2026-03-25 18:55:10,medium_chest,9.99,800,1
TX000002916,121712,2026-03-25 18:56:20,small_pouch,4.99,350,1
TX000007500,109997,2026-03-25 18:58:50,small_pouch,4.99,350,1
TX000014326,101157,2026-03-25 19:00:27,medium_chest,9.99,800,1
TX000007494,150751,2026-03-25 19:03:00,starter_pouch,1.99,120,1
TX000013680,126450,2026-03-25 19:03:05,small_pouch,4.99,350,1
TX000013577,131364,2026-03-25 19:03:10,starter_pouch,1.99,120,1
TX000010457,128249,2026-03-25 19:03:29,medium_chest,9.99,800,1
TX000000840,115952,2026-03-25 19:04:54,medium_chest,9.99,800,1
TX000005410,100177,2026-03-25 19:05:54,medium_chest,9.99,800,1
TX000009930,169887,2026-03-25 19:06:58,medium_chest,9.99,800,1
TX000010791,118650,2026-03-25 19:07:48,medium_chest,9.99,800,1
TX000014328,156361,2026-03-25 19:09:07,large_chest,19.99,1800,1
TX000012076,147690,2026-03-25 19:09:38,medium_chest,9.99,800,1
TX000009588,140910,2026-03-25 19:11:38,medium_chest,9.99,800,1
TX000013502,156358,2026-03-25 19:14:16,medium_chest,9.99,800,1
TX000005113,109467,2026-03-25 19:15:44,medium_chest,9.99,800,1
TX000010914,109768,2026-03-25 19:17:40,starter_pouch,1.99,120,1
TX000003224,120600,2026-03-25 19:18:18,small_pouch,4.99,350,1
TX000005650,129953,2026-03-25 19:19:23,medium_chest,9.99,800,1
TX000013180,141961,2026-03-25 19:20:58,medium_chest,9.99,800,1
TX000012987,133528,2026-03-25 19:22:36,vault,49.99,5000,1
TX000010228,159038,2026-03-25 19:25:33,small_pouch,4.99,350,1
TX000009786,159271,2026-03-25 19:26:31,medium_chest,9.99,800,1
TX000012423,147137,2026-03-25 19:26:32,medium_chest,9.99,800,1
TX000011752,107496,2026-03-25 19:28:10,small_pouch,4.99,350,1
TX000010919,118928,2026-03-25 19:31:14,medium_chest,9.99,800,1
TX000010606,118418,2026-03-25 19:32:16,starter_pouch,1.99,120,1
TX000010426,149109,2026-03-25 19:33:42,starter_pouch,1.99,120,1
TX000011226,136161,2026-03-25 19:35:59,starter_pouch,1.99,120,1
TX000005680,147752,2026-03-25 19:36:30,small_pouch,4.99,350,1
TX000013371,177759,2026-03-25 19:38:34,medium_chest,9.99,800,1
TX000008538,166975,2026-03-25 19:42:58,starter_pouch,1.99,120,1
TX000007951,157637,2026-03-25 19:45:45,starter_pouch,1.99,120,1
TX000006182,145260,2026-03-25 19:47:17,medium_chest,9.99,800,1
TX000004381,141171,2026-03-25 19:49:56,small_pouch,4.99,350,1
TX000006030,141581,2026-03-25 19:50:03,medium_chest,9.99,800,1
TX000007860,140434,2026-03-25 19:50:30,small_pouch,4.99,350,1
TX000008766,167911,2026-03-25 19:50:36,large_chest,19.99,1800,1
TX000000311,168745,2026-03-25 19:51:12,starter_pouch,1.99,120,1
TX000000891,170632,2026-03-25 19:51:26,mega_vault,99.99,11000,1
TX000013351,132780,2026-03-25 19:52:32,small_pouch,4.99,350,1
TX000007346,166326,2026-03-25 19:52:38,small_pouch,4.99,350,1
TX000005133,128027,2026-03-25 19:53:03,starter_pouch,1.99,120,1
TX000005069,112905,2026-03-25 19:53:47,large_chest,19.99,1800,1
TX000009953,127477,2026-03-25 20:04:34,medium_chest,9.99,800,1
TX000006916,130138,2026-03-25 20:05:30,medium_chest,9.99,800,1
TX000004696,144812,2026-03-25 20:05:55,large_chest,19.99,1800,1
TX000013615,158191,2026-03-25 20:07:18,small_pouch,4.99,350,1
TX000012847,134135,2026-03-25 20:09:03,large_chest,19.99,1800,1
TX000009906,166164,2026-03-25 20:09:11,large_chest,19.99,1800,1
TX000002223,124175,2026-03-25 20:10:59,starter_pouch,1.99,120,1
TX000015072,168037,2026-03-25 20:14:25,starter_pouch,1.99,120,1
TX000014972,158833,2026-03-25 20:16:11,large_chest,19.99,1800,1
TX000008356,160847,2026-03-25 20:19:00,small_pouch,4.99,350,1
TX000005065,163375,2026-03-25 20:19:40,small_pouch,4.99,350,1
TX000000339,106635,2026-03-25 20:19:48,large_chest,19.99,1800,1
TX000012678,125045,2026-03-25 20:21:18,small_pouch,4.99,350,1
TX000011094,137418,2026-03-25 20:22:23,starter_pouch,1.99,120,1
TX000010078,165311,2026-03-25 20:23:00,medium_chest,9.99,800,1
TX000002020,122639,2026-03-25 20:25:20,large_chest,19.99,1800,1
TX000011144,174389,2026-03-25 20:25:45,starter_pouch,1.99,120,1
TX000001440,177036,2026-03-25 20:26:04,medium_chest,9.99,800,1
TX000002472,105198,2026-03-25 20:26:27,medium_chest,9.99,800,1
TX000005851,139928,2026-03-25 20:27:53,starter_pouch,1.99,120,1
TX000008534,165148,2026-03-25 20:28:15,large_chest,19.99,1800,1
TX000009012,144578,2026-03-25 20:29:17,large_chest,19.99,1800,1
TX000003543,142798,2026-03-25 20:32:38,small_pouch,4.99,350,1
TX000003259,136483,2026-03-25 20:33:49,large_chest,19.99,1800,1
TX000014240,100708,2026-03-25 20:34:29,small_pouch,4.99,350,1
TX000005218,162080,2026-03-25 20:36:24,small_pouch,4.99,350,1
TX000008858,151543,2026-03-25 20:36:32,medium_chest,9.99,800,1
TX000006134,180291,2026-03-25 20:38:27,large_chest,19.99,1800,1
TX000004897,160841,2026-03-25 20:42:36,starter_pouch,1.99,120,1
TX000006058,131079,2026-03-25 20:42:40,starter_pouch,1.99,120,1
TX000005862,100993,2026-03-25 20:45:54,starter_pouch,1.99,120,1
TX000008600,118985,2026-03-25 20:48:58,medium_chest,9.99,800,1
TX000011434,152375,2026-03-25 20:50:45,large_chest,19.99,1800,1
TX000004249,114477,2026-03-25 20:52:08,large_chest,19.99,1800,1
TX000012021,133551,2026-03-25 20:52:34,small_pouch,4.99,350,1
TX000005125,108435,2026-03-25 20:53:19,starter_pouch,1.99,120,1
TX000009260,121595,2026-03-25 20:53:34,starter_pouch,1.99,120,1
TX000006505,107457,2026-03-25 20:55:01,large_chest,19.99,1800,1
TX000013268,132343,2026-03-25 20:56:03,starter_pouch,1.99,120,1
TX000006796,113590,2026-03-25 20:57:59,starter_pouch,1.99,120,1
TX000000334,125548,2026-03-25 20:59:51,small_pouch,4.99,350,1
TX000000206,165609,2026-03-25 21:02:35,medium_chest,9.99,800,1
TX000014234,131078,2026-03-25 21:03:16,starter_pouch,1.99,120,1
TX000003549,168090,2026-03-25 21:06:54,small_pouch,4.99,350,1
TX000007904,102267,2026-03-25 21:07:57,starter_pouch,1.99,120,1
TX000001520,115860,2026-03-25 21:08:45,large_chest,19.99,1800,1
TX000008669,131764,2026-03-25 21:10:48,starter_pouch,1.99,120,1
TX000013101,143204,2026-03-25 21:11:02,medium_chest,9.99,800,1
TX000010066,138028,2026-03-25 21:11:38,medium_chest,9.99,800,1
TX000011156,134617,2026-03-25 21:11:50,medium_chest,9.99,800,1
TX000010993,138901,2026-03-25 21:13:03,small_pouch,4.99,350,1
TX000009868,101740,2026-03-25 21:13:40,small_pouch,4.99,350,1
TX000007839,118963,2026-03-25 21:14:01,small_pouch,4.99,350,1
TX000010587,142072,2026-03-25 21:16:38,medium_chest,9.99,800,1
TX000006071,125897,2026-03-25 21:16:47,starter_pouch,1.99,120,1
TX000002011,108904,2026-03-25 21:17:19,starter_pouch,1.99,120,1
TX000006087,119254,2026-03-25 21:18:46,small_pouch,4.99,350,1
TX000011987,109631,2026-03-25 21:19:14,starter_pouch,1.99,120,1
TX000003563,108642,2026-03-25 21:23:27,starter_pouch,1.99,120,1
TX000012750,169247,2026-03-25 21:26:08,small_pouch,4.99,350,1
TX000008047,113572,2026-03-25 21:28:08,starter_pouch,1.99,120,1
TX000011796,117294,2026-03-25 21:28:27,small_pouch,4.99,350,1
TX000013742,179372,2026-03-25 21:28:38,starter_pouch,1.99,120,1
TX000005759,169574,2026-03-25 21:28:58,small_pouch,4.99,350,1
TX000001343,146029,2026-03-25 21:33:22,starter_pouch,1.99,120,1
TX000015218,133284,2026-03-25 21:33:45,small_pouch,4.99,350,1
TX000008100,101110,2026-03-25 21:36:20,starter_pouch,1.99,120,1
TX000009731,146539,2026-03-25 21:36:35,starter_pouch,1.99,120,1
TX000002961,171968,2026-03-25 21:39:33,starter_pouch,1.99,120,1
TX000004154,167583,2026-03-25 21:40:49,small_pouch,4.99,350,1
TX000007594,177982,2026-03-25 21:41:16,medium_chest,9.99,800,1
TX000014617,107860,2026-03-25 21:41:17,small_pouch,4.99,350,1
TX000015285,151720,2026-03-25 21:42:26,large_chest,19.99,1800,1
TX000006195,135215,2026-03-25 21:48:14,large_chest,19.99,1800,1
TX000000178,107516,2026-03-25 21:48:44,small_pouch,4.99,350,1
TX000003502,149041,2026-03-25 21:51:56,small_pouch,4.99,350,1
TX000001520,115860,2026-03-25 21:52:30,large_chest,19.99,1800,1
TX000000145,138924,2026-03-25 21:55:42,small_pouch,4.99,350,1
TX000000123,177198,2026-03-25 21:56:47,medium_chest,9.99,800,1
TX000000702,114310,2026-03-25 21:57:14,small_pouch,4.99,350,1
TX000003771,167792,2026-03-25 21:57:21,starter_pouch,1.99,120,1
TX000000051,159540,2026-03-25 21:58:15,medium_chest,9.99,800,1
TX000008549,175775,2026-03-25 21:59:56,small_pouch,4.99,350,1
TX000013775,168139,2026-03-25 22:03:18,small_pouch,4.99,350,1
TX000006808,131292,2026-03-25 22:07:29,small_pouch,4.99,350,1
TX000000625,115858,2026-03-25 22:10:59,medium_chest,9.99,800,1
TX000004142,145946,2026-03-25 22:11:03,starter_pouch,1.99,120,1
TX000005984,178606,2026-03-25 22:11:14,large_chest,19.99,1800,1
TX000011057,130678,2026-03-25 22:13:13,small_pouch,4.99,350,1
TX000004860,104205,2026-03-25 22:13:44,mega_vault,99.99,11000,1
TX000006094,120713,2026-03-25 22:16:12,small_pouch,4.99,350,1
TX000003834,118823,2026-03-25 22:18:47,medium_chest,9.99,800,1
TX000004113,131998,2026-03-25 22:18:49,starter_pouch,1.99,120,1
TX000008474,127533,2026-03-25 22:19:07,small_pouch,4.99,350,1
TX000009197,161771,2026-03-25 22:19:45,starter_pouch,1.99,120,1
TX000001026,111462,2026-03-25 22:27:27,small_pouch,4.99,350,1
TX000014690,122766,2026-03-25 22:31:27,starter_pouch,1.99,120,1
TX000003981,169777,2026-03-25 22:31:48,large_chest,19.99,1800,1
TX000000869,179232,2026-03-25 22:36:03,starter_pouch,1.99,120,1
TX000003649,131998,2026-03-25 22:39:23,starter_pouch,1.99,120,1
TX000006259,145599,2026-03-25 22:39:56,large_chest,19.99,1800,1
TX000012492,173753,2026-03-25 22:43:25,medium_chest,9.99,800,1
TX000009744,128811,2026-03-25 22:44:53,starter_pouch,1.99,120,1
TX000005100,157692,2026-03-25 22:45:44,mega_vault,99.99,11000,1
TX000007898,122977,2026-03-25 22:45:48,vault,49.99,5000,1
TX000007440,116769,2026-03-25 22:48:07,small_pouch,4.99,350,1
TX000004421,109010,2026-03-25 22:49:47,medium_chest,9.99,800,1
TX000000337,108386,2026-03-25 22:49:56,medium_chest,9.99,800,1
TX000006536,147039,2026-03-25 22:53:00,small_pouch,4.99,350,1
TX000012741,144745,2026-03-25 22:56:26,starter_pouch,1.99,120,1
TX000001748,160906,2026-03-25 22:57:15,medium_chest,9.99,800,1
TX000002420,107471,2026-03-25 22:59:37,medium_chest,9.99,800,1
TX000014466,136355,2026-03-25 23:09:30,large_chest,19.99,1800,1
TX000008155,156084,2026-03-25 23:09:56,large_chest,19.99,1800,1
TX000003388,118960,2026-03-25 23:12:12,large_chest,19.99,1800,1
TX000001777,116738,2026-03-25 23:15:32,large_chest,19.99,1800,1
TX000003760,107444,2026-03-25 23:15:44,starter_pouch,1.99,120,1
TX000013400,140678,2026-03-25 23:16:33,medium_chest,9.99,800,1
TX000007675,149603,2026-03-25 23:18:21,starter_pouch,1.99,120,1
TX000006697,141631,2026-03-25 23:20:13,starter_pouch,1.99,120,1
TX000002201,143037,2026-03-25 23:21:06,medium_chest,9.99,800,1
TX000007566,171880,2026-03-25 23:21:21,large_chest,19.99,1800,1
TX000007331,132564,2026-03-25 23:27:54,medium_chest,9.99,800,1
TX000013541,109768,2026-03-25 23:28:32,starter_pouch,1.99,120,1
TX000005086,130944,2026-03-25 23:31:35,starter_pouch,1.99,120,1
TX000009911,170977,2026-03-25 23:32:02,small_pouch,4.99,350,1
TX000009044,136864,2026-03-25 23:36:04,large_chest,19.99,1800,1
TX000001219,108955,2026-03-25 23:40:43,medium_chest,9.99,800,1
TX000006629,141616,2026-03-25 23:42:03,large_chest,19.99,1800,1
TX000014763,132260,2026-03-25 23:43:33,medium_chest,9.99,800,1
TX000009318,109768,2026-03-25 23:51:08,starter_pouch,1.99,120,1
TX000003681,155286,2026-03-25 23:54:27,large_chest,19.99,1800,1
TX000004342,111125,2026-03-25 23:54:57,large_chest,19.99,1800,1
TX000013570,101647,2026-03-25 23:59:56,small_pouch,4.99,350,1
TX000006449,126397,2026-03-25 23:59:56,starter_pouch,1.99,120,1
TX000012443,139595,2026-03-25 23:59:56,large_chest,19.99,1800,1
TX000003992,146812,2026-03-25 23:59:56,starter_pouch,1.99,120,1
TX000012672,100235,2026-03-25 23:59:56,medium_chest,9.99,800,1
TX000001115,141972,2026-03-25 23:59:56,large_chest,19.99,1800,1
TX000001780,149476,2026-03-25 23:59:56,medium_chest,9.99,800,1
TX000008448,150231,2026-03-25 23:59:56,large_chest,19.99,1800,1
TX000009803,133845,2026-03-25 23:59:56,starter_pouch,1.99,120,1
TX000010679,170260,2026-03-26 06:01:33,starter_pouch,1.99,120,0
TX000000002,113843,2026-03-26 06:25:06,medium_chest,9.99,800,0
TX000009476,164183,2026-03-26 06:27:47,starter_pouch,1.99,120,0
TX000008518,167489,2026-03-26 06:42:45,medium_chest,9.99,800,0
TX000010877,127230,2026-03-26 08:23:24,medium_chest,9.99,800,0
TX000006391,124038,2026-03-26 08:43:27,vault,49.99,5000,0
TX000005763,139812,2026-03-26 08:52:10,starter_pouch,1.99,120,0
TX000008732,177137,2026-03-26 09:16:43,medium_chest,9.99,800,0
TX000006970,124256,2026-03-26 09:41:17,starter_pouch,1.99,120,0
TX000009748,175675,2026-03-26 10:25:37,small_pouch,4.99,350,0
TX000013699,152541,2026-03-26 10:41:01,vault,49.99,5000,0
TX000013412,123447,2026-03-26 10:47:41,starter_pouch,1.99,120,0
TX000010674,108282,2026-03-26 10:51:51,starter_pouch,1.99,120,0
TX000005014,175154,2026-03-26 11:05:47,small_pouch,4.99,350,0
TX000009443,124845,2026-03-26 12:03:33,small_pouch,4.99,350,0
TX000005155,115445,2026-03-26 12:05:05,starter_pouch,1.99,120,0
TX000011319,136529,2026-03-26 12:07:22,large_chest,19.99,1800,0
TX000002843,127858,2026-03-26 12:47:03,small_pouch,4.99,350,0
TX000012566,103600,2026-03-26 12:49:04,small_pouch,4.99,350,0
TX000015237,174166,2026-03-26 13:13:57,small_pouch,4.99,350,0
TX000008622,131629,2026-03-26 13:33:41,vault,49.99,5000,0
TX000003863,163611,2026-03-26 13:56:06,starter_pouch,-1.99,-120,0
TX000005589,106377,2026-03-26 14:32:22,mega_vault,99.99,11000,0
TX000014910,151198,2026-03-26 15:44:59,starter_pouch,1.99,120,0
TX000002602,112925,2026-03-26 16:04:35,small_pouch,4.99,350,0
TX000014894,130707,2026-03-26 16:19:12,medium_chest,9.99,800,0
TX000009104,102747,2026-03-26 16:21:50,large_chest,19.99,1800,0
TX000009096,173158,2026-03-26 16:54:30,medium_chest,9.99,800,0
TX000000539,144692,2026-03-26 16:57:28,small_pouch,4.99,350,0
TX000007840,176876,2026-03-26 17:11:13,medium_chest,9.99,800,0
TX000003313,131624,2026-03-26 17:13:23,large_chest,19.99,1800,0
TX000007697,163896,2026-03-26 17:29:02,mega_vault,99.99,11000,0
TX000000211,116350,2026-03-26 17:45:17,vault,49.99,5000,0
TX000002887,171306,2026-03-26 17:53:08,starter_pouch,1.99,120,0
TX000002129,134730,2026-03-26 18:09:02,small_pouch,4.99,350,0
TX000006188,142331,2026-03-26 18:17:57,vault,49.99,5000,0
TX000001222,102627,2026-03-26 18:21:43,starter_pouch,1.99,120,0
TX000007197,174577,2026-03-26 18:31:18,medium_chest,9.99,800,0
TX000013079,136482,2026-03-26 18:50:26,starter_pouch,1.99,120,0
TX000001102,153231,2026-03-26 18:52:22,large_chest,19.99,1800,0
TX000009711,103302,2026-03-26 18:57:35,vault,49.99,5000,0
TX000002435,174819,2026-03-26 19:00:10,large_chest,19.99,1800,0
TX000004291,121831,2026-03-26 19:05:41,mega_vault,99.99,11000,0
TX000012664,113392,2026-03-26 19:06:45,vault,49.99,5000,0
TX000008078,150035,2026-03-26 19:10:59,starter_pouch,1.99,120,0
TX000013086,150936,2026-03-26 19:20:27,vault,49.99,5000,0
TX000012834,119523,2026-03-26 19:23:55,medium_chest,9.99,800,0
TX000002401,139457,2026-03-26 19:26:25,small_pouch,4.99,350,0
TX000013430,168726,2026-03-26 19:32:45,large_chest,19.99,1800,0
TX000013206,103433,2026-03-26 19:34:23,large_chest,19.99,1800,0
TX000002819,144320,2026-03-26 19:48:27,starter_pouch,1.99,120,0
TX000011611,173090,2026-03-26 19:52:21,starter_pouch,1.99,120,0
TX000004923,155508,2026-03-26 19:52:42,medium_chest,9.99,800,0
TX000011780,143202,2026-03-26 20:02:45,small_pouch,4.99,350,0
TX000006640,135471,2026-03-26 20:03:03,vault,49.99,5000,0
TX000007803,157622,2026-03-26 20:07:20,starter_pouch,1.99,120,0
TX000011550,150294,2026-03-26 20:09:09,medium_chest,9.99,800,0
TX000009892,104866,2026-03-26 20:28:12,starter_pouch,1.99,120,0
TX000006122,166096,2026-03-26 20:28:16,starter_pouch,1.99,120,0
TX000010727,156712,2026-03-26 20:41:40,small_pouch,4.99,350,0
TX000013246,166914,2026-03-26 20:48:01,medium_chest,9.99,800,0
TX000007214,134389,2026-03-26 20:48:21,starter_pouch,1.99,120,0
TX000001310,145539,2026-03-26 20:48:49,medium_chest,9.99,800,0
TX000005122,114482,2026-03-26 20:56:11,vault,49.99,5000,0
TX000005555,145748,2026-03-26 21:01:22,medium_chest,9.99,800,0
TX000003487,175005,2026-03-26 21:09:20,medium_chest,9.99,800,0
TX000010830,149106,2026-03-26 21:15:30,mega_vault,99.99,11000,0
TX000008040,142484,2026-03-26 21:19:32,starter_pouch,1.99,120,0
TX000006640,135471,2026-03-26 21:23:27,vault,49.99,5000,0
TX000005772,155407,2026-03-26 21:28:54,starter_pouch,1.99,120,0
TX000008663,139149,2026-03-26 21:39:10,vault,49.99,5000,0
TX000006660,105864,2026-03-26 21:51:25,starter_pouch,-1.99,-120,0
TX000012800,102262,2026-03-26 21:52:58,starter_pouch,1.99,120,0
TX000009808,118835,2026-03-26 21:57:29,small_pouch,4.99,350,0
TX000007913,108904,2026-03-26 21:58:25,starter_pouch,-1.99,-120,1
TX000002748,174847,2026-03-26 22:20:10,starter_pouch,1.99,120,0
TX000005809,124497,2026-03-26 22:21:54,vault,49.99,5000,0
TX000007478,150010,2026-03-26 22:40:49,vault,49.99,5000,0
TX000003396,138112,2026-03-26 22:52:43,medium_chest,9.99,800,0
TX000012357,170576,2026-03-26 23:07:17,mega_vault,-99.99,-11000,0
TX000005704,140528,2026-03-26 23:41:17,starter_pouch,1.99,120,0
TX000005996,133840,2026-03-26 23:54:41,starter_pouch,1.99,120,0
TX000007749,102025,2026-03-26 23:59:56,large_chest,19.99,1800,0
TX000005507,109192,2026-03-26 23:59:56,large_chest,19.99,1800,0
TX000000274,179649,2026-03-27 06:02:12,medium_chest,9.99,800,0
TX000010801,149384,2026-03-27 07:09:45,small_pouch,4.99,350,0
TX000014379,134960,2026-03-27 07:19:45,large_chest,19.99,1800,0
TX000011173,154290,2026-03-27 07:23:47,medium_chest,9.99,800,0
TX000010937,166331,2026-03-27 07:29:05,large_chest,19.99,1800,0
TX000002757,135252,2026-03-27 07:53:51,large_chest,19.99,1800,0
TX000005513,111307,2026-03-27 08:05:59,small_pouch,4.99,350,0
TX000014408,175490,2026-03-27 08:20:52,starter_pouch,1.99,120,0
TX000001495,106682,2026-03-27 08:40:47,starter_pouch,1.99,120,0
TX000014774,138924,2026-03-27 09:32:42,small_pouch,-4.99,-350,1
TX000008926,167807,2026-03-27 09:48:19,small_pouch,4.99,350,0
TX000011683,136041,2026-03-27 10:24:35,small_pouch,4.99,350,0
TX000011532,136970,2026-03-27 10:31:51,large_chest,19.99,1800,0
TX000002896,169159,2026-03-27 11:15:12,starter_pouch,1.99,120,0
TX000006350,105455,2026-03-27 11:19:27,starter_pouch,1.99,120,0
TX000002165,115442,2026-03-27 11:58:50,medium_chest,9.99,800,0
TX000008406,105431,2026-03-27 12:06:17,medium_chest,9.99,800,0
TX000008994,103357,2026-03-27 12:11:09,large_chest,19.99,1800,0
TX000010737,146252,2026-03-27 12:13:00,starter_pouch,1.99,120,0
TX000011485,131588,2026-03-27 12:29:28,large_chest,19.99,1800,0
TX000007827,144581,2026-03-27 12:32:07,small_pouch,4.99,350,0
TX000014237,140972,2026-03-27 12:51:26,starter_pouch,1.99,120,0
TX000010399,110047,2026-03-27 13:05:52,vault,49.99,5000,0
TX000010568,169169,2026-03-27 13:07:00,starter_pouch,1.99,120,0
TX000013160,141631,2026-03-27 13:29:01,small_pouch,4.99,350,0
TX000012947,160548,2026-03-27 13:47:34,large_chest,19.99,1800,0
TX000009110,167212,2026-03-27 13:58:38,starter_pouch,1.99,120,0
TX000009732,129016,2026-03-27 14:21:43,small_pouch,4.99,350,0
TX000004075,160724,2026-03-27 14:30:47,starter_pouch,1.99,120,0
TX000007825,174372,2026-03-27 14:54:35,starter_pouch,1.99,120,0
TX000011936,126923,2026-03-27 15:00:01,vault,49.99,5000,0
TX000009518,101587,2026-03-27 15:11:02,medium_chest,9.99,800,0
TX000010126,113320,2026-03-27 15:36:04,starter_pouch,1.99,120,0
TX000013308,175470,2026-03-27 16:31:31,large_chest,19.99,1800,0
TX000006002,122469,2026-03-27 16:35:38,medium_chest,9.99,800,0
TX000007649,115468,2026-03-27 16:45:37,starter_pouch,1.99,120,0
TX000014897,106635,2026-03-27 16:52:29,large_chest,-19.99,-1800,1
TX000014662,104168,2026-03-27 16:56:01,small_pouch,4.99,350,0
TX000008248,156441,2026-03-27 17:17:47,starter_pouch,1.99,120,0
TX000012910,166976,2026-03-27 17:52:47,medium_chest,9.99,800,0
TX000011860,146523,2026-03-27 17:56:55,large_chest,19.99,1800,0
TX000009616,114152,2026-03-27 18:23:30,starter_pouch,1.99,120,0
TX000006249,113800,2026-03-27 18:28:03,starter_pouch,-1.99,-120,1
TX000009854,176346,2026-03-27 18:36:17,starter_pouch,1.99,120,0
TX000011027,124546,2026-03-27 18:36:57,vault,49.99,5000,0
TX000012169,156712,2026-03-27 18:38:59,starter_pouch,1.99,120,0
TX000009634,124586,2026-03-27 18:40:53,large_chest,19.99,1800,0
TX000002911,110755,2026-03-27 18:53:31,small_pouch,4.99,350,0
TX000006268,142142,2026-03-27 18:56:57,small_pouch,-4.99,-350,1
TX000010996,174615,2026-03-27 19:04:20,medium_chest,9.99,800,0
TX000012665,140515,2026-03-27 19:06:10,large_chest,19.99,1800,0
TX000001865,170137,2026-03-27 19:11:51,starter_pouch,1.99,120,0
TX000001956,107567,2026-03-27 19:28:56,small_pouch,4.99,350,0
TX000012607,129145,2026-03-27 19:35:16,medium_chest,9.99,800,0
TX000002153,173603,2026-03-27 19:41:14,large_chest,19.99,1800,0
TX000000503,139099,2026-03-27 19:45:57,large_chest,19.99,1800,0
TX000004825,113992,2026-03-27 19:48:30,large_chest,19.99,1800,0
TX000014423,108090,2026-03-27 19:52:00,medium_chest,9.99,800,0
TX000014028,107945,2026-03-27 19:58:52,small_pouch,4.99,350,0
TX000015289,164248,2026-03-27 20:07:30,starter_pouch,1.99,120,0
TX000008457,105445,2026-03-27 20:17:19,medium_chest,9.99,800,0
TX000005048,123568,2026-03-27 20:32:00,small_pouch,4.99,350,0
TX000008525,164069,2026-03-27 20:34:37,large_chest,19.99,1800,0
TX000002478,166607,2026-03-27 20:35:08,small_pouch,4.99,350,0
TX000003561,143617,2026-03-27 20:35:39,medium_chest,9.99,800,0
TX000012885,103001,2026-03-27 20:45:50,small_pouch,4.99,350,0
TX000009620,176685,2026-03-27 20:48:03,medium_chest,9.99,800,0
TX000006508,141599,2026-03-27 20:51:12,medium_chest,9.99,800,0
TX000006962,167193,2026-03-27 20:52:16,small_pouch,4.99,350,0
TX000008947,115848,2026-03-27 20:57:51,medium_chest,9.99,800,0
TX000003151,150138,2026-03-27 21:08:08,medium_chest,9.99,800,0
TX000003576,120245,2026-03-27 21:31:31,mega_vault,99.99,11000,0
TX000010235,127923,2026-03-27 21:53:15,starter_pouch,1.99,120,0
TX000003393,150393,2026-03-27 22:18:40,starter_pouch,1.99,120,0
TX000004111,109522,2026-03-27 22:19:36,starter_pouch,1.99,120,0
TX000013943,129246,2026-03-27 22:22:18,starter_pouch,1.99,120,0
TX000004221,106218,2026-03-27 22:27:12,starter_pouch,1.99,120,0
TX000012603,129696,2026-03-27 22:27:19,starter_pouch,1.99,120,0
TX000011027,124546,2026-03-27 22:30:47,vault,49.99,5000,0
TX000012792,125994,2026-03-27 22:39:38,medium_chest,9.99,800,0
TX000008908,121961,2026-03-27 22:43:12,vault,49.99,5000,0
TX000010482,109555,2026-03-27 22:44:26,small_pouch,4.99,350,0
TX000000953,132704,2026-03-27 22:52:30,medium_chest,9.99,800,0
TX000010634,150761,2026-03-27 22:53:52,starter_pouch,1.99,120,0
TX000014959,104218,2026-03-27 22:54:44,large_chest,19.99,1800,0
TX000007176,113068,2026-03-27 23:33:04,small_pouch,4.99,350,0
TX000013567,134411,2026-03-27 23:53:08,large_chest,19.99,1800,0
TX000003410,111327,2026-03-27 23:59:56,medium_chest,9.99,800,0
TX000002522,119987,2026-03-27 23:59:56,large_chest,19.99,1800,0
TX000014636,105725,2026-03-27 23:59:56,vault,49.99,5000,0
TX000004777,141980,2026-03-28 06:07:27,small_pouch,4.99,350,0
TX000002433,101916,2026-03-28 06:27:40,starter_pouch,1.99,120,0
TX000011989,144703,2026-03-28 06:50:32,small_pouch,4.99,350,0
TX000001324,140602,2026-03-28 06:54:15,small_pouch,4.99,350,0
TX000009574,123894,2026-03-28 06:58:50,starter_pouch,1.99,120,0
TX000006774,173097,2026-03-28 07:35:35,small_pouch,4.99,350,0
TX000007271,174749,2026-03-28 07:35:37,starter_pouch,1.99,120,0
TX000005390,139927,2026-03-28 08:13:39,medium_chest,9.99,800,0
TX000002876,134800,2026-03-28 08:47:24,vault,49.99,5000,0
TX000003340,156305,2026-03-28 09:05:14,starter_pouch,1.99,120,0
TX000009485,119669,2026-03-28 09:05:35,medium_chest,9.99,800,0
TX000012203,133898,2026-03-28 09:05:57,starter_pouch,1.99,120,0
TX000001332,175820,2026-03-28 09:27:46,starter_pouch,1.99,120,0
TX000001254,176462,2026-03-28 09:42:56,starter_pouch,1.99,120,0
TX000004104,165842,2026-03-28 09:46:18,small_pouch,4.99,350,0
TX000005393,129396,2026-03-28 09:48:59,starter_pouch,1.99,120,0
TX000000307,124471,2026-03-28 09:51:16,starter_pouch,1.99,120,0
TX000010977,125954,2026-03-28 10:19:33,small_pouch,4.99,350,0
TX000003861,142237,2026-03-28 10:38:23,mega_vault,99.99,11000,0
TX000012766,110946,2026-03-28 11:10:48,starter_pouch,1.99,120,0
TX000014496,152353,2026-03-28 11:17:53,vault,49.99,5000,0
TX000007927,134827,2026-03-28 12:02:29,vault,49.99,5000,0
TX000006574,162397,2026-03-28 12:10:23,small_pouch,4.99,350,0
TX000003304,144146,2026-03-28 12:10:48,large_chest,19.99,1800,0
TX000002206,142776,2026-03-28 12:12:11,starter_pouch,1.99,120,0
TX000013673,139869,2026-03-28 12:16:02,mega_vault,99.99,11000,0
TX000000410,133896,2026-03-28 12:30:35,starter_pouch,1.99,120,0
TX000012641,176158,2026-03-28 13:11:42,medium_chest,9.99,800,0
TX000003418,153786,2026-03-28 13:17:51,small_pouch,4.99,350,0
TX000003599,113229,2026-03-28 13:20:50,starter_pouch,1.99,120,0
TX000009449,103934,2026-03-28 14:32:12,medium_chest,9.99,800,0
TX000008524,128951,2026-03-28 14:53:37,large_chest,19.99,1800,0
TX000013142,146547,2026-03-28 14:57:53,small_pouch,4.99,350,0
TX000010042,136087,2026-03-28 15:21:17,small_pouch,4.99,350,0
TX000009513,145243,2026-03-28 15:39:37,starter_pouch,1.99,120,0
TX000002051,170760,2026-03-28 15:44:31,small_pouch,4.99,350,0
TX000001279,118111,2026-03-28 15:56:39,medium_chest,9.99,800,0
TX000009179,158335,2026-03-28 16:08:37,small_pouch,4.99,350,0
TX000009195,148529,2026-03-28 16:12:38,starter_pouch,1.99,120,0
TX000002247,113410,2026-03-28 16:13:11,medium_chest,9.99,800,0
TX000010390,173603,2026-03-28 16:51:19,starter_pouch,1.99,120,0
TX000006693,174390,2026-03-28 16:55:14,large_chest,19.99,1800,0
TX000008278,115212,2026-03-28 17:07:17,large_chest,19.99,1800,0
TX000013091,179087,2026-03-28 17:10:47,medium_chest,9.99,800,0
TX000010596,126927,2026-03-28 17:19:51,large_chest,19.99,1800,0
TX000001585,149776,2026-03-28 17:21:12,starter_pouch,1.99,120,0
TX000007404,126595,2026-03-28 17:35:10,medium_chest,9.99,800,0
TX000009150,106196,2026-03-28 17:40:43,starter_pouch,1.99,120,0
TX000011821,157570,2026-03-28 17:40:50,starter_pouch,1.99,120,0
TX000012189,157963,2026-03-28 17:49:01,starter_pouch,1.99,120,0
TX000013253,126292,2026-03-28 17:52:55,starter_pouch,1.99,120,0
TX000010188,167291,2026-03-28 18:19:26,starter_pouch,1.99,120,0
TX000004094,141612,2026-03-28 18:23:55,starter_pouch,1.99,120,0
TX000003711,111283,2026-03-28 18:26:38,medium_chest,9.99,800,0
TX000008543,146840,2026-03-28 18:30:23,vault,49.99,5000,0
TX000010733,166856,2026-03-28 18:35:51,large_chest,19.99,1800,0
TX000009045,155583,2026-03-28 18:48:15,medium_chest,9.99,800,0
TX000008440,178968,2026-03-28 19:05:53,small_pouch,4.99,350,0
TX000005647,110792,2026-03-28 19:09:16,small_pouch,4.99,350,0
TX000011354,116592,2026-03-28 19:18:28,vault,49.99,5000,0
TX000002790,131169,2026-03-28 19:32:36,medium_chest,9.99,800,0
TX000009191,138092,2026-03-28 19:34:47,starter_pouch,1.99,120,0
TX000000684,107065,2026-03-28 19:37:05,starter_pouch,1.99,120,0
TX000001157,164464,2026-03-28 19:43:40,vault,49.99,5000,0
TX000009334,128015,2026-03-28 20:09:32,medium_chest,9.99,800,0
TX000010217,147157,2026-03-28 20:10:07,starter_pouch,1.99,120,0
TX000015200,163103,2026-03-28 20:13:50,medium_chest,9.99,800,0
TX000007856,143697,2026-03-28 20:15:23,small_pouch,4.99,350,0
TX000012079,159540,2026-03-28 20:18:26,medium_chest,-9.99,-800,1
TX000002394,177373,2026-03-28 20:21:44,small_pouch,4.99,350,0
TX000006406,144723,2026-03-28 20:27:24,large_chest,19.99,1800,0
TX000011749,164199,2026-03-28 20:35:28,small_pouch,4.99,350,0
TX000013236,102545,2026-03-28 20:36:03,starter_pouch,1.99,120,0
TX000013140,176277,2026-03-28 20:43:13,small_pouch,4.99,350,0
TX000012205,122926,2026-03-28 20:44:20,small_pouch,4.99,350,0
TX000013772,162728,2026-03-28 20:46:16,vault,49.99,5000,0
TX000004577,116196,2026-03-28 20:55:20,small_pouch,4.99,350,0
TX000003206,138838,2026-03-28 20:57:08,medium_chest,9.99,800,0
TX000010855,122067,2026-03-28 21:01:11,vault,49.99,5000,0
TX000012031,139053,2026-03-28 21:05:18,small_pouch,4.99,350,0
TX000002597,168537,2026-03-28 21:10:01,starter_pouch,1.99,120,0
TX000011207,109973,2026-03-28 21:20:23,starter_pouch,1.99,120,0
TX000005494,116433,2026-03-28 21:47:54,medium_chest,9.99,800,0
TX000014458,117495,2026-03-28 22:07:28,large_chest,19.99,1800,0
TX000014431,101995,2026-03-28 22:07:41,medium_chest,9.99,800,0
TX000014163,107530,2026-03-28 22:18:58,large_chest,19.99,1800,0
TX000006696,137253,2026-03-28 22:30:42,starter_pouch,1.99,120,0
TX000012065,121995,2026-03-28 22:31:19,starter_pouch,1.99,120,0
TX000010551,136139,2026-03-28 22:36:59,medium_chest,9.99,800,0
TX000000666,169169,2026-03-28 23:10:38,medium_chest,9.99,800,0
TX000001887,140464,2026-03-28 23:17:19,vault,49.99,5000,0
TX000007023,165538,2026-03-28 23:53:44,vault,49.99,5000,0
TX000014480,137851,2026-03-28 23:59:56,medium_chest,9.99,800,0
TX000002344,106550,2026-03-28 23:59:56,vault,49.99,5000,0
TX000000511,107569,2026-03-29 06:00:44,medium_chest,9.99,800,0
TX000004016,101161,2026-03-29 06:02:12,small_pouch,4.99,350,0
TX000007380,103335,2026-03-29 06:03:25,starter_pouch,1.99,120,0
TX000000958,104168,2026-03-29 06:34:23,starter_pouch,1.99,120,0
TX000010023,132522,2026-03-29 06:57:55,starter_pouch,1.99,120,0
TX000010237,138535,2026-03-29 07:04:10,starter_pouch,1.99,120,0
TX000002538,126679,2026-03-29 07:43:36,large_chest,19.99,1800,0
TX000010019,161784,2026-03-29 07:51:08,large_chest,19.99,1800,0
TX000013111,106391,2026-03-29 07:51:09,starter_pouch,1.99,120,0
TX000000889,104088,2026-03-29 08:01:46,medium_chest,9.99,800,0
TX000002850,100308,2026-03-29 08:49:28,medium_chest,9.99,800,0
TX000002730,134072,2026-03-29 08:58:43,small_pouch,4.99,350,0
TX000014127,146710,2026-03-29 09:07:14,small_pouch,4.99,350,0
TX000003510,111182,2026-03-29 09:20:52,small_pouch,4.99,350,0
TX000012353,173955,2026-03-29 09:26:00,vault,49.99,5000,0
TX000004194,133079,2026-03-29 09:45:52,vault,49.99,5000,0
TX000006532,150730,2026-03-29 10:31:20,small_pouch,4.99,350,0
TX000007406,135772,2026-03-29 10:43:38,starter_pouch,1.99,120,0
TX000006248,119334,2026-03-29 11:04:08,vault,49.99,5000,0
TX000006941,177508,2026-03-29 11:20:01,small_pouch,4.99,350,0
TX000009611,101171,2026-03-29 11:27:34,small_pouch,4.99,350,0
TX000007709,109606,2026-03-29 11:32:54,small_pouch,4.99,350,0
TX000003326,156164,2026-03-29 11:44:27,small_pouch,4.99,350,0
TX000008483,123179,2026-03-29 11:46:29,medium_chest,9.99,800,0
TX000013349,148165,2026-03-29 12:10:47,starter_pouch,1.99,120,0
TX000012365,105392,2026-03-29 12:22:36,medium_chest,9.99,800,0
TX000013373,142752,2026-03-29 12:52:30,starter_pouch,1.99,120,0
TX000003742,119949,2026-03-29 13:14:49,small_pouch,4.99,350,0
TX000001696,106550,2026-03-29 13:15:31,mega_vault,99.99,11000,0
TX000001573,174292,2026-03-29 13:28:33,starter_pouch,1.99,120,0
TX000010841,175502,2026-03-29 13:45:57,medium_chest,9.99,800,0
TX000002264,130087,2026-03-29 13:49:10,starter_pouch,1.99,120,0
TX000015049,162643,2026-03-29 13:50:48,starter_pouch,1.99,120,0
TX000004903,112179,2026-03-29 13:53:18,large_chest,19.99,1800,0
TX000007462,161689,2026-03-29 13:56:38,starter_pouch,1.99,120,0
TX000002396,178279,2026-03-29 14:01:11,starter_pouch,1.99,120,0
TX000004450,154617,2026-03-29 14:02:33,medium_chest,9.99,800,0
TX000007502,171519,2026-03-29 14:07:03,vault,49.99,5000,0
TX000004882,130020,2026-03-29 14:08:05,small_pouch,4.99,350,0
TX000011997,169963,2026-03-29 14:16:38,large_chest,19.99,1800,0
TX000006492,162320,2026-03-29 14:17:50,medium_chest,9.99,800,0
TX000013071,171157,2026-03-29 14:28:01,mega_vault,99.99,11000,0
TX000010832,145674,2026-03-29 14:37:42,mega_vault,99.99,11000,0
TX000010740,117430,2026-03-29 14:51:52,starter_pouch,1.99,120,0
TX000005477,158205,2026-03-29 15:14:26,small_pouch,4.99,350,0
TX000015202,150341,2026-03-29 15:14:34,medium_chest,9.99,800,0
TX000015205,118231,2026-03-29 15:23:40,small_pouch,4.99,350,0
TX000006594,169735,2026-03-29 15:25:07,starter_pouch,1.99,120,0
TX000014739,145156,2026-03-29 15:27:25,large_chest,19.99,1800,0
TX000003381,164698,2026-03-29 16:02:54,small_pouch,4.99,350,0
TX000002617,157191,2026-03-29 16:07:33,starter_pouch,1.99,120,0
TX000013108,114941,2026-03-29 16:18:06,medium_chest,9.99,800,0
TX000014235,104379,2026-03-29 16:39:25,starter_pouch,1.99,120,0
TX000014093,119517,2026-03-29 16:40:52,small_pouch,4.99,350,0
TX000014093,119517,2026-03-29 16:43:28,small_pouch,4.99,350,0
TX000012708,156728,2026-03-29 16:59:36,large_chest,19.99,1800,0
TX000006476,179680,2026-03-29 17:02:53,large_chest,19.99,1800,0
TX000001724,138903,2026-03-29 17:03:13,starter_pouch,1.99,120,0
TX000002797,163543,2026-03-29 17:05:48,small_pouch,4.99,350,0
TX000011017,123598,2026-03-29 17:07:31,medium_chest,9.99,800,0
TX000004885,155743,2026-03-29 17:11:22,small_pouch,4.99,350,0
TX000007489,146620,2026-03-29 17:26:24,starter_pouch,1.99,120,0
TX000007967,166214,2026-03-29 17:28:15,small_pouch,4.99,350,0
TX000014527,131360,2026-03-29 17:35:00,medium_chest,9.99,800,0
TX000002293,108664,2026-03-29 17:35:07,starter_pouch,1.99,120,0
TX000006339,110490,2026-03-29 17:36:09,starter_pouch,1.99,120,0
TX000003180,118371,2026-03-29 17:38:27,small_pouch,4.99,350,0
TX000015031,130953,2026-03-29 17:40:12,small_pouch,4.99,350,0
TX000012859,137453,2026-03-29 17:43:35,small_pouch,4.99,350,0
TX000006724,174372,2026-03-29 17:50:54,medium_chest,9.99,800,0
TX000004364,120757,2026-03-29 17:54:35,starter_pouch,1.99,120,0
TX000000626,118211,2026-03-29 17:55:44,starter_pouch,1.99,120,0
TX000013359,110868,2026-03-29 18:03:19,large_chest,19.99,1800,0
TX000014231,119964,2026-03-29 18:04:33,vault,49.99,5000,0
TX000004839,175941,2026-03-29 18:23:07,large_chest,19.99,1800,0
TX000002571,152353,2026-03-29 18:23:29,starter_pouch,1.99,120,0
TX000013444,122701,2026-03-29 18:25:34,starter_pouch,1.99,120,0
TX000008076,102736,2026-03-29 18:34:34,starter_pouch,1.99,120,0
TX000013055,145790,2026-03-29 18:34:54,vault,49.99,5000,0
TX000011167,105775,2026-03-29 18:35:08,medium_chest,9.99,800,0
TX000011160,144030,2026-03-29 18:36:30,starter_pouch,-1.99,-120,1
TX000012980,115992,2026-03-29 18:51:39,medium_chest,9.99,800,0
TX000014590,160076,2026-03-29 18:54:12,small_pouch,4.99,350,0
TX000006844,164281,2026-03-29 18:59:08,small_pouch,4.99,350,0
TX000002971,168450,2026-03-29 19:00:51,starter_pouch,1.99,120,0
TX000013191,126014,2026-03-29 19:02:03,small_pouch,4.99,350,0
TX000000922,136944,2026-03-29 19:14:08,small_pouch,4.99,350,0
TX000009608,121717,2026-03-29 19:14:47,vault,49.99,5000,0
TX000009845,117128,2026-03-29 19:17:09,starter_pouch,1.99,120,0
TX000008049,121334,2026-03-29 19:19:23,small_pouch,4.99,350,0
TX000000073,176646,2026-03-29 19:19:35,vault,49.99,5000,0
TX000007146,140595,2026-03-29 19:30:06,starter_pouch,1.99,120,0
TX000001792,119664,2026-03-29 19:33:08,large_chest,19.99,1800,0
TX000014215,110385,2026-03-29 19:35:09,mega_vault,99.99,11000,0
TX000004318,148464,2026-03-29 19:35:30,starter_pouch,1.99,120,0
TX000003606,168823,2026-03-29 19:35:49,small_pouch,4.99,350,0
TX000003198,174926,2026-03-29 19:37:06,starter_pouch,1.99,120,0
TX000006512,126296,2026-03-29 19:40:12,small_pouch,4.99,350,0
TX000007484,126950,2026-03-29 19:40:42,large_chest,19.99,1800,0
TX000002039,120560,2026-03-29 19:42:02,medium_chest,9.99,800,0
TX000000058,156004,2026-03-29 19:44:24,large_chest,19.99,1800,0
TX000014541,133495,2026-03-29 19:46:39,vault,49.99,5000,0
TX000006958,137139,2026-03-29 19:49:15,medium_chest,9.99,800,0
TX000005293,172433,2026-03-29 19:49:45,small_pouch,4.99,350,0
TX000010089,115315,2026-03-29 19:50:36,starter_pouch,1.99,120,0
TX000008198,127297,2026-03-29 19:51:21,starter_pouch,1.99,120,0
TX000003280,132013,2026-03-29 19:54:09,small_pouch,4.99,350,0
TX000015010,177295,2026-03-29 20:00:17,small_pouch,4.99,350,0
TX000007148,107902,2026-03-29 20:00:45,starter_pouch,1.99,120,0
TX000012990,144308,2026-03-29 20:04:58,starter_pouch,1.99,120,0
TX000014476,138402,2026-03-29 20:17:19,starter_pouch,1.99,120,0
TX000003610,123789,2026-03-29 20:21:58,small_pouch,4.99,350,0
TX000013336,107339,2026-03-29 20:22:23,small_pouch,4.99,350,0
TX000009550,113579,2026-03-29 20:23:31,starter_pouch,1.99,120,0
TX000011760,126994,2026-03-29 20:24:03,starter_pouch,1.99,120,0
TX000000734,143919,2026-03-29 20:30:10,medium_chest,9.99,800,0
TX000007237,179112,2026-03-29 20:33:56,starter_pouch,1.99,120,0
TX000009701,145200,2026-03-29 20:34:05,mega_vault,99.99,11000,0
TX000009264,131804,2026-03-29 20:37:57,medium_chest,9.99,800,0
TX000014448,169104,2026-03-29 20:38:37,large_chest,19.99,1800,0
TX000010922,146280,2026-03-29 20:39:42,starter_pouch,1.99,120,0
TX000006526,174558,2026-03-29 20:41:35,small_pouch,4.99,350,0
TX000014024,107567,2026-03-29 20:53:30,starter_pouch,1.99,120,0
TX000010001,142959,2026-03-29 20:54:23,medium_chest,9.99,800,0
TX000007857,108007,2026-03-29 20:54:58,small_pouch,4.99,350,0
TX000010230,148103,2026-03-29 20:55:07,vault,49.99,5000,0
TX000001127,163869,2026-03-29 20:55:56,small_pouch,4.99,350,0
TX000003538,140116,2026-03-29 20:59:13,small_pouch,4.99,350,0
TX000004030,103920,2026-03-29 20:59:54,medium_chest,-9.99,-800,1
TX000004966,134336,2026-03-29 21:02:57,starter_pouch,1.99,120,0
TX000005844,129540,2026-03-29 21:03:35,starter_pouch,1.99,120,0
TX000007030,104347,2026-03-29 21:09:30,small_pouch,4.99,350,0
TX000006770,106010,2026-03-29 21:11:44,large_chest,19.99,1800,0
TX000002606,176878,2026-03-29 21:12:26,vault,49.99,5000,0
TX000000313,122411,2026-03-29 21:21:24,medium_chest,9.99,800,0
TX000012447,153452,2026-03-29 21:25:11,starter_pouch,1.99,120,0
TX000010487,128768,2026-03-29 21:25:21,small_pouch,4.99,350,0
TX000013669,149211,2026-03-29 21:26:48,starter_pouch,1.99,120,0
TX000009187,103311,2026-03-29 21:32:41,small_pouch,4.99,350,0
TX000010459,151138,2026-03-29 21:33:06,large_chest,19.99,1800,0
TX000011501,158453,2026-03-29 21:33:37,medium_chest,9.99,800,0
TX000011376,160528,2026-03-29 21:34:18,starter_pouch,1.99,120,0
TX000001145,171980,2026-03-29 21:39:46,medium_chest,9.99,800,0
TX000004347,115989,2026-03-29 21:41:48,medium_chest,9.99,800,0
TX000009926,143334,2026-03-29 21:41:55,small_pouch,4.99,350,0
TX000012716,170545,2026-03-29 21:41:59,small_pouch,4.99,350,0
TX000014598,166611,2026-03-29 21:42:07,starter_pouch,1.99,120,0
TX000007619,126289,2026-03-29 21:43:09,starter_pouch,1.99,120,0
TX000002421,171663,2026-03-29 21:47:18,large_chest,19.99,1800,0
TX000000791,164202,2026-03-29 21:56:38,starter_pouch,1.99,120,0
TX000007805,171191,2026-03-29 21:57:05,small_pouch,4.99,350,0
TX000011834,116299,2026-03-29 21:57:25,starter_pouch,1.99,120,0
TX000010011,136151,2026-03-29 21:57:31,starter_pouch,1.99,120,0
TX000006662,126629,2026-03-29 21:59:36,starter_pouch,1.99,120,0
TX000015002,162542,2026-03-29 22:00:08,large_chest,19.99,1800,0
TX000008794,136671,2026-03-29 22:01:46,small_pouch,4.99,350,0
TX000001985,126785,2026-03-29 22:04:40,medium_chest,9.99,800,0
TX000008038,113230,2026-03-29 22:06:39,small_pouch,4.99,350,0
TX000004105,157015,2026-03-29 22:10:02,small_pouch,4.99,350,0
TX000008793,145334,2026-03-29 22:16:24,small_pouch,4.99,350,0
TX000000747,168015,2026-03-29 22:35:54,starter_pouch,1.99,120,0
TX000015221,147692,2026-03-29 22:39:30,starter_pouch,1.99,120,0
TX000007298,115555,2026-03-29 22:44:02,starter_pouch,1.99,120,0
TX000014465,136675,2026-03-29 22:45:44,starter_pouch,1.99,120,0
TX000006308,135877,2026-03-29 23:08:06,large_chest,19.99,1800,0
TX000004476,105551,2026-03-29 23:21:32,medium_chest,9.99,800,0
TX000003450,170574,2026-03-29 23:34:29,starter_pouch,1.99,120,0
TX000010769,169962,2026-03-29 23:53:54,medium_chest,9.99,800,0
TX000011459,125836,2026-03-29 23:59:56,mega_vault,99.99,11000,0
TX000012539,104567,2026-03-29 23:59:56,small_pouch,4.99,350,0
TX000004658,145221,2026-03-29 23:59:56,starter_pouch,1.99,120,0
TX000012238,156305,2026-03-29 23:59:56,large_chest,19.99,1800,0
TX000002962,132124,2026-03-29 23:59:56,medium_chest,9.99,800,0
TX000014104,176358,2026-03-29 23:59:56,medium_chest,9.99,800,0
TX000015261,135144,2026-03-29 23:59:56,small_pouch,4.99,350,0
TX000008167,179571,2026-03-30 06:10:06,starter_pouch,1.99,120,0
TX000009426,110197,2026-03-30 06:23:15,starter_pouch,1.99,120,0
TX000013507,147708,2026-03-30 06:35:12,small_pouch,4.99,350,0
TX000000528,105019,2026-03-30 06:53:10,small_pouch,4.99,350,0
TX000009442,147547,2026-03-30 06:54:38,medium_chest,9.99,800,0
TX000003305,119880,2026-03-30 07:09:58,medium_chest,9.99,800,0
TX000014369,154369,2026-03-30 07:18:57,starter_pouch,1.99,120,0
TX000000714,167253,2026-03-30 07:22:40,starter_pouch,1.99,120,0
TX000006911,102747,2026-03-30 07:45:02,small_pouch,4.99,350,0
TX000003915,131923,2026-03-30 07:46:26,starter_pouch,1.99,120,0
TX000014840,121717,2026-03-30 07:51:48,small_pouch,4.99,350,0
TX000009143,124586,2026-03-30 08:25:16,starter_pouch,1.99,120,0
TX000013196,139341,2026-03-30 08:33:04,large_chest,19.99,1800,0
TX000000846,168931,2026-03-30 08:37:38,starter_pouch,1.99,120,0
TX000007687,134205,2026-03-30 08:48:30,vault,49.99,5000,0
TX000009780,123829,2026-03-30 08:54:33,starter_pouch,-1.99,-120,1
TX000008547,163289,2026-03-30 08:55:07,large_chest,19.99,1800,0
TX000009966,124497,2026-03-30 08:56:44,large_chest,19.99,1800,0
TX000009769,107750,2026-03-30 09:01:48,small_pouch,4.99,350,0
TX000007625,145365,2026-03-30 09:09:18,mega_vault,99.99,11000,0
TX000006102,102280,2026-03-30 09:17:08,medium_chest,9.99,800,0
TX000008175,130868,2026-03-30 09:22:47,medium_chest,9.99,800,0
TX000010839,124767,2026-03-30 09:40:50,starter_pouch,1.99,120,0
TX000012453,175294,2026-03-30 10:01:36,mega_vault,99.99,11000,0
TX000013073,171123,2026-03-30 10:04:13,large_chest,19.99,1800,0
TX000012280,123287,2026-03-30 10:09:57,medium_chest,9.99,800,0
TX000008321,113101,2026-03-30 10:18:03,vault,49.99,5000,0
TX000007811,134595,2026-03-30 10:20:43,large_chest,19.99,1800,0
TX000013740,139998,2026-03-30 10:21:10,small_pouch,4.99,350,0
TX000007638,176036,2026-03-30 10:23:38,starter_pouch,1.99,120,0
TX000009480,124038,2026-03-30 10:24:05,small_pouch,4.99,350,0
TX000006617,155306,2026-03-30 10:39:03,starter_pouch,1.99,120,0
TX000013103,117647,2026-03-30 11:00:37,small_pouch,4.99,350,0
TX000001710,177176,2026-03-30 11:01:12,starter_pouch,1.99,120,0
TX000012985,131022,2026-03-30 11:12:09,starter_pouch,1.99,120,0
TX000015217,118882,2026-03-30 12:48:44,starter_pouch,1.99,120,0
TX000012191,132202,2026-03-30 12:53:28,small_pouch,4.99,350,0
TX000005829,166611,2026-03-30 13:06:32,small_pouch,4.99,350,0
TX000000805,127858,2026-03-30 13:12:36,small_pouch,-4.99,-350,0
TX000009829,133050,2026-03-30 13:27:20,small_pouch,4.99,350,0
TX000010651,166829,2026-03-30 13:34:38,large_chest,19.99,1800,0
TX000000721,167342,2026-03-30 13:46:04,vault,49.99,5000,0
TX000004013,113266,2026-03-30 13:47:45,large_chest,19.99,1800,0
TX000003552,101539,2026-03-30 13:50:33,medium_chest,9.99,800,0
TX000000174,106958,2026-03-30 13:53:55,small_pouch,4.99,350,0
TX000013199,164955,2026-03-30 14:06:28,starter_pouch,1.99,120,0
TX000003768,120664,2026-03-30 14:26:33,medium_chest,9.99,800,0
TX000010845,157698,2026-03-30 14:28:10,large_chest,19.99,1800,0
TX000005940,165028,2026-03-30 14:36:06,large_chest,19.99,1800,0
TX000014882,167186,2026-03-30 14:55:49,large_chest,19.99,1800,0
TX000001955,111699,2026-03-30 15:03:55,large_chest,19.99,1800,0
TX000005978,167357,2026-03-30 15:17:55,starter_pouch,1.99,120,0
TX000001563,141298,2026-03-30 15:19:29,small_pouch,4.99,350,0
TX000000986,116540,2026-03-30 15:19:36,large_chest,19.99,1800,0
TX000007764,150936,2026-03-30 15:26:05,small_pouch,4.99,350,0
TX000009660,108896,2026-03-30 15:27:57,medium_chest,9.99,800,0
TX000006279,126504,2026-03-30 15:28:19,vault,49.99,5000,0
TX000001964,151154,2026-03-30 15:30:51,small_pouch,4.99,350,0
TX000004509,130167,2026-03-30 15:32:47,starter_pouch,1.99,120,0
TX000009886,180037,2026-03-30 15:32:49,starter_pouch,1.99,120,0
TX000010024,162413,2026-03-30 15:36:01,medium_chest,9.99,800,0
TX000011707,104637,2026-03-30 15:53:28,small_pouch,4.99,350,0
TX000014385,118884,2026-03-30 15:56:00,starter_pouch,1.99,120,0
TX000013230,168967,2026-03-30 16:00:57,medium_chest,9.99,800,0
TX000013804,138535,2026-03-30 16:01:08,small_pouch,4.99,350,0
TX000006309,129688,2026-03-30 16:04:34,small_pouch,4.99,350,0
TX000009965,127189,2026-03-30 16:07:48,mega_vault,99.99,11000,0
TX000007579,124209,2026-03-30 16:11:30,mega_vault,99.99,11000,0
TX000012884,131699,2026-03-30 16:13:33,starter_pouch,1.99,120,0
TX000002196,101857,2026-03-30 16:23:27,large_chest,19.99,1800,0
TX000006644,104903,2026-03-30 16:28:05,medium_chest,9.99,800,0
TX000010722,153672,2026-03-30 16:28:17,small_pouch,4.99,350,0
TX000004603,113862,2026-03-30 16:32:31,small_pouch,4.99,350,0
TX000003806,107512,2026-03-30 16:33:38,mega_vault,99.99,11000,0
TX000014593,125651,2026-03-30 16:36:56,large_chest,19.99,1800,0
TX000001984,165856,2026-03-30 16:44:06,mega_vault,99.99,11000,0
TX000003770,117193,2026-03-30 16:51:59,large_chest,19.99,1800,0
TX000007971,162272,2026-03-30 16:53:20,starter_pouch,1.99,120,0
TX000003329,125172,2026-03-30 16:55:07,large_chest,19.99,1800,0
TX000012326,167447,2026-03-30 16:55:56,small_pouch,4.99,350,0
TX000002173,155879,2026-03-30 17:01:51,large_chest,19.99,1800,0
TX000003714,105974,2026-03-30 17:16:35,starter_pouch,1.99,120,0
TX000012214,166564,2026-03-30 17:32:32,starter_pouch,1.99,120,0
TX000008760,133088,2026-03-30 17:34:35,small_pouch,4.99,350,0
TX000000772,177697,2026-03-30 17:37:54,large_chest,19.99,1800,0
TX000009725,172075,2026-03-30 17:41:32,medium_chest,9.99,800,0
TX000000669,134087,2026-03-30 17:49:06,small_pouch,4.99,350,0
TX000012124,109039,2026-03-30 17:56:53,starter_pouch,1.99,120,0
TX000012666,176142,2026-03-30 17:56:57,small_pouch,4.99,350,0
TX000010434,148183,2026-03-30 17:57:34,large_chest,19.99,1800,0
TX000007073,169680,2026-03-30 17:58:54,medium_chest,9.99,800,0
TX000002749,120034,2026-03-30 18:01:34,vault,49.99,5000,0
TX000004160,156822,2026-03-30 18:04:38,starter_pouch,1.99,120,0
TX000000824,161474,2026-03-30 18:10:22,medium_chest,9.99,800,0
TX000006241,117053,2026-03-30 18:19:25,small_pouch,4.99,350,0
TX000011672,176539,2026-03-30 18:19:39,large_chest,19.99,1800,0
TX000007474,175546,2026-03-30 18:25:26,starter_pouch,1.99,120,0
TX000013996,121961,2026-03-30 18:38:39,large_chest,19.99,1800,0
TX000002158,147036,2026-03-30 18:42:20,small_pouch,4.99,350,0
TX000009270,134008,2026-03-30 18:42:43,starter_pouch,1.99,120,0
TX000002642,142969,2026-03-30 18:46:48,small_pouch,4.99,350,0
TX000013070,158777,2026-03-30 18:48:13,large_chest,19.99,1800,0
TX000013490,153080,2026-03-30 18:49:54,vault,49.99,5000,0
TX000003536,144723,2026-03-30 18:56:11,medium_chest,9.99,800,0
TX000011086,128145,2026-03-30 19:10:00,starter_pouch,1.99,120,0
TX000007272,170659,2026-03-30 19:11:05,medium_chest,9.99,800,0
TX000007595,123660,2026-03-30 19:14:17,starter_pouch,1.99,120,0
TX000008960,159615,2026-03-30 19:16:34,small_pouch,4.99,350,0
TX000006173,167289,2026-03-30 19:27:46,large_chest,19.99,1800,0
TX000005458,140637,2026-03-30 19:28:24,starter_pouch,1.99,120,0
TX000004606,131984,2026-03-30 19:30:18,small_pouch,4.99,350,0
TX000010446,111799,2026-03-30 19:31:18,small_pouch,4.99,350,0
TX000002656,163224,2026-03-30 19:32:29,medium_chest,9.99,800,0
TX000010510,137172,2026-03-30 19:38:49,medium_chest,9.99,800,0
TX000012569,114088,2026-03-30 19:42:43,medium_chest,9.99,800,0
TX000010833,107586,2026-03-30 19:42:52,mega_vault,99.99,11000,0
TX000008338,124184,2026-03-30 19:43:44,small_pouch,4.99,350,0
TX000006597,101949,2026-03-30 19:49:01,vault,49.99,5000,0
TX000012709,121383,2026-03-30 19:49:28,starter_pouch,1.99,120,0
TX000011133,153982,2026-03-30 19:50:05,small_pouch,4.99,350,0
TX000005745,104347,2026-03-30 19:51:44,small_pouch,-4.99,-350,0
TX000009209,164533,2026-03-30 19:53:29,medium_chest,9.99,800,0
TX000001059,104451,2026-03-30 20:17:21,mega_vault,99.99,11000,0
TX000007497,153366,2026-03-30 20:18:23,small_pouch,4.99,350,0
TX000009594,140559,2026-03-30 20:18:36,vault,49.99,5000,0
TX000006751,163434,2026-03-30 20:30:03,large_chest,19.99,1800,0
TX000003188,157179,2026-03-30 20:31:53,medium_chest,9.99,800,0
TX000013154,158134,2026-03-30 20:32:52,large_chest,19.99,1800,0
TX000014467,121971,2026-03-30 20:33:32,starter_pouch,1.99,120,0
TX000014073,157839,2026-03-30 20:34:02,large_chest,19.99,1800,0
TX000001306,153607,2026-03-30 20:35:11,large_chest,19.99,1800,0
TX000011244,105917,2026-03-30 20:35:28,small_pouch,4.99,350,0
TX000007811,134595,2026-03-30 20:38:04,large_chest,19.99,1800,0
TX000006933,115784,2026-03-30 20:38:20,medium_chest,9.99,800,0
TX000002798,117888,2026-03-30 20:38:32,starter_pouch,1.99,120,0
TX000014976,136124,2026-03-30 20:39:08,small_pouch,4.99,350,0
TX000002061,151812,2026-03-30 20:39:11,medium_chest,9.99,800,0
TX000011454,159228,2026-03-30 20:43:48,medium_chest,9.99,800,0
TX000010901,157332,2026-03-30 20:49:45,starter_pouch,1.99,120,0
TX000001854,157417,2026-03-30 21:00:45,medium_chest,9.99,800,0
TX000014791,103745,2026-03-30 21:10:52,large_chest,19.99,1800,0
TX000010561,116293,2026-03-30 21:11:07,vault,49.99,5000,0
TX000013831,160498,2026-03-30 21:18:56,starter_pouch,1.99,120,0
TX000012724,104141,2026-03-30 21:20:43,small_pouch,4.99,350,0
TX000013061,109644,2026-03-30 21:22:27,small_pouch,4.99,350,0
TX000009708,142455,2026-03-30 21:23:02,large_chest,19.99,1800,0
TX000012071,167066,2026-03-30 21:23:51,medium_chest,9.99,800,0
TX000014836,113013,2026-03-30 21:28:26,small_pouch,4.99,350,0
TX000008174,112233,2026-03-30 21:32:39,medium_chest,9.99,800,0
TX000007597,176111,2026-03-30 21:36:41,small_pouch,4.99,350,0
TX000012242,156801,2026-03-30 21:37:13,mega_vault,99.99,11000,0
TX000002358,129541,2026-03-30 21:46:28,starter_pouch,1.99,120,0
TX000002218,145735,2026-03-30 21:49:22,starter_pouch,1.99,120,0
TX000003196,144172,2026-03-30 21:51:26,vault,49.99,5000,0
TX000007778,127098,2026-03-30 21:54:25,medium_chest,9.99,800,0
TX000013470,155029,2026-03-30 21:55:42,mega_vault,99.99,11000,0
TX000009211,118350,2026-03-30 21:58:10,starter_pouch,1.99,120,0
TX000011923,154190,2026-03-30 22:04:50,large_chest,19.99,1800,0
TX000003118,167837,2026-03-30 22:05:11,medium_chest,9.99,800,0
TX000005913,142836,2026-03-30 22:05:14,medium_chest,9.99,800,0
TX000010391,124954,2026-03-30 22:15:49,large_chest,19.99,1800,0
TX000011934,176911,2026-03-30 22:24:12,small_pouch,4.99,350,0
TX000005753,147917,2026-03-30 22:27:11,small_pouch,4.99,350,0
TX000000112,106644,2026-03-30 23:01:35,starter_pouch,1.99,120,0
TX000007468,107214,2026-03-30 23:56:41,starter_pouch,1.99,120,0
TX000010764,142045,2026-03-30 23:59:56,small_pouch,4.99,350,0
TX000004688,132191,2026-03-30 23:59:56,starter_pouch,1.99,120,0
TX000001937,131541,2026-03-30 23:59:56,vault,49.99,5000,0
TX000001850,170385,2026-03-30 23:59:56,medium_chest,9.99,800,0
TX000010917,109048,2026-03-31 06:01:09,small_pouch,4.99,350,0
TX000002892,122011,2026-03-31 06:03:48,medium_chest,9.99,800,0
TX000011377,162561,2026-03-31 06:12:42,vault,49.99,5000,0
TX000005089,146596,2026-03-31 06:17:55,starter_pouch,1.99,120,0
TX000003071,147559,2026-03-31 06:19:33,starter_pouch,1.99,120,0
TX000002501,170535,2026-03-31 06:28:58,large_chest,19.99,1800,0
TX000006273,132077,2026-03-31 06:49:38,small_pouch,4.99,350,0
TX000008222,139958,2026-03-31 06:54:48,medium_chest,9.99,800,0
TX000003972,152398,2026-03-31 07:09:56,large_chest,19.99,1800,0
TX000009293,139986,2026-03-31 07:18:07,large_chest,19.99,1800,0
TX000006729,169515,2026-03-31 07:18:33,small_pouch,4.99,350,0
TX000001813,106391,2026-03-31 07:30:28,small_pouch,4.99,350,0
TX000007238,145930,2026-03-31 07:38:02,small_pouch,4.99,350,0
TX000014335,156797,2026-03-31 07:44:56,mega_vault,99.99,11000,0
TX000010265,146898,2026-03-31 08:25:57,medium_chest,9.99,800,0
TX000006420,124153,2026-03-31 08:57:57,medium_chest,9.99,800,0
TX000000412,126783,2026-03-31 09:12:06,large_chest,19.99,1800,0
TX000010897,136086,2026-03-31 09:18:51,medium_chest,9.99,800,0
TX000003984,117930,2026-03-31 09:29:08,medium_chest,9.99,800,0
TX000009815,158479,2026-03-31 09:46:56,vault,49.99,5000,0
TX000001275,133115,2026-03-31 10:02:46,starter_pouch,1.99,120,0
TX000009456,129623,2026-03-31 10:07:57,large_chest,19.99,1800,0
TX000011379,102359,2026-03-31 10:23:00,vault,49.99,5000,0
TX000005091,153745,2026-03-31 10:34:42,medium_chest,9.99,800,0
TX000013054,115242,2026-03-31 11:16:08,large_chest,19.99,1800,0
TX000010013,148464,2026-03-31 11:36:58,medium_chest,9.99,800,0
TX000009019,172240,2026-03-31 11:47:31,starter_pouch,1.99,120,0
TX000004723,108210,2026-03-31 11:48:30,starter_pouch,1.99,120,0
TX000007046,159697,2026-03-31 11:51:17,small_pouch,4.99,350,0
TX000001622,166393,2026-03-31 12:13:03,medium_chest,9.99,800,0
TX000001299,105442,2026-03-31 12:26:20,mega_vault,99.99,11000,0
TX000008358,145556,2026-03-31 12:32:14,small_pouch,4.99,350,0
TX000009707,166934,2026-03-31 12:37:50,small_pouch,4.99,350,0
TX000004431,102182,2026-03-31 12:44:15,small_pouch,4.99,350,0
TX000012781,167717,2026-03-31 12:51:52,medium_chest,9.99,800,0
TX000001518,160472,2026-03-31 12:54:20,small_pouch,4.99,350,0
TX000013979,136953,2026-03-31 13:04:18,vault,49.99,5000,0
TX000012485,162746,2026-03-31 13:22:23,small_pouch,4.99,350,0
TX000008232,176795,2026-03-31 13:24:21,large_chest,19.99,1800,0
TX000004437,146338,2026-03-31 14:11:14,medium_chest,9.99,800,0
TX000003494,152511,2026-03-31 14:18:04,vault,49.99,5000,0
TX000009348,131704,2026-03-31 14:39:24,starter_pouch,1.99,120,0
TX000011373,132263,2026-03-31 14:42:32,small_pouch,4.99,350,0
TX000009964,165981,2026-03-31 15:04:01,medium_chest,9.99,800,0
TX000014911,147971,2026-03-31 15:27:06,small_pouch,4.99,350,0
TX000011095,136510,2026-03-31 15:34:59,medium_chest,9.99,800,0
TX000012534,121552,2026-03-31 15:46:28,medium_chest,9.99,800,0
TX000008411,139147,2026-03-31 15:48:31,medium_chest,9.99,800,0
TX000005243,166535,2026-03-31 15:53:14,starter_pouch,1.99,120,0
TX000006254,162025,2026-03-31 16:01:19,starter_pouch,1.99,120,0
TX000005242,118755,2026-03-31 16:02:52,starter_pouch,1.99,120,0
TX000015189,116469,2026-03-31 16:12:55,vault,49.99,5000,0
TX000013892,106716,2026-03-31 16:21:13,starter_pouch,1.99,120,0
TX000014854,165508,2026-03-31 16:24:02,starter_pouch,1.99,120,0
TX000011726,143569,2026-03-31 16:30:05,small_pouch,4.99,350,0
TX000015216,112919,2026-03-31 16:36:40,small_pouch,4.99,350,0
TX000013007,134420,2026-03-31 16:39:03,small_pouch,4.99,350,0
TX000009522,142048,2026-03-31 16:41:24,starter_pouch,1.99,120,0
TX000005737,150637,2026-03-31 16:43:57,small_pouch,4.99,350,0
TX000005160,163063,2026-03-31 16:46:58,small_pouch,4.99,350,0
TX000014724,137813,2026-03-31 16:56:27,vault,49.99,5000,0
TX000002416,143429,2026-03-31 17:15:40,medium_chest,9.99,800,0
TX000001537,146725,2026-03-31 17:17:29,starter_pouch,1.99,120,0
TX000005848,157227,2026-03-31 17:28:33,small_pouch,4.99,350,0
TX000010251,130931,2026-03-31 17:29:26,medium_chest,9.99,800,0
TX000002900,154418,2026-03-31 17:36:24,small_pouch,4.99,350,0
TX000008863,169799,2026-03-31 17:41:23,small_pouch,4.99,350,0
TX000006635,125592,2026-03-31 17:44:53,small_pouch,4.99,350,0
TX000012370,143251,2026-03-31 17:45:56,small_pouch,4.99,350,0
TX000010111,154321,2026-03-31 17:52:48,starter_pouch,1.99,120,0
TX000007879,133588,2026-03-31 17:54:56,small_pouch,-4.99,-350,1
TX000005007,103926,2026-03-31 17:56:17,starter_pouch,1.99,120,0
TX000013744,151521,2026-03-31 18:07:56,medium_chest,9.99,800,0
TX000002210,107669,2026-03-31 18:11:12,small_pouch,4.99,350,0
TX000004864,159255,2026-03-31 18:13:39,starter_pouch,1.99,120,0
TX000007154,122577,2026-03-31 18:18:08,starter_pouch,1.99,120,0
TX000010639,176739,2026-03-31 18:18:08,small_pouch,4.99,350,0
TX000012264,165860,2026-03-31 18:20:14,starter_pouch,1.99,120,0
TX000012201,120506,2026-03-31 18:22:20,large_chest,19.99,1800,0
TX000012682,164392,2026-03-31 18:23:35,starter_pouch,1.99,120,0
TX000011482,166856,2026-03-31 18:27:08,vault,49.99,5000,0
TX000008092,122539,2026-03-31 18:36:55,small_pouch,4.99,350,0
TX000013346,106221,2026-03-31 18:36:56,vault,49.99,5000,0
TX000010215,106797,2026-03-31 18:53:02,small_pouch,-4.99,-350,1
TX000009355,170754,2026-03-31 18:59:00,large_chest,19.99,1800,0
TX000008074,149975,2026-03-31 19:01:25,starter_pouch,1.99,120,0
TX000013288,165651,2026-03-31 19:02:01,large_chest,19.99,1800,0
TX000010934,176299,2026-03-31 19:04:53,small_pouch,4.99,350,0
TX000009276,146929,2026-03-31 19:08:47,large_chest,19.99,1800,0
TX000005429,113491,2026-03-31 19:13:50,small_pouch,4.99,350,0
TX000013753,154241,2026-03-31 19:23:31,mega_vault,99.99,11000,0
TX000005060,149017,2026-03-31 19:29:08,starter_pouch,1.99,120,0
TX000003537,126024,2026-03-31 19:29:55,mega_vault,99.99,11000,0
TX000009403,131314,2026-03-31 19:35:18,small_pouch,4.99,350,0
TX000001719,155486,2026-03-31 19:40:23,large_chest,19.99,1800,0
TX000009936,166449,2026-03-31 19:43:37,starter_pouch,1.99,120,0
TX000008325,133600,2026-03-31 19:48:35,small_pouch,4.99,350,0
TX000001226,111928,2026-03-31 19:49:27,medium_chest,9.99,800,0
TX000010866,178576,2026-03-31 19:54:19,medium_chest,9.99,800,0
TX000011209,159489,2026-03-31 19:58:51,large_chest,19.99,1800,0
TX000002875,176695,2026-03-31 20:00:25,large_chest,19.99,1800,0
TX000013491,160442,2026-03-31 20:04:02,small_pouch,4.99,350,0
TX000013258,122157,2026-03-31 20:05:13,starter_pouch,1.99,120,0
TX000004372,146914,2026-03-31 20:11:02,starter_pouch,1.99,120,0
TX000014225,146926,2026-03-31 20:12:13,starter_pouch,1.99,120,0
TX000003239,123089,2026-03-31 20:19:32,vault,49.99,5000,0
TX000002144,124040,2026-03-31 20:20:50,starter_pouch,1.99,120,0
TX000002404,163436,2026-03-31 20:29:16,vault,49.99,5000,0
TX000014198,175782,2026-03-31 20:30:27,medium_chest,9.99,800,0
TX000012483,143951,2026-03-31 20:30:28,medium_chest,9.99,800,0
TX000000019,138903,2026-03-31 20:35:47,starter_pouch,-1.99,-120,0
TX000009890,154051,2026-03-31 20:44:38,mega_vault,99.99,11000,0
TX000014138,175293,2026-03-31 20:46:57,starter_pouch,1.99,120,0
TX000008555,112688,2026-03-31 20:47:38,small_pouch,4.99,350,0
TX000002059,172503,2026-03-31 20:54:20,vault,49.99,5000,0
TX000008428,139898,2026-03-31 20:55:41,vault,49.99,5000,0
TX000010187,161200,2026-03-31 20:56:23,starter_pouch,1.99,120,0
TX000009115,118743,2026-03-31 21:09:30,small_pouch,4.99,350,0
TX000011753,121992,2026-03-31 21:12:23,vault,49.99,5000,0
TX000004967,173446,2026-03-31 21:19:27,starter_pouch,1.99,120,0
TX000012327,114703,2026-03-31 21:24:27,starter_pouch,1.99,120,0
TX000015171,156385,2026-03-31 21:28:16,starter_pouch,1.99,120,0
TX000006091,127096,2026-03-31 21:29:26,vault,49.99,5000,0
TX000002663,135430,2026-03-31 21:36:31,starter_pouch,1.99,120,0
TX000008831,124992,2026-03-31 21:44:44,starter_pouch,1.99,120,0
TX000012904,171939,2026-03-31 21:45:49,vault,49.99,5000,0
TX000014647,169340,2026-03-31 22:01:15,medium_chest,9.99,800,0
TX000003274,117909,2026-03-31 22:05:58,small_pouch,4.99,350,0
TX000005569,131845,2026-03-31 22:09:40,small_pouch,4.99,350,0
TX000007635,129661,2026-03-31 22:12:46,starter_pouch,1.99,120,0
TX000003294,141460,2026-03-31 22:14:21,medium_chest,9.99,800,0
TX000012095,123440,2026-03-31 22:22:49,small_pouch,4.99,350,0
TX000014758,109997,2026-03-31 22:23:27,large_chest,19.99,1800,0
TX000014210,123741,2026-03-31 22:51:51,large_chest,19.99,1800,0
TX000007499,141581,2026-03-31 22:55:38,vault,49.99,5000,0
TX000000908,128190,2026-03-31 22:56:08,small_pouch,4.99,350,0
TX000006539,135642,2026-03-31 22:56:41,starter_pouch,1.99,120,0
TX000012542,177068,2026-03-31 23:01:03,starter_pouch,1.99,120,0
TX000002884,118228,2026-03-31 23:25:31,small_pouch,4.99,350,0
TX000000800,161140,2026-03-31 23:59:56,small_pouch,-4.99,-350,1
TX000010033,166103,2026-03-31 23:59:56,medium_chest,9.99,800,0
TX000007058,123866,2026-03-31 23:59:56,small_pouch,4.99,350,0
TX000002751,155776,2026-03-31 23:59:56,large_chest,19.99,1800,0
TX000010090,177101,2026-03-31 23:59:56,vault,49.99,5000,0
TX000001452,163282,2026-03-31 23:59:56,starter_pouch,1.99,120,0
TX000001624,179550,2026-04-01 06:04:03,medium_chest,9.99,800,0
TX000000601,171977,2026-04-01 06:09:16,large_chest,19.99,1800,0
TX000001554,102800,2026-04-01 06:35:07,medium_chest,9.99,800,0
TX000002983,173480,2026-04-01 07:30:07,starter_pouch,1.99,120,0
TX000010970,174013,2026-04-01 07:37:01,small_pouch,4.99,350,0
TX000014873,180286,2026-04-01 08:16:00,small_pouch,4.99,350,0
TX000000582,163364,2026-04-01 08:39:26,small_pouch,4.99,350,0
TX000011236,136979,2026-04-01 08:39:43,vault,49.99,5000,0
TX000001355,116323,2026-04-01 08:44:26,small_pouch,4.99,350,0
TX000002551,157276,2026-04-01 09:05:33,medium_chest,9.99,800,0
TX000001599,111072,2026-04-01 09:07:37,medium_chest,9.99,800,0
TX000000187,121380,2026-04-01 09:35:26,medium_chest,9.99,800,0
TX000010417,128541,2026-04-01 09:36:03,small_pouch,4.99,350,0
TX000005283,156889,2026-04-01 09:49:41,large_chest,19.99,1800,0
TX000011993,110489,2026-04-01 09:54:41,medium_chest,9.99,800,0
TX000001708,121576,2026-04-01 10:05:28,small_pouch,4.99,350,0
TX000000904,179749,2026-04-01 11:17:44,medium_chest,9.99,800,0
TX000008884,100531,2026-04-01 11:45:33,starter_pouch,1.99,120,0
TX000004286,153987,2026-04-01 11:49:09,small_pouch,4.99,350,0
TX000012143,103661,2026-04-01 11:50:48,starter_pouch,1.99,120,0
TX000012005,162320,2026-04-01 11:53:45,small_pouch,4.99,350,0
TX000003823,117305,2026-04-01 12:00:00,small_pouch,4.99,350,0
TX000009098,146401,2026-04-01 12:10:07,mega_vault,99.99,11000,0
TX000013263,101325,2026-04-01 12:11:17,medium_chest,9.99,800,0
TX000012806,169157,2026-04-01 12:39:35,large_chest,19.99,1800,0
TX000001273,143202,2026-04-01 13:02:29,mega_vault,99.99,11000,0
TX000001591,171001,2026-04-01 13:13:46,small_pouch,4.99,350,0
TX000008081,102921,2026-04-01 13:18:43,starter_pouch,1.99,120,0
TX000004477,112505,2026-04-01 13:20:28,starter_pouch,1.99,120,0
TX000012865,126813,2026-04-01 13:23:19,starter_pouch,1.99,120,0
TX000014530,131764,2026-04-01 13:26:05,starter_pouch,1.99,120,0
TX000012550,146353,2026-04-01 13:31:05,medium_chest,9.99,800,0
TX000002136,170659,2026-04-01 13:38:08,starter_pouch,1.99,120,0
TX000005714,161065,2026-04-01 13:38:21,medium_chest,9.99,800,0
TX000009027,150998,2026-04-01 13:47:43,starter_pouch,1.99,120,0
TX000001050,119185,2026-04-01 14:14:11,large_chest,19.99,1800,0
TX000000463,164230,2026-04-01 14:25:26,large_chest,19.99,1800,0
TX000010170,135005,2026-04-01 14:44:48,starter_pouch,1.99,120,0
TX000003639,160696,2026-04-01 14:48:02,large_chest,19.99,1800,0
TX000010062,104326,2026-04-01 15:13:35,starter_pouch,1.99,120,0
TX000007078,158330,2026-04-01 15:17:07,vault,49.99,5000,0
TX000006622,123987,2026-04-01 15:18:14,medium_chest,9.99,800,0
TX000012081,102830,2026-04-01 15:34:00,large_chest,19.99,1800,0
TX000005540,115642,2026-04-01 15:46:48,large_chest,19.99,1800,0
TX000001667,143035,2026-04-01 15:47:55,large_chest,19.99,1800,0
TX000005901,165679,2026-04-01 15:51:12,starter_pouch,1.99,120,0
TX000001730,152478,2026-04-01 16:01:46,small_pouch,4.99,350,0
TX000011359,118288,2026-04-01 16:03:27,vault,49.99,5000,0
TX000005303,112682,2026-04-01 16:14:39,large_chest,19.99,1800,0
TX000008554,113558,2026-04-01 16:23:52,small_pouch,4.99,350,0
TX000000628,166243,2026-04-01 16:42:18,medium_chest,9.99,800,0
TX000006926,115860,2026-04-01 16:44:33,large_chest,-19.99,-1800,1
TX000002997,119101,2026-04-01 16:45:07,small_pouch,4.99,350,0
TX000011307,130044,2026-04-01 16:50:50,medium_chest,9.99,800,0
TX000000703,171686,2026-04-01 16:56:38,vault,49.99,5000,0
TX000009259,178348,2026-04-01 16:57:22,medium_chest,9.99,800,0
TX000006304,148583,2026-04-01 17:04:09,large_chest,19.99,1800,0
TX000010224,147962,2026-04-01 17:04:58,medium_chest,9.99,800,0
TX000002853,159194,2026-04-01 17:07:58,starter_pouch,1.99,120,0
TX000013215,169683,2026-04-01 17:10:52,large_chest,19.99,1800,0
TX000008940,140014,2026-04-01 17:15:16,starter_pouch,1.99,120,0
TX000003997,139861,2026-04-01 17:16:01,starter_pouch,1.99,120,0
TX000011943,100351,2026-04-01 17:16:07,medium_chest,9.99,800,0
TX000006056,104167,2026-04-01 17:29:55,starter_pouch,1.99,120,0
TX000008255,173396,2026-04-01 17:36:13,starter_pouch,1.99,120,0
TX000009527,116504,2026-04-01 17:41:37,mega_vault,99.99,11000,0
TX000003099,124440,2026-04-01 17:47:23,small_pouch,4.99,350,0
TX000006062,162841,2026-04-01 17:48:51,large_chest,19.99,1800,0
TX000015194,108379,2026-04-01 17:51:07,starter_pouch,1.99,120,0
TX000009916,123200,2026-04-01 17:54:29,small_pouch,4.99,350,0
TX000011007,114526,2026-04-01 17:55:40,starter_pouch,1.99,120,0
TX000003091,100666,2026-04-01 18:05:21,starter_pouch,1.99,120,0
TX000003597,128120,2026-04-01 18:08:35,medium_chest,9.99,800,0
TX000011400,139331,2026-04-01 18:09:21,mega_vault,99.99,11000,0
TX000007165,100153,2026-04-01 18:10:30,small_pouch,4.99,350,0
TX000008430,152399,2026-04-01 18:12:39,medium_chest,9.99,800,0
TX000012312,171861,2026-04-01 18:19:02,large_chest,19.99,1800,0
TX000009025,160827,2026-04-01 18:26:31,medium_chest,9.99,800,0
TX000013221,158391,2026-04-01 18:33:14,small_pouch,4.99,350,0
TX000003696,179027,2026-04-01 18:46:48,starter_pouch,1.99,120,0
TX000013022,120201,2026-04-01 18:55:43,small_pouch,4.99,350,0
TX000013495,162417,2026-04-01 18:56:04,starter_pouch,1.99,120,0
TX000002045,159054,2026-04-01 19:03:17,small_pouch,4.99,350,0
TX000000335,108607,2026-04-01 19:07:59,small_pouch,4.99,350,0
TX000011864,155355,2026-04-01 19:08:02,vault,49.99,5000,0
TX000003967,160829,2026-04-01 19:08:56,large_chest,19.99,1800,0
TX000001160,167183,2026-04-01 19:11:46,small_pouch,4.99,350,0
TX000010616,119504,2026-04-01 19:23:01,small_pouch,4.99,350,0
TX000008596,166820,2026-04-01 19:30:48,starter_pouch,1.99,120,0
TX000011681,147430,2026-04-01 19:33:42,starter_pouch,1.99,120,0
TX000005278,124900,2026-04-01 19:34:07,starter_pouch,1.99,120,0
TX000006645,141741,2026-04-01 19:36:18,medium_chest,9.99,800,0
TX000002539,162071,2026-04-01 19:48:59,small_pouch,4.99,350,0
TX000003486,160961,2026-04-01 19:55:12,medium_chest,9.99,800,0
TX000006883,142937,2026-04-01 19:57:46,small_pouch,4.99,350,0
TX000002977,101587,2026-04-01 19:58:02,small_pouch,4.99,350,0
TX000010471,115623,2026-04-01 19:59:23,large_chest,19.99,1800,0
TX000006787,179250,2026-04-01 20:08:06,starter_pouch,1.99,120,0
TX000011552,132013,2026-04-01 20:08:42,starter_pouch,1.99,120,0
TX000001616,124272,2026-04-01 20:09:35,large_chest,19.99,1800,0
TX000006070,156464,2026-04-01 20:11:49,medium_chest,9.99,800,0
TX000001807,168861,2026-04-01 20:15:16,small_pouch,4.99,350,0
TX000003749,167373,2026-04-01 20:28:51,large_chest,19.99,1800,0
TX000003914,101194,2026-04-01 20:30:26,small_pouch,4.99,350,0
TX000004444,126248,2026-04-01 20:31:27,starter_pouch,1.99,120,0
TX000008956,128233,2026-04-01 20:36:09,starter_pouch,1.99,120,0
TX000011885,107874,2026-04-01 20:36:21,large_chest,19.99,1800,0
TX000007607,125544,2026-04-01 20:42:30,starter_pouch,1.99,120,0
TX000001843,168821,2026-04-01 21:00:03,small_pouch,4.99,350,0
TX000011899,137886,2026-04-01 21:09:36,small_pouch,4.99,350,0
TX000002172,117786,2026-04-01 21:17:56,vault,49.99,5000,0
TX000010706,114687,2026-04-01 21:18:45,starter_pouch,1.99,120,0
TX000000819,143607,2026-04-01 21:31:12,starter_pouch,1.99,120,0
TX000000278,113471,2026-04-01 21:33:52,starter_pouch,1.99,120,0
TX000014380,145148,2026-04-01 21:40:14,small_pouch,4.99,350,0
TX000011312,104904,2026-04-01 21:40:39,small_pouch,4.99,350,0
TX000004578,109848,2026-04-01 21:43:09,medium_chest,9.99,800,0
TX000000191,165897,2026-04-01 21:44:35,starter_pouch,1.99,120,0
TX000013833,115848,2026-04-01 21:45:10,large_chest,19.99,1800,0
TX000011455,136707,2026-04-01 21:55:28,small_pouch,4.99,350,0
TX000009792,114593,2026-04-01 21:56:23,large_chest,19.99,1800,0
TX000011823,169340,2026-04-01 21:59:27,vault,49.99,5000,0
TX000013705,149036,2026-04-01 22:03:30,large_chest,19.99,1800,0
TX000000617,152216,2026-04-01 22:03:55,starter_pouch,1.99,120,0
TX000009641,110791,2026-04-01 22:05:06,small_pouch,4.99,350,0
TX000001898,117743,2026-04-01 22:11:05,starter_pouch,1.99,120,0
TX000005006,123023,2026-04-01 22:18:44,small_pouch,4.99,350,0
TX000007850,102807,2026-04-01 22:19:04,starter_pouch,1.99,120,0
TX000002451,101225,2026-04-01 22:21:40,large_chest,19.99,1800,0
TX000012638,157794,2026-04-01 22:23:43,mega_vault,99.99,11000,0
TX000007151,139998,2026-04-01 22:40:55,starter_pouch,1.99,120,0
TX000005342,143394,2026-04-01 22:55:14,mega_vault,99.99,11000,0
TX000013221,158391,2026-04-01 23:07:10,small_pouch,4.99,350,0
TX000008681,146596,2026-04-01 23:11:25,vault,49.99,5000,0
TX000011977,155286,2026-04-01 23:13:57,mega_vault,99.99,11000,0
TX000009812,125233,2026-04-01 23:24:08,vault,49.99,5000,0
TX000000749,126685,2026-04-01 23:24:36,small_pouch,4.99,350,0
TX000004519,105259,2026-04-01 23:29:14,starter_pouch,1.99,120,0
TX000012723,126684,2026-04-01 23:59:56,small_pouch,4.99,350,0
TX000002551,157276,2026-04-01 23:59:56,medium_chest,9.99,800,0
TX000009002,124397,2026-04-02 06:09:55,starter_pouch,1.99,120,0
TX000011677,142937,2026-04-02 06:12:03,starter_pouch,1.99,120,0
TX000013493,144158,2026-04-02 06:32:14,large_chest,19.99,1800,0
TX000011335,132852,2026-04-02 06:38:44,starter_pouch,1.99,120,0
TX000002187,113893,2026-04-02 06:41:44,small_pouch,4.99,350,0
TX000002838,156797,2026-04-02 07:03:08,large_chest,19.99,1800,0
TX000000704,107860,2026-04-02 07:09:44,small_pouch,-4.99,-350,1
TX000007376,123371,2026-04-02 07:10:53,small_pouch,4.99,350,0
TX000008868,107477,2026-04-02 07:18:16,medium_chest,9.99,800,0
TX000007399,164064,2026-04-02 07:29:47,medium_chest,9.99,800,0
TX000001739,161486,2026-04-02 07:45:30,medium_chest,9.99,800,0
TX000006898,111467,2026-04-02 07:52:35,small_pouch,4.99,350,0
TX000005021,127603,2026-04-02 07:57:35,medium_chest,9.99,800,0
TX000010725,122234,2026-04-02 08:06:52,large_chest,19.99,1800,0
TX000005354,157587,2026-04-02 08:17:31,medium_chest,9.99,800,0
TX000002211,148694,2026-04-02 08:42:33,small_pouch,4.99,350,0
TX000013661,138695,2026-04-02 08:53:18,vault,49.99,5000,0
TX000001825,101723,2026-04-02 08:53:52,starter_pouch,1.99,120,0
TX000013771,173913,2026-04-02 09:22:05,starter_pouch,1.99,120,0
TX000010814,130948,2026-04-02 09:25:22,large_chest,19.99,1800,0
TX000009496,149649,2026-04-02 09:27:54,starter_pouch,1.99,120,0
TX000011863,162270,2026-04-02 09:42:47,small_pouch,4.99,350,0
TX000006421,127272,2026-04-02 10:28:48,starter_pouch,1.99,120,0
TX000009691,119023,2026-04-02 10:39:06,starter_pouch,1.99,120,0
TX000013963,174377,2026-04-02 10:41:13,medium_chest,9.99,800,0
TX000000535,119660,2026-04-02 10:57:07,medium_chest,9.99,800,0
TX000001740,163628,2026-04-02 11:04:47,small_pouch,4.99,350,0
TX000012518,125173,2026-04-02 11:59:05,small_pouch,4.99,350,0
TX000011941,118851,2026-04-02 12:11:10,large_chest,19.99,1800,0
TX000009774,176979,2026-04-02 12:23:17,vault,49.99,5000,0
TX000006491,139046,2026-04-02 12:35:41,large_chest,19.99,1800,0
TX000003556,140216,2026-04-02 12:36:15,starter_pouch,1.99,120,0
TX000005640,155209,2026-04-02 12:45:10,small_pouch,4.99,350,0
TX000003306,116263,2026-04-02 13:01:51,small_pouch,4.99,350,0
TX000013128,154363,2026-04-02 13:11:09,large_chest,19.99,1800,0
TX000003021,114199,2026-04-02 13:22:20,large_chest,19.99,1800,0
TX000006319,108765,2026-04-02 13:45:49,medium_chest,9.99,800,0
TX000004039,169549,2026-04-02 13:48:25,large_chest,19.99,1800,0
TX000013219,153246,2026-04-02 14:00:54,medium_chest,9.99,800,0
TX000012663,163167,2026-04-02 14:06:32,medium_chest,9.99,800,0
TX000011745,168303,2026-04-02 14:27:52,starter_pouch,1.99,120,0
TX000012739,165579,2026-04-02 14:41:54,starter_pouch,1.99,120,0
TX000012926,132587,2026-04-02 14:47:30,vault,49.99,5000,0
TX000011034,157842,2026-04-02 14:49:52,large_chest,19.99,1800,0
TX000011413,161795,2026-04-02 15:00:47,starter_pouch,1.99,120,0
TX000013828,176875,2026-04-02 15:10:06,small_pouch,4.99,350,0
TX000004802,101525,2026-04-02 15:16:59,small_pouch,4.99,350,0
TX000007291,163502,2026-04-02 15:17:47,starter_pouch,1.99,120,0
TX000011266,149084,2026-04-02 15:19:43,starter_pouch,1.99,120,0
TX000012557,168589,2026-04-02 15:34:39,vault,49.99,5000,0
TX000004718,164943,2026-04-02 15:39:56,starter_pouch,1.99,120,0
TX000005547,171079,2026-04-02 15:49:07,small_pouch,4.99,350,0
TX000011795,160450,2026-04-02 15:49:38,starter_pouch,1.99,120,0
TX000009685,137471,2026-04-02 15:52:55,large_chest,19.99,1800,0
TX000005097,146378,2026-04-02 16:04:36,small_pouch,4.99,350,0
TX000000378,130758,2026-04-02 16:09:19,large_chest,19.99,1800,0
TX000009949,161925,2026-04-02 16:18:42,small_pouch,4.99,350,0
TX000012833,132081,2026-04-02 16:22:29,starter_pouch,1.99,120,0
TX000009877,110994,2026-04-02 16:26:00,starter_pouch,1.99,120,0
TX000011744,115286,2026-04-02 16:31:21,small_pouch,4.99,350,0
TX000005485,141284,2026-04-02 16:32:48,small_pouch,4.99,350,0
TX000012784,108516,2026-04-02 16:39:14,starter_pouch,1.99,120,0
TX000015032,178328,2026-04-02 16:41:31,small_pouch,4.99,350,0
TX000005335,147477,2026-04-02 16:42:13,starter_pouch,1.99,120,0
TX000012571,147617,2026-04-02 16:44:50,starter_pouch,1.99,120,0
TX000002865,118349,2026-04-02 16:47:27,medium_chest,9.99,800,0
TX000001917,140715,2026-04-02 16:47:38,large_chest,19.99,1800,0
TX000012465,153930,2026-04-02 17:01:00,starter_pouch,1.99,120,0
TX000002759,143390,2026-04-02 17:12:02,starter_pouch,1.99,120,0
TX000000624,138426,2026-04-02 17:14:47,large_chest,19.99,1800,0
TX000012237,123568,2026-04-02 17:17:53,medium_chest,9.99,800,0
TX000008165,101731,2026-04-02 17:20:17,large_chest,19.99,1800,0
TX000003012,106587,2026-04-02 17:20:37,large_chest,19.99,1800,0
TX000006442,146985,2026-04-02 17:38:05,medium_chest,9.99,800,0
TX000008462,115744,2026-04-02 17:39:18,small_pouch,4.99,350,0
TX000006443,154290,2026-04-02 17:51:30,vault,49.99,5000,0
TX000002374,144659,2026-04-02 17:52:38,large_chest,19.99,1800,0
TX000001594,133111,2026-04-02 17:52:46,starter_pouch,1.99,120,0
TX000008003,138831,2026-04-02 17:55:55,starter_pouch,1.99,120,0
TX000011910,156383,2026-04-02 18:03:08,large_chest,19.99,1800,0
TX000002775,103777,2026-04-02 18:07:30,starter_pouch,1.99,120,0
TX000007056,143771,2026-04-02 18:13:41,medium_chest,9.99,800,0
TX000001231,144392,2026-04-02 18:17:26,small_pouch,4.99,350,0
TX000012289,106465,2026-04-02 18:17:37,small_pouch,4.99,350,0
TX000003687,172196,2026-04-02 18:23:00,starter_pouch,1.99,120,0
TX000010898,164978,2026-04-02 18:32:45,medium_chest,9.99,800,0
TX000014529,125166,2026-04-02 18:44:45,starter_pouch,1.99,120,0
TX000009350,111259,2026-04-02 18:47:46,small_pouch,4.99,350,0
TX000002613,171688,2026-04-02 18:48:07,large_chest,19.99,1800,0
TX000010374,159477,2026-04-02 18:50:46,small_pouch,4.99,350,0
TX000008145,146338,2026-04-02 18:52:42,starter_pouch,1.99,120,0
TX000005619,148756,2026-04-02 18:55:38,small_pouch,4.99,350,0
TX000009709,127804,2026-04-02 19:05:22,starter_pouch,1.99,120,0
TX000004717,145407,2026-04-02 19:07:28,vault,49.99,5000,0
TX000011187,112526,2026-04-02 19:08:38,medium_chest,9.99,800,0
TX000001763,114215,2026-04-02 19:17:50,small_pouch,4.99,350,0
TX000012905,176772,2026-04-02 19:17:55,medium_chest,9.99,800,0
TX000012602,161428,2026-04-02 19:24:52,large_chest,19.99,1800,0
TX000008838,176671,2026-04-02 19:27:03,large_chest,19.99,1800,0
TX000013609,178884,2026-04-02 19:27:27,medium_chest,9.99,800,0
TX000003683,173492,2026-04-02 19:35:51,medium_chest,9.99,800,0
TX000004769,145374,2026-04-02 19:37:49,large_chest,19.99,1800,0
TX000011073,166632,2026-04-02 19:41:33,starter_pouch,1.99,120,0
TX000007452,146607,2026-04-02 19:48:02,starter_pouch,1.99,120,0
TX000013241,103623,2026-04-02 19:48:28,starter_pouch,1.99,120,0
TX000011024,136505,2026-04-02 19:50:12,medium_chest,9.99,800,0
TX000009865,176444,2026-04-02 19:54:52,vault,49.99,5000,0
TX000010856,150955,2026-04-02 19:58:15,vault,49.99,5000,0
TX000012558,124907,2026-04-02 20:05:49,small_pouch,4.99,350,0
TX000011526,166465,2026-04-02 20:15:45,large_chest,19.99,1800,0
TX000005435,154459,2026-04-02 20:22:47,starter_pouch,1.99,120,0
TX000002920,156282,2026-04-02 20:23:32,small_pouch,4.99,350,0
TX000008769,140060,2026-04-02 20:24:45,medium_chest,9.99,800,0
TX000010890,107568,2026-04-02 20:28:28,medium_chest,9.99,800,0
TX000015090,168879,2026-04-02 20:31:40,starter_pouch,1.99,120,0
TX000009814,149838,2026-04-02 20:33:38,starter_pouch,1.99,120,0
TX000007359,119645,2026-04-02 20:35:23,mega_vault,99.99,11000,0
TX000005525,144812,2026-04-02 20:35:56,starter_pouch,1.99,120,0
TX000004836,152898,2026-04-02 20:36:19,starter_pouch,1.99,120,0
TX000005152,111314,2026-04-02 20:39:04,vault,49.99,5000,0
TX000011565,151046,2026-04-02 20:39:25,small_pouch,4.99,350,0
TX000001364,113609,2026-04-02 20:40:09,large_chest,19.99,1800,0
TX000009395,104754,2026-04-02 20:45:18,large_chest,19.99,1800,0
TX000002651,139711,2026-04-02 20:46:05,small_pouch,4.99,350,0
TX000003532,144933,2026-04-02 20:51:37,medium_chest,9.99,800,0
TX000008726,122884,2026-04-02 21:00:08,vault,49.99,5000,0
TX000014304,150977,2026-04-02 21:12:49,medium_chest,9.99,800,0
TX000014701,138214,2026-04-02 21:16:10,large_chest,19.99,1800,0
TX000014211,173002,2026-04-02 21:25:14,small_pouch,4.99,350,0
TX000013980,177937,2026-04-02 21:25:43,vault,49.99,5000,0
TX000014564,114580,2026-04-02 21:30:16,large_chest,19.99,1800,0
TX000014688,114261,2026-04-02 21:43:30,starter_pouch,1.99,120,0
TX000008640,169522,2026-04-02 21:57:28,vault,49.99,5000,0
TX000009118,139142,2026-04-02 22:12:18,small_pouch,4.99,350,0
TX000007050,160803,2026-04-02 22:13:40,medium_chest,-9.99,-800,1
TX000014075,112498,2026-04-02 22:15:20,medium_chest,9.99,800,0
TX000005816,118494,2026-04-02 22:15:36,starter_pouch,1.99,120,0
TX000014938,180268,2026-04-02 22:32:48,starter_pouch,1.99,120,0
TX000000458,178983,2026-04-02 22:38:01,vault,49.99,5000,0
TX000012782,148740,2026-04-02 22:40:03,starter_pouch,1.99,120,0
TX000006076,163708,2026-04-02 23:22:46,small_pouch,4.99,350,0
TX000013970,167254,2026-04-02 23:26:05,medium_chest,9.99,800,0
TX000007968,146713,2026-04-02 23:50:49,small_pouch,4.99,350,0
TX000003816,158661,2026-04-02 23:55:24,small_pouch,4.99,350,0
TX000006973,155344,2026-04-02 23:59:56,starter_pouch,1.99,120,0
TX000002029,154269,2026-04-02 23:59:56,starter_pouch,1.99,120,0
TX000006468,173953,2026-04-02 23:59:56,starter_pouch,1.99,120,0
TX000004699,177321,2026-04-03 06:57:30,small_pouch,4.99,350,0
TX000001601,157910,2026-04-03 07:16:23,starter_pouch,1.99,120,0
TX000010267,170450,2026-04-03 07:18:24,starter_pouch,1.99,120,0
TX000011572,100908,2026-04-03 07:22:35,small_pouch,4.99,350,0
TX000003858,162786,2026-04-03 07:39:01,medium_chest,9.99,800,0
TX000009955,172030,2026-04-03 07:45:58,vault,49.99,5000,0
TX000002805,112239,2026-04-03 08:01:17,vault,49.99,5000,0
TX000008989,162302,2026-04-03 08:11:38,small_pouch,4.99,350,0
TX000014197,141451,2026-04-03 08:19:59,medium_chest,9.99,800,0
TX000010284,160065,2026-04-03 08:20:03,small_pouch,4.99,350,0
TX000015028,163649,2026-04-03 08:32:10,small_pouch,4.99,350,0
TX000003100,148505,2026-04-03 08:50:53,small_pouch,4.99,350,0
TX000013644,149276,2026-04-03 08:55:25,starter_pouch,1.99,120,0
TX000013777,101685,2026-04-03 08:59:16,large_chest,19.99,1800,0
TX000002231,109229,2026-04-03 09:05:59,medium_chest,9.99,800,0
TX000013132,173822,2026-04-03 09:10:22,starter_pouch,1.99,120,0
TX000010489,155072,2026-04-03 09:20:01,small_pouch,4.99,350,0
TX000004695,117765,2026-04-03 09:29:03,small_pouch,4.99,350,0
TX000015037,145864,2026-04-03 09:48:11,small_pouch,4.99,350,0
TX000010015,118122,2026-04-03 09:49:44,starter_pouch,1.99,120,0
TX000002754,109894,2026-04-03 09:56:41,starter_pouch,1.99,120,0
TX000011492,137321,2026-04-03 10:41:28,small_pouch,4.99,350,0
TX000010656,115860,2026-04-03 10:45:49,vault,49.99,5000,0
TX000013000,138485,2026-04-03 10:52:11,mega_vault,99.99,11000,0
TX000000098,158698,2026-04-03 10:52:43,medium_chest,9.99,800,0
TX000007250,138157,2026-04-03 11:24:41,small_pouch,4.99,350,0
TX000000988,159465,2026-04-03 11:51:45,small_pouch,4.99,350,0
TX000008953,152970,2026-04-03 12:53:20,vault,49.99,5000,0
TX000011054,118472,2026-04-03 13:37:23,small_pouch,4.99,350,0
TX000000273,135294,2026-04-03 13:55:31,starter_pouch,1.99,120,0
TX000012591,162936,2026-04-03 14:03:12,small_pouch,4.99,350,0
TX000002689,119448,2026-04-03 14:23:32,large_chest,19.99,1800,0
TX000004505,134773,2026-04-03 14:35:30,starter_pouch,1.99,120,0
TX000013749,119208,2026-04-03 14:39:37,small_pouch,4.99,350,0
TX000012464,170223,2026-04-03 14:51:11,medium_chest,9.99,800,0
TX000010519,144383,2026-04-03 15:02:04,medium_chest,9.99,800,0
TX000009879,161082,2026-04-03 15:06:02,medium_chest,9.99,800,0
TX000004985,131355,2026-04-03 15:06:27,medium_chest,9.99,800,0
TX000001230,161907,2026-04-03 15:25:05,large_chest,19.99,1800,0
TX000009130,128782,2026-04-03 15:25:08,starter_pouch,1.99,120,0
TX000013890,165792,2026-04-03 15:32:09,small_pouch,4.99,350,0
TX000004523,174695,2026-04-03 15:39:53,starter_pouch,1.99,120,0
TX000011731,146413,2026-04-03 15:45:01,medium_chest,9.99,800,0
TX000013793,138080,2026-04-03 15:45:27,small_pouch,4.99,350,0
TX000007382,117929,2026-04-03 15:47:10,starter_pouch,1.99,120,0
TX000003160,131537,2026-04-03 15:56:51,starter_pouch,1.99,120,0
TX000013508,103308,2026-04-03 16:09:19,vault,49.99,5000,0
TX000010002,160184,2026-04-03 16:11:15,starter_pouch,1.99,120,0
TX000005147,106046,2026-04-03 16:18:00,starter_pouch,1.99,120,0
TX000009283,104686,2026-04-03 16:20:48,medium_chest,9.99,800,0
TX000004739,131223,2026-04-03 16:25:36,starter_pouch,1.99,120,0
TX000000118,151927,2026-04-03 16:27:37,large_chest,19.99,1800,0
TX000007720,118262,2026-04-03 16:47:34,small_pouch,4.99,350,0
TX000009210,116404,2026-04-03 16:48:45,large_chest,19.99,1800,0
TX000008749,166786,2026-04-03 16:54:26,medium_chest,9.99,800,0
TX000000086,179250,2026-04-03 16:58:28,medium_chest,9.99,800,0
TX000004681,124848,2026-04-03 17:02:26,medium_chest,9.99,800,0
TX000000037,158194,2026-04-03 17:06:02,starter_pouch,1.99,120,0
TX000009252,179571,2026-04-03 17:09:22,small_pouch,4.99,350,0
TX000011519,113197,2026-04-03 17:09:44,medium_chest,9.99,800,0
TX000002872,136529,2026-04-03 17:14:32,starter_pouch,1.99,120,0
TX000007132,146676,2026-04-03 17:18:08,large_chest,19.99,1800,0
TX000001674,171907,2026-04-03 17:19:15,small_pouch,4.99,350,0
TX000013565,141797,2026-04-03 17:22:30,large_chest,19.99,1800,0
TX000014248,172458,2026-04-03 17:30:23,starter_pouch,1.99,120,0
TX000005083,118932,2026-04-03 17:31:30,starter_pouch,1.99,120,0
TX000008923,170754,2026-04-03 17:35:08,starter_pouch,1.99,120,0
TX000014883,113146,2026-04-03 17:36:25,vault,49.99,5000,0
TX000006072,117642,2026-04-03 17:44:32,vault,49.99,5000,0
TX000003260,119464,2026-04-03 17:55:23,vault,49.99,5000,0
TX000003453,143361,2026-04-03 18:05:50,medium_chest,9.99,800,0
TX000000327,120410,2026-04-03 18:11:55,small_pouch,4.99,350,0
TX000014391,147597,2026-04-03 18:14:28,vault,49.99,5000,0
TX000010097,133960,2026-04-03 18:16:30,starter_pouch,1.99,120,0
TX000001555,115283,2026-04-03 18:26:59,starter_pouch,1.99,120,0
TX000011700,108492,2026-04-03 18:36:05,large_chest,19.99,1800,0
TX000004408,126977,2026-04-03 18:37:09,small_pouch,4.99,350,0
TX000003874,129613,2026-04-03 18:51:50,medium_chest,9.99,800,0
TX000011087,141612,2026-04-03 18:54:47,starter_pouch,-1.99,-120,0
TX000012241,108413,2026-04-03 18:58:33,medium_chest,9.99,800,0
TX000014015,121001,2026-04-03 19:06:59,starter_pouch,1.99,120,0
TX000000445,178499,2026-04-03 19:07:18,small_pouch,4.99,350,0
TX000007808,127392,2026-04-03 19:08:00,small_pouch,4.99,350,0
TX000006040,131377,2026-04-03 19:11:19,small_pouch,4.99,350,0
TX000002893,166206,2026-04-03 19:12:58,small_pouch,4.99,350,0
TX000010507,174804,2026-04-03 19:17:25,large_chest,19.99,1800,0
TX000003260,119464,2026-04-03 19:19:26,vault,49.99,5000,0
TX000007255,121974,2026-04-03 19:28:30,large_chest,19.99,1800,0
TX000001890,102289,2026-04-03 19:29:32,small_pouch,4.99,350,0
TX000013989,116716,2026-04-03 19:34:10,small_pouch,4.99,350,0
TX000002946,109519,2026-04-03 19:35:37,large_chest,19.99,1800,0
TX000005129,153316,2026-04-03 19:39:55,vault,49.99,5000,0
TX000006708,143181,2026-04-03 19:42:39,small_pouch,4.99,350,0
TX000001174,117004,2026-04-03 19:45:27,medium_chest,9.99,800,0
TX000006918,116066,2026-04-03 19:48:15,starter_pouch,1.99,120,0
TX000007758,158353,2026-04-03 19:48:56,small_pouch,4.99,350,0
TX000000043,158203,2026-04-03 19:56:04,medium_chest,9.99,800,0
TX000003985,163422,2026-04-03 19:56:47,starter_pouch,1.99,120,0
TX000010549,171830,2026-04-03 20:00:51,starter_pouch,1.99,120,0
TX000013029,118110,2026-04-03 20:01:42,starter_pouch,1.99,120,0
TX000012222,129741,2026-04-03 20:09:10,small_pouch,4.99,350,0
TX000012233,171386,2026-04-03 20:16:28,small_pouch,4.99,350,0
TX000000479,103010,2026-04-03 20:23:15,large_chest,19.99,1800,0
TX000002596,142998,2026-04-03 20:23:33,large_chest,19.99,1800,0
TX000007215,116971,2026-04-03 20:33:32,small_pouch,4.99,350,0
TX000007130,102175,2026-04-03 20:34:51,medium_chest,9.99,800,0
TX000012565,103890,2026-04-03 20:35:58,mega_vault,99.99,11000,0
TX000000027,120123,2026-04-03 20:36:50,starter_pouch,1.99,120,0
TX000000631,136635,2026-04-03 20:47:58,small_pouch,4.99,350,0
TX000006733,157611,2026-04-03 20:48:04,starter_pouch,1.99,120,0
TX000004308,153668,2026-04-03 20:57:37,small_pouch,4.99,350,0
TX000008214,149419,2026-04-03 21:02:10,starter_pouch,1.99,120,0
TX000013808,114827,2026-04-03 21:05:47,starter_pouch,1.99,120,0
TX000012895,174538,2026-04-03 21:08:42,medium_chest,9.99,800,0
TX000013134,118990,2026-04-03 21:17:45,small_pouch,4.99,350,0
TX000009539,165656,2026-04-03 21:17:56,small_pouch,4.99,350,0
TX000007488,137219,2026-04-03 21:19:03,starter_pouch,1.99,120,0
TX000001064,126994,2026-04-03 21:23:29,medium_chest,9.99,800,0
TX000003634,179484,2026-04-03 21:25:25,vault,49.99,5000,0
TX000011201,116768,2026-04-03 21:25:49,medium_chest,9.99,800,0
TX000009622,179794,2026-04-03 21:26:30,small_pouch,4.99,350,0
TX000009364,180089,2026-04-03 21:27:07,starter_pouch,1.99,120,0
TX000004015,179754,2026-04-03 21:41:33,starter_pouch,1.99,120,0
TX000007020,163728,2026-04-03 21:42:46,starter_pouch,1.99,120,0
TX000013940,173097,2026-04-03 21:46:25,starter_pouch,1.99,120,0
TX000010068,131899,2026-04-03 21:54:24,starter_pouch,1.99,120,0
TX000013013,170642,2026-04-03 21:57:17,starter_pouch,1.99,120,0
TX000010289,145658,2026-04-03 22:11:29,small_pouch,4.99,350,0
TX000008739,154051,2026-04-03 22:11:58,medium_chest,9.99,800,0
TX000013188,169282,2026-04-03 22:21:00,starter_pouch,1.99,120,0
TX000004677,135326,2026-04-03 22:24:13,large_chest,19.99,1800,0
TX000007129,145613,2026-04-03 22:24:29,small_pouch,4.99,350,0
TX000006974,124072,2026-04-03 22:29:26,medium_chest,9.99,800,0
TX000006889,160711,2026-04-03 22:32:52,medium_chest,9.99,800,0
TX000009376,116226,2026-04-03 22:34:41,large_chest,19.99,1800,0
TX000007352,102097,2026-04-03 22:39:42,starter_pouch,1.99,120,0
TX000008472,138255,2026-04-03 22:48:21,starter_pouch,1.99,120,0
TX000012632,165761,2026-04-03 23:05:13,small_pouch,4.99,350,0
TX000004478,132946,2026-04-03 23:22:07,large_chest,19.99,1800,0
TX000010887,114580,2026-04-03 23:24:12,starter_pouch,1.99,120,0
TX000011582,102334,2026-04-03 23:44:47,vault,49.99,5000,0
TX000010523,133487,2026-04-03 23:53:06,starter_pouch,1.99,120,0
TX000003092,159498,2026-04-03 23:59:56,small_pouch,4.99,350,0
TX000005244,123474,2026-04-03 23:59:56,starter_pouch,1.99,120,0
TX000001456,167375,2026-04-03 23:59:56,medium_chest,9.99,800,0
TX000006580,112417,2026-04-03 23:59:56,small_pouch,4.99,350,0
TX000008172,161595,2026-04-04 06:55:19,vault,49.99,5000,0
TX000014852,143488,2026-04-04 07:17:01,medium_chest,9.99,800,0
TX000001166,108689,2026-04-04 07:36:41,starter_pouch,1.99,120,0
TX000008161,126106,2026-04-04 08:16:17,small_pouch,4.99,350,0
TX000007096,169807,2026-04-04 08:55:31,large_chest,19.99,1800,0
TX000006995,112146,2026-04-04 09:01:55,starter_pouch,1.99,120,0
TX000013472,161534,2026-04-04 09:02:29,starter_pouch,1.99,120,0
TX000008992,172793,2026-04-04 09:11:24,large_chest,19.99,1800,0
TX000009746,145658,2026-04-04 09:19:02,vault,49.99,5000,0
TX000013690,169504,2026-04-04 09:23:13,large_chest,19.99,1800,0
TX000014468,174146,2026-04-04 10:00:10,large_chest,19.99,1800,0
TX000008062,119434,2026-04-04 10:04:45,small_pouch,4.99,350,0
TX000003376,151553,2026-04-04 11:55:57,starter_pouch,1.99,120,0
TX000011547,133199,2026-04-04 11:56:15,starter_pouch,1.99,120,0
TX000014577,174174,2026-04-04 12:41:16,medium_chest,9.99,800,0
TX000004378,178392,2026-04-04 12:54:03,medium_chest,9.99,800,0
TX000002565,176827,2026-04-04 12:56:51,vault,49.99,5000,0
TX000006971,119374,2026-04-04 12:58:36,small_pouch,4.99,350,0
TX000003262,175476,2026-04-04 13:11:14,medium_chest,9.99,800,0
TX000000154,103419,2026-04-04 14:52:50,starter_pouch,1.99,120,0
TX000010247,122498,2026-04-04 15:01:49,large_chest,19.99,1800,0
TX000013309,137377,2026-04-04 15:29:04,small_pouch,4.99,350,0
TX000012917,155074,2026-04-04 15:37:00,starter_pouch,1.99,120,0
TX000010335,161959,2026-04-04 15:56:02,starter_pouch,1.99,120,0
TX000008067,111145,2026-04-04 15:57:27,small_pouch,4.99,350,0
TX000009759,139311,2026-04-04 16:04:56,starter_pouch,1.99,120,0
TX000013361,145988,2026-04-04 16:10:41,small_pouch,4.99,350,0
TX000002944,111292,2026-04-04 16:13:48,small_pouch,4.99,350,0
TX000015175,109117,2026-04-04 16:27:53,vault,49.99,5000,0
TX000007763,140649,2026-04-04 16:29:12,small_pouch,4.99,350,0
TX000013958,151355,2026-04-04 16:49:14,medium_chest,9.99,800,0
TX000004724,101198,2026-04-04 17:06:41,small_pouch,4.99,350,0
TX000002704,166993,2026-04-04 17:08:08,large_chest,19.99,1800,0
TX000011875,138067,2026-04-04 17:13:48,mega_vault,99.99,11000,0
TX000013223,152987,2026-04-04 17:28:17,large_chest,19.99,1800,0
TX000000548,118960,2026-04-04 17:30:44,large_chest,19.99,1800,0
TX000002923,140245,2026-04-04 17:43:58,vault,49.99,5000,0
TX000007493,149660,2026-04-04 17:50:48,vault,49.99,5000,0
TX000012220,116121,2026-04-04 17:59:06,small_pouch,4.99,350,0
TX000013403,147205,2026-04-04 18:00:35,medium_chest,9.99,800,0
TX000012676,136342,2026-04-04 18:06:14,starter_pouch,1.99,120,0
TX000000102,135857,2026-04-04 18:06:47,large_chest,19.99,1800,0
TX000003231,140561,2026-04-04 18:14:55,starter_pouch,1.99,120,0
TX000013256,106921,2026-04-04 18:22:24,vault,49.99,5000,0
TX000003912,110609,2026-04-04 18:24:39,starter_pouch,1.99,120,0
TX000013478,132506,2026-04-04 18:44:42,medium_chest,9.99,800,0
TX000004392,167483,2026-04-04 18:45:23,starter_pouch,1.99,120,0
TX000014517,102592,2026-04-04 18:48:53,vault,49.99,5000,0
TX000003060,132157,2026-04-04 19:11:50,medium_chest,9.99,800,0
TX000008628,178140,2026-04-04 19:15:15,vault,49.99,5000,0
TX000012775,179106,2026-04-04 19:23:14,mega_vault,99.99,11000,0
TX000011338,123456,2026-04-04 19:38:39,medium_chest,9.99,800,0
TX000004287,178907,2026-04-04 19:47:38,medium_chest,9.99,800,0
TX000002280,172306,2026-04-04 19:55:10,medium_chest,9.99,800,0
TX000007683,175349,2026-04-04 20:01:50,small_pouch,4.99,350,0
TX000012965,128145,2026-04-04 20:02:33,small_pouch,4.99,350,0
TX000007583,106162,2026-04-04 20:03:34,starter_pouch,1.99,120,0
TX000005441,136868,2026-04-04 20:05:47,small_pouch,4.99,350,0
TX000004831,102277,2026-04-04 20:11:54,mega_vault,99.99,11000,0
TX000001234,165728,2026-04-04 20:13:11,starter_pouch,1.99,120,0
TX000007125,179228,2026-04-04 20:24:21,large_chest,19.99,1800,0
TX000005918,151844,2026-04-04 20:25:00,medium_chest,9.99,800,0
TX000009327,179235,2026-04-04 20:49:24,vault,49.99,5000,0
TX000013542,175812,2026-04-04 21:05:50,vault,49.99,5000,0
TX000010936,145129,2026-04-04 21:13:11,large_chest,19.99,1800,0
TX000013383,159477,2026-04-04 21:17:56,small_pouch,4.99,350,0
TX000000396,169827,2026-04-04 21:27:24,starter_pouch,1.99,120,0
TX000008843,143445,2026-04-04 21:50:49,large_chest,19.99,1800,0
TX000000103,122353,2026-04-04 21:55:51,vault,49.99,5000,0
TX000008450,138402,2026-04-04 21:57:01,starter_pouch,-1.99,-120,0
TX000012676,136342,2026-04-04 21:59:14,starter_pouch,1.99,120,0
TX000010990,161632,2026-04-04 22:31:57,small_pouch,4.99,350,0
TX000010762,121709,2026-04-04 22:34:51,large_chest,19.99,1800,0
TX000002000,134827,2026-04-04 23:14:32,medium_chest,9.99,800,0
TX000004795,165707,2026-04-04 23:28:26,medium_chest,9.99,800,0
TX000011843,103379,2026-04-04 23:59:56,starter_pouch,1.99,120,0
TX000005200,102993,2026-04-04 23:59:56,starter_pouch,1.99,120,0
TX000013614,118196,2026-04-05 06:38:59,starter_pouch,1.99,120,0
TX000010960,132120,2026-04-05 07:07:31,medium_chest,9.99,800,0
TX000007895,172478,2026-04-05 07:15:19,medium_chest,9.99,800,0
TX000013664,105448,2026-04-05 07:27:50,small_pouch,4.99,350,0
TX000000716,145052,2026-04-05 09:04:56,small_pouch,4.99,350,0
TX000008717,120573,2026-04-05 09:22:13,small_pouch,4.99,350,0
TX000007747,168399,2026-04-05 09:45:56,small_pouch,4.99,350,0
TX000010824,108815,2026-04-05 09:51:43,large_chest,19.99,1800,0
TX000007407,162915,2026-04-05 09:55:21,medium_chest,9.99,800,0
TX000014271,123080,2026-04-05 10:06:05,large_chest,19.99,1800,0
TX000007868,116453,2026-04-05 10:08:05,small_pouch,4.99,350,0
TX000006542,119660,2026-04-05 10:16:12,medium_chest,-9.99,-800,0
TX000001676,122753,2026-04-05 10:44:53,small_pouch,4.99,350,0
TX000003460,136394,2026-04-05 12:05:08,large_chest,19.99,1800,0
TX000014643,119037,2026-04-05 12:16:40,starter_pouch,1.99,120,0
TX000011967,148471,2026-04-05 12:35:28,large_chest,19.99,1800,0
TX000008903,126717,2026-04-05 12:55:12,starter_pouch,1.99,120,0
TX000004856,125552,2026-04-05 13:09:40,starter_pouch,1.99,120,0
TX000014013,150180,2026-04-05 13:28:37,small_pouch,4.99,350,0
TX000004490,118067,2026-04-05 13:33:45,medium_chest,9.99,800,0
TX000012228,128073,2026-04-05 13:36:22,medium_chest,9.99,800,0
TX000000126,145948,2026-04-05 14:19:38,medium_chest,9.99,800,0
TX000004763,108679,2026-04-05 14:24:45,medium_chest,9.99,800,0
TX000013647,149738,2026-04-05 14:43:08,starter_pouch,1.99,120,0
TX000005786,134042,2026-04-05 15:03:11,vault,49.99,5000,0
TX000011467,111126,2026-04-05 15:21:22,large_chest,19.99,1800,0
TX000010056,111542,2026-04-05 15:56:13,small_pouch,4.99,350,0
TX000009039,159058,2026-04-05 16:16:24,small_pouch,4.99,350,0
TX000001756,175707,2026-04-05 16:19:16,small_pouch,4.99,350,0
TX000006111,141398,2026-04-05 16:26:36,medium_chest,9.99,800,0
TX000011146,103279,2026-04-05 16:30:48,starter_pouch,1.99,120,0
TX000004163,112037,2026-04-05 16:38:08,medium_chest,9.99,800,0
TX000010953,165667,2026-04-05 17:01:02,medium_chest,9.99,800,0
TX000013202,166070,2026-04-05 17:10:53,small_pouch,4.99,350,0
TX000003848,170678,2026-04-05 17:11:15,small_pouch,4.99,350,0
TX000004705,122539,2026-04-05 17:20:37,medium_chest,9.99,800,0
TX000007447,112444,2026-04-05 17:42:44,large_chest,19.99,1800,0
TX000010279,120920,2026-04-05 17:45:39,vault,49.99,5000,0
TX000004195,154563,2026-04-05 17:48:08,starter_pouch,1.99,120,0
TX000000473,102040,2026-04-05 18:09:04,vault,49.99,5000,0
TX000009303,106270,2026-04-05 18:25:17,small_pouch,4.99,350,0
TX000006848,165256,2026-04-05 18:36:52,vault,49.99,5000,0
TX000002316,107477,2026-04-05 18:49:46,medium_chest,-9.99,-800,0
TX000002199,112698,2026-04-05 18:54:12,small_pouch,4.99,350,0
TX000011586,153522,2026-04-05 19:10:57,small_pouch,4.99,350,0
TX000003903,101587,2026-04-05 19:43:12,large_chest,19.99,1800,0
TX000010573,149032,2026-04-05 19:47:49,large_chest,19.99,1800,0
TX000010781,147805,2026-04-05 19:50:07,starter_pouch,1.99,120,0
TX000003977,114199,2026-04-05 19:50:19,small_pouch,4.99,350,0
TX000007977,107973,2026-04-05 20:04:51,small_pouch,4.99,350,0
TX000002607,114941,2026-04-05 20:32:47,starter_pouch,1.99,120,0
TX000012759,161917,2026-04-05 20:33:46,medium_chest,9.99,800,0
TX000000268,131157,2026-04-05 20:36:30,medium_chest,9.99,800,0
TX000012705,117244,2026-04-05 20:42:26,starter_pouch,1.99,120,0
TX000009819,174933,2026-04-05 21:00:53,small_pouch,4.99,350,0
TX000004794,164696,2026-04-05 21:02:11,small_pouch,4.99,350,0
TX000004971,101916,2026-04-05 21:13:23,large_chest,19.99,1800,0
TX000003192,140912,2026-04-05 21:13:41,medium_chest,9.99,800,0
TX000002027,105505,2026-04-05 21:17:13,starter_pouch,1.99,120,0
TX000002804,118278,2026-04-05 21:20:33,small_pouch,4.99,350,0
TX000005042,126907,2026-04-05 21:20:41,starter_pouch,1.99,120,0
TX000006608,150156,2026-04-05 21:21:41,medium_chest,9.99,800,0
TX000002744,148081,2026-04-05 21:23:11,medium_chest,9.99,800,0
TX000001656,138994,2026-04-05 21:31:21,small_pouch,4.99,350,0
TX000014558,150761,2026-04-05 21:43:18,medium_chest,9.99,800,0
TX000010440,148872,2026-04-05 21:51:50,medium_chest,9.99,800,0
TX000000215,112229,2026-04-05 21:51:59,small_pouch,4.99,350,0
TX000012025,175617,2026-04-05 21:53:25,large_chest,19.99,1800,0
TX000011765,163385,2026-04-05 22:04:42,starter_pouch,1.99,120,0
TX000011965,124376,2026-04-05 22:16:09,small_pouch,4.99,350,0
TX000012822,138822,2026-04-05 22:30:42,small_pouch,4.99,350,0
TX000000251,165148,2026-04-05 22:34:31,small_pouch,4.99,350,0
TX000012945,111223,2026-04-05 22:54:39,large_chest,19.99,1800,0
TX000010069,110683,2026-04-05 23:02:51,vault,49.99,5000,0
TX000014322,113490,2026-04-05 23:07:10,starter_pouch,1.99,120,0
TX000012585,170486,2026-04-05 23:32:23,small_pouch,4.99,350,0
TX000006985,154755,2026-04-05 23:59:56,large_chest,19.99,1800,0
TX000005556,111297,2026-04-06 06:02:15,vault,49.99,5000,0
TX000003404,119085,2026-04-06 06:37:30,starter_pouch,1.99,120,0
TX000000577,170545,2026-04-06 07:31:32,small_pouch,4.99,350,0
TX000004711,112065,2026-04-06 07:40:03,starter_pouch,1.99,120,0
TX000006877,138128,2026-04-06 07:49:38,small_pouch,4.99,350,0
TX000010659,116977,2026-04-06 08:00:26,medium_chest,9.99,800,0
TX000009998,105769,2026-04-06 08:44:56,small_pouch,4.99,350,0
TX000006675,178140,2026-04-06 09:00:23,vault,-49.99,-5000,0
TX000009433,155217,2026-04-06 09:13:53,small_pouch,4.99,350,0
TX000012139,175704,2026-04-06 09:18:52,vault,49.99,5000,0
TX000002265,135137,2026-04-06 09:39:01,starter_pouch,1.99,120,0
TX000010620,116656,2026-04-06 10:00:32,small_pouch,4.99,350,0
TX000005158,142450,2026-04-06 10:15:27,large_chest,19.99,1800,0
TX000012976,179063,2026-04-06 10:23:56,medium_chest,9.99,800,0
TX000012493,123337,2026-04-06 11:55:48,small_pouch,4.99,350,0
TX000009317,110418,2026-04-06 12:49:56,vault,49.99,5000,0
TX000011716,152093,2026-04-06 13:16:01,small_pouch,4.99,350,0
TX000014504,126895,2026-04-06 13:25:13,vault,49.99,5000,0
TX000008465,137119,2026-04-06 13:27:50,medium_chest,9.99,800,0
TX000006819,131745,2026-04-06 14:03:30,starter_pouch,1.99,120,0
TX000015110,138515,2026-04-06 14:16:36,medium_chest,9.99,800,0
TX000001837,133557,2026-04-06 14:40:38,starter_pouch,1.99,120,0
TX000012864,114004,2026-04-06 14:40:43,starter_pouch,1.99,120,0
TX000007524,159371,2026-04-06 15:07:31,starter_pouch,1.99,120,0
TX000008006,119231,2026-04-06 15:14:07,starter_pouch,1.99,120,0
TX000005508,175196,2026-04-06 15:24:29,medium_chest,9.99,800,0
TX000007295,150777,2026-04-06 15:33:43,vault,49.99,5000,0
TX000014437,166810,2026-04-06 16:11:17,small_pouch,4.99,350,0
TX000008755,139681,2026-04-06 17:15:19,medium_chest,9.99,800,0
TX000003264,160416,2026-04-06 17:28:51,large_chest,19.99,1800,0
TX000002859,145785,2026-04-06 17:29:44,starter_pouch,1.99,120,0
TX000014875,143373,2026-04-06 17:40:01,small_pouch,4.99,350,0
TX000000179,145670,2026-04-06 17:51:03,starter_pouch,1.99,120,0
TX000008941,107832,2026-04-06 17:53:00,small_pouch,4.99,350,0
TX000000785,102489,2026-04-06 17:56:42,medium_chest,9.99,800,0
TX000009989,113053,2026-04-06 17:59:57,starter_pouch,1.99,120,0
TX000013393,115078,2026-04-06 18:14:15,starter_pouch,1.99,120,0
TX000003471,150522,2026-04-06 18:19:19,small_pouch,4.99,350,0
TX000015103,147956,2026-04-06 18:19:31,small_pouch,4.99,350,0
TX000000197,150729,2026-04-06 18:23:36,medium_chest,9.99,800,0
TX000000739,107109,2026-04-06 18:36:55,starter_pouch,1.99,120,0
TX000000957,136680,2026-04-06 18:40:51,small_pouch,4.99,350,0
TX000008169,101907,2026-04-06 18:48:20,starter_pouch,1.99,120,0
TX000002978,138157,2026-04-06 18:50:46,small_pouch,-4.99,-350,0
TX000004339,124524,2026-04-06 19:21:12,medium_chest,9.99,800,0
TX000002385,139333,2026-04-06 19:34:55,small_pouch,4.99,350,0
TX000002152,180274,2026-04-06 19:48:54,starter_pouch,1.99,120,0
TX000010933,142226,2026-04-06 19:57:56,vault,49.99,5000,0
TX000010503,166438,2026-04-06 20:13:54,small_pouch,4.99,350,0
TX000011743,148800,2026-04-06 20:18:13,starter_pouch,1.99,120,0
TX000002058,126688,2026-04-06 20:19:25,mega_vault,99.99,11000,0
TX000004729,169409,2026-04-06 20:21:59,medium_chest,9.99,800,0
TX000001799,105884,2026-04-06 20:26:17,starter_pouch,1.99,120,0
TX000014576,175720,2026-04-06 20:26:58,large_chest,19.99,1800,0
TX000006096,161499,2026-04-06 20:27:43,medium_chest,9.99,800,0
TX000005943,130947,2026-04-06 20:43:17,medium_chest,9.99,800,0
TX000009070,155532,2026-04-06 20:50:08,medium_chest,9.99,800,0
TX000012455,138923,2026-04-06 20:53:07,small_pouch,4.99,350,0
TX000002133,138741,2026-04-06 21:11:53,large_chest,19.99,1800,0
TX000004199,125251,2026-04-06 21:13:26,small_pouch,4.99,350,0
TX000013418,167402,2026-04-06 21:20:41,small_pouch,4.99,350,0
TX000007986,104215,2026-04-06 21:21:49,medium_chest,9.99,800,0
TX000013817,155875,2026-04-06 21:29:17,medium_chest,9.99,800,0
TX000013721,123154,2026-04-06 21:33:31,small_pouch,4.99,350,0
TX000001630,144353,2026-04-06 22:12:27,starter_pouch,1.99,120,0
TX000010548,178416,2026-04-06 22:22:03,large_chest,19.99,1800,0
TX000000957,136680,2026-04-06 22:26:47,small_pouch,4.99,350,0
TX000014667,105119,2026-04-06 22:30:16,medium_chest,9.99,800,0
TX000004023,173854,2026-04-06 22:49:56,small_pouch,4.99,350,0
TX000000224,149182,2026-04-06 23:23:57,small_pouch,4.99,350,0
TX000006150,111292,2026-04-06 23:35:35,small_pouch,-4.99,-350,0
TX000013596,147207,2026-04-06 23:59:56,medium_chest,9.99,800,0
TX000000665,170223,2026-04-06 23:59:56,starter_pouch,1.99,120,0
TX000011038,116037,2026-04-06 23:59:56,vault,49.99,5000,0
TX000010210,179583,2026-04-06 23:59:56,small_pouch,4.99,350,0
TX000000913,158430,2026-04-07 06:00:16,medium_chest,9.99,800,0
TX000006548,157139,2026-04-07 08:19:49,small_pouch,4.99,350,0
TX000007911,123023,2026-04-07 08:29:51,small_pouch,-4.99,-350,0
TX000014351,159949,2026-04-07 09:05:38,medium_chest,9.99,800,0
TX000012054,176939,2026-04-07 10:13:27,large_chest,19.99,1800,0
TX000008191,113058,2026-04-07 10:22:37,small_pouch,4.99,350,0
TX000001942,125324,2026-04-07 10:35:41,starter_pouch,1.99,120,0
TX000015113,165651,2026-04-07 11:21:41,medium_chest,9.99,800,0
TX000005022,162883,2026-04-07 11:23:20,large_chest,19.99,1800,0
TX000000545,177076,2026-04-07 11:37:58,medium_chest,9.99,800,0
TX000014646,114595,2026-04-07 12:09:49,medium_chest,9.99,800,0
TX000006797,125557,2026-04-07 12:40:43,starter_pouch,1.99,120,0
TX000007966,119996,2026-04-07 12:56:06,mega_vault,99.99,11000,0
TX000001264,157587,2026-04-07 14:00:43,small_pouch,4.99,350,0
TX000006784,110314,2026-04-07 14:24:14,medium_chest,9.99,800,0
TX000012044,102747,2026-04-07 14:26:18,small_pouch,4.99,350,0
TX000002154,102335,2026-04-07 15:30:06,small_pouch,4.99,350,0
TX000014479,143572,2026-04-07 15:36:23,starter_pouch,1.99,120,0
TX000011368,108282,2026-04-07 16:00:15,medium_chest,9.99,800,0
TX000010498,109551,2026-04-07 16:06:59,starter_pouch,1.99,120,0
TX000013515,163170,2026-04-07 16:38:59,vault,49.99,5000,0
TX000008104,135834,2026-04-07 16:54:12,medium_chest,9.99,800,0
TX000000552,167073,2026-04-07 16:56:28,medium_chest,9.99,800,0
TX000000762,100282,2026-04-07 17:02:37,small_pouch,4.99,350,0
TX000014796,117199,2026-04-07 17:10:40,large_chest,19.99,1800,0
TX000009336,137000,2026-04-07 17:32:36,large_chest,19.99,1800,0
TX000005635,103279,2026-04-07 17:36:01,starter_pouch,-1.99,-120,0
TX000003454,166182,2026-04-07 17:44:48,small_pouch,4.99,350,0
TX000004147,128196,2026-04-07 17:50:25,medium_chest,9.99,800,0
TX000007070,122716,2026-04-07 17:53:52,vault,49.99,5000,0
TX000007544,149582,2026-04-07 17:53:56,mega_vault,99.99,11000,0
TX000005142,147608,2026-04-07 17:57:13,vault,49.99,5000,0
TX000014303,117403,2026-04-07 18:01:35,vault,49.99,5000,0
TX000011325,114300,2026-04-07 18:25:07,large_chest,19.99,1800,0
TX000009979,121091,2026-04-07 18:26:03,small_pouch,4.99,350,0
TX000010240,146903,2026-04-07 18:41:01,small_pouch,4.99,350,0
TX000012883,133615,2026-04-07 18:41:37,small_pouch,4.99,350,0
TX000014481,122523,2026-04-07 18:43:46,medium_chest,9.99,800,0
TX000013404,167319,2026-04-07 18:43:51,large_chest,19.99,1800,0
TX000000857,125600,2026-04-07 18:52:11,small_pouch,4.99,350,0
TX000000129,128027,2026-04-07 19:13:47,medium_chest,9.99,800,0
TX000003412,149807,2026-04-07 19:19:03,small_pouch,4.99,350,0
TX000010315,115315,2026-04-07 19:30:34,medium_chest,9.99,800,0
TX000004155,116367,2026-04-07 19:30:51,starter_pouch,1.99,120,0
TX000011616,159477,2026-04-07 19:35:59,medium_chest,9.99,800,0
TX000000636,131097,2026-04-07 19:40:43,large_chest,19.99,1800,0
TX000012041,139380,2026-04-07 20:25:42,large_chest,19.99,1800,0
TX000000590,146676,2026-04-07 20:38:06,large_chest,19.99,1800,0
TX000011785,128319,2026-04-07 20:49:33,medium_chest,9.99,800,0
TX000004081,114366,2026-04-07 20:54:50,large_chest,19.99,1800,0
TX000008606,166243,2026-04-07 21:02:04,large_chest,19.99,1800,0
TX000001521,169387,2026-04-07 21:07:24,medium_chest,9.99,800,0
TX000009928,126361,2026-04-07 21:25:31,starter_pouch,1.99,120,0
TX000009289,154051,2026-04-07 21:33:51,large_chest,19.99,1800,0
TX000004776,156151,2026-04-07 21:40:47,large_chest,19.99,1800,0
TX000004366,120770,2026-04-07 21:59:43,large_chest,19.99,1800,0
TX000003036,128346,2026-04-07 22:01:34,starter_pouch,1.99,120,0
TX000000014,105010,2026-04-07 22:04:14,vault,49.99,5000,0
TX000011500,111928,2026-04-07 22:21:24,small_pouch,4.99,350,0
TX000015100,179057,2026-04-07 22:21:37,vault,49.99,5000,0
TX000004752,171717,2026-04-07 23:59:56,medium_chest,9.99,800,0
TX000010441,161289,2026-04-07 23:59:56,mega_vault,99.99,11000,0
TX000010732,173619,2026-04-07 23:59:56,large_chest,19.99,1800,0
TX000014714,171994,2026-04-08 06:01:50,starter_pouch,1.99,120,1
TX000012172,101562,2026-04-08 06:02:21,large_chest,19.99,1800,1
TX000010454,116109,2026-04-08 06:07:54,starter_pouch,1.99,120,1
TX000012316,167365,2026-04-08 06:10:09,starter_pouch,1.99,120,1
TX000005860,168217,2026-04-08 06:13:59,large_chest,19.99,1800,1
TX000009696,123080,2026-04-08 06:14:54,starter_pouch,1.99,120,1
TX000012958,127165,2026-04-08 06:15:32,starter_pouch,1.99,120,1
TX000007035,177655,2026-04-08 06:24:17,medium_chest,9.99,800,1
TX000001148,101610,2026-04-08 06:39:55,starter_pouch,1.99,120,1
TX000007983,109829,2026-04-08 06:49:27,vault,49.99,5000,1
TX000008633,120764,2026-04-08 06:50:12,starter_pouch,1.99,120,1
TX000010337,126999,2026-04-08 06:51:11,large_chest,19.99,1800,1
TX000002354,102089,2026-04-08 06:53:02,starter_pouch,1.99,120,1
TX000010530,100809,2026-04-08 06:58:59,starter_pouch,1.99,120,1
TX000010360,140156,2026-04-08 07:01:38,small_pouch,4.99,350,1
TX000003859,145175,2026-04-08 07:03:34,small_pouch,4.99,350,1
TX000008692,129936,2026-04-08 07:06:16,vault,49.99,5000,1
TX000003900,105271,2026-04-08 07:08:42,small_pouch,4.99,350,1
TX000009123,178113,2026-04-08 07:15:50,small_pouch,4.99,350,1
TX000010182,122473,2026-04-08 07:16:38,starter_pouch,1.99,120,1
TX000013364,129724,2026-04-08 07:27:07,large_chest,19.99,1800,1
TX000002555,172625,2026-04-08 07:31:34,large_chest,19.99,1800,1
TX000007308,108861,2026-04-08 07:41:30,large_chest,19.99,1800,1
TX000004119,124586,2026-04-08 07:43:34,large_chest,19.99,1800,1
TX000014121,108468,2026-04-08 07:44:20,medium_chest,9.99,800,1
TX000005827,117363,2026-04-08 07:46:24,starter_pouch,1.99,120,1
TX000012345,115395,2026-04-08 07:51:18,starter_pouch,1.99,120,1
TX000011746,128319,2026-04-08 07:54:08,starter_pouch,1.99,120,1
TX000012744,100971,2026-04-08 08:00:09,mega_vault,99.99,11000,1
TX000009142,162739,2026-04-08 08:01:57,medium_chest,9.99,800,1
TX000010406,102317,2026-04-08 08:16:20,small_pouch,4.99,350,1
TX000007564,102267,2026-04-08 08:17:11,starter_pouch,1.99,120,1
TX000010603,135209,2026-04-08 08:22:43,small_pouch,4.99,350,1
TX000000422,147957,2026-04-08 08:27:00,small_pouch,4.99,350,1
TX000003904,178109,2026-04-08 08:28:38,starter_pouch,1.99,120,1
TX000001453,135267,2026-04-08 08:30:54,starter_pouch,1.99,120,1
TX000000004,140921,2026-04-08 08:31:31,starter_pouch,1.99,120,1
TX000007188,173753,2026-04-08 08:33:09,large_chest,19.99,1800,1
TX000014767,121024,2026-04-08 08:34:51,medium_chest,9.99,800,1
TX000001116,106742,2026-04-08 08:41:44,small_pouch,4.99,350,1
TX000012091,101429,2026-04-08 08:42:31,small_pouch,4.99,350,1
TX000011544,115817,2026-04-08 08:43:37,starter_pouch,1.99,120,1
TX000007339,115212,2026-04-08 08:58:15,medium_chest,9.99,800,1
TX000007029,126486,2026-04-08 08:58:48,starter_pouch,1.99,120,1
TX000009798,134463,2026-04-08 08:59:48,small_pouch,4.99,350,1
TX000007800,176595,2026-04-08 09:00:10,vault,49.99,5000,1
TX000001093,143120,2026-04-08 09:04:38,starter_pouch,1.99,120,1
TX000010817,150126,2026-04-08 09:08:04,small_pouch,4.99,350,1
TX000008318,125922,2026-04-08 09:28:12,medium_chest,9.99,800,1
TX000009804,167598,2026-04-08 09:34:10,small_pouch,4.99,350,1
TX000013709,162716,2026-04-08 09:34:27,large_chest,19.99,1800,1
TX000008424,171995,2026-04-08 09:35:29,small_pouch,4.99,350,1
TX000011384,130182,2026-04-08 09:36:30,medium_chest,9.99,800,1
TX000002848,148087,2026-04-08 09:39:09,small_pouch,4.99,350,1
TX000009126,121880,2026-04-08 09:39:14,starter_pouch,1.99,120,1
TX000011466,149954,2026-04-08 09:41:20,medium_chest,9.99,800,1
TX000001804,119605,2026-04-08 09:47:09,vault,49.99,5000,1
TX000010207,125870,2026-04-08 09:51:42,starter_pouch,1.99,120,1
TX000011394,176777,2026-04-08 09:56:55,medium_chest,9.99,800,1
TX000008883,163699,2026-04-08 09:57:58,large_chest,19.99,1800,1
TX000001767,148139,2026-04-08 10:02:26,small_pouch,4.99,350,1
TX000007190,162233,2026-04-08 10:02:44,starter_pouch,1.99,120,1
TX000008400,116136,2026-04-08 10:08:50,large_chest,19.99,1800,1
TX000009988,154448,2026-04-08 10:10:49,large_chest,19.99,1800,1
TX000014267,165453,2026-04-08 10:11:37,starter_pouch,1.99,120,1
TX000004546,106588,2026-04-08 10:12:26,small_pouch,4.99,350,1
TX000012035,177976,2026-04-08 10:16:32,vault,49.99,5000,1
TX000003422,110186,2026-04-08 10:16:33,large_chest,19.99,1800,1
TX000010765,109556,2026-04-08 10:22:11,small_pouch,4.99,350,1
TX000008340,175095,2026-04-08 10:29:23,mega_vault,99.99,11000,1
TX000003193,167050,2026-04-08 10:31:19,small_pouch,4.99,350,1
TX000006783,103136,2026-04-08 10:34:37,vault,49.99,5000,1
TX000012315,142039,2026-04-08 10:40:43,medium_chest,9.99,800,1
TX000013843,141411,2026-04-08 10:42:01,small_pouch,4.99,350,1
TX000011353,155982,2026-04-08 10:48:41,small_pouch,4.99,350,1
TX000002580,176253,2026-04-08 10:53:55,small_pouch,4.99,350,1
TX000009067,163644,2026-04-08 10:55:50,starter_pouch,1.99,120,1
TX000010540,111150,2026-04-08 10:56:00,mega_vault,99.99,11000,1
TX000000686,174908,2026-04-08 10:56:54,medium_chest,9.99,800,1
TX000015170,164236,2026-04-08 10:59:47,small_pouch,4.99,350,1
TX000013990,170537,2026-04-08 11:00:54,large_chest,19.99,1800,1
TX000002650,103451,2026-04-08 11:02:32,small_pouch,4.99,350,1
TX000005191,138931,2026-04-08 11:10:52,starter_pouch,1.99,120,1
TX000013846,117587,2026-04-08 11:22:23,small_pouch,4.99,350,1
TX000003731,174450,2026-04-08 11:31:13,starter_pouch,1.99,120,1
TX000007243,132917,2026-04-08 11:35:09,starter_pouch,1.99,120,1
TX000007771,147371,2026-04-08 11:38:33,large_chest,19.99,1800,1
TX000003395,100577,2026-04-08 11:38:50,starter_pouch,1.99,120,1
TX000013689,142546,2026-04-08 11:42:23,medium_chest,9.99,800,1
TX000007536,114593,2026-04-08 11:44:12,mega_vault,99.99,11000,1
TX000005906,100239,2026-04-08 11:48:08,starter_pouch,1.99,120,1
TX000013031,111115,2026-04-08 11:48:58,medium_chest,9.99,800,1
TX000011536,176233,2026-04-08 12:00:20,mega_vault,99.99,11000,1
TX000010377,103982,2026-04-08 12:00:45,medium_chest,9.99,800,1
TX000004968,120030,2026-04-08 12:04:24,vault,49.99,5000,1
TX000012804,125964,2026-04-08 12:04:48,starter_pouch,1.99,120,1
TX000007306,174847,2026-04-08 12:13:42,small_pouch,4.99,350,1
TX000002252,141495,2026-04-08 12:17:49,medium_chest,9.99,800,1
TX000013623,105259,2026-04-08 12:19:10,medium_chest,9.99,800,1
TX000010615,103349,2026-04-08 12:20:57,starter_pouch,1.99,120,1
TX000015192,160023,2026-04-08 12:28:21,large_chest,19.99,1800,1
TX000010282,157661,2026-04-08 12:29:02,medium_chest,9.99,800,1
TX000012816,165812,2026-04-08 12:29:42,small_pouch,4.99,350,1
TX000001424,150489,2026-04-08 12:31:25,vault,49.99,5000,1
TX000005538,157417,2026-04-08 12:40:58,starter_pouch,1.99,120,1
TX000003468,104022,2026-04-08 12:42:57,medium_chest,9.99,800,1
TX000014943,109791,2026-04-08 12:43:03,small_pouch,4.99,350,1
TX000004074,112939,2026-04-08 12:43:45,small_pouch,4.99,350,1
TX000005287,148798,2026-04-08 12:44:31,small_pouch,4.99,350,1
TX000002939,112992,2026-04-08 12:52:40,starter_pouch,1.99,120,1
TX000004384,140032,2026-04-08 12:53:44,small_pouch,4.99,350,1
TX000012936,103866,2026-04-08 12:54:41,small_pouch,4.99,350,1
TX000014261,157140,2026-04-08 13:01:02,large_chest,19.99,1800,1
TX000008922,176795,2026-04-08 13:06:27,medium_chest,9.99,800,1
TX000009023,106693,2026-04-08 13:06:51,medium_chest,9.99,800,1
TX000000699,105259,2026-04-08 13:08:28,small_pouch,4.99,350,1
TX000010468,138658,2026-04-08 13:12:01,starter_pouch,1.99,120,1
TX000002395,146904,2026-04-08 13:14:47,medium_chest,9.99,800,1
TX000002712,159014,2026-04-08 13:16:15,mega_vault,99.99,11000,1
TX000012533,168637,2026-04-08 13:31:10,large_chest,19.99,1800,1
TX000001161,163852,2026-04-08 13:41:55,medium_chest,9.99,800,1
TX000008691,179386,2026-04-08 13:43:22,large_chest,19.99,1800,1
TX000002249,161959,2026-04-08 13:45:11,large_chest,19.99,1800,1
TX000005506,176538,2026-04-08 13:46:28,large_chest,19.99,1800,1
TX000003670,180163,2026-04-08 13:48:37,large_chest,19.99,1800,1
TX000000529,156712,2026-04-08 13:51:32,large_chest,19.99,1800,1
TX000008351,149669,2026-04-08 13:56:47,large_chest,19.99,1800,1
TX000002430,153714,2026-04-08 13:58:53,starter_pouch,1.99,120,1
TX000005376,132930,2026-04-08 13:59:51,starter_pouch,1.99,120,1
TX000009727,111298,2026-04-08 14:06:49,starter_pouch,1.99,120,1
TX000006231,151977,2026-04-08 14:13:50,small_pouch,4.99,350,1
TX000010840,149278,2026-04-08 14:14:36,starter_pouch,1.99,120,1
TX000011157,169435,2026-04-08 14:18:16,small_pouch,4.99,350,1
TX000011610,138067,2026-04-08 14:19:47,medium_chest,9.99,800,1
TX000008806,117108,2026-04-08 14:26:26,vault,49.99,5000,1
TX000011856,155992,2026-04-08 14:37:17,small_pouch,4.99,350,1
TX000002467,145965,2026-04-08 14:40:46,small_pouch,4.99,350,1
TX000006004,145486,2026-04-08 14:44:33,vault,49.99,5000,1
TX000005850,123295,2026-04-08 14:45:25,small_pouch,4.99,350,1
TX000000677,132263,2026-04-08 14:47:47,starter_pouch,1.99,120,1
TX000014194,120473,2026-04-08 14:53:20,medium_chest,9.99,800,1
TX000013860,132463,2026-04-08 14:58:51,large_chest,19.99,1800,1
TX000000812,128521,2026-04-08 15:08:10,starter_pouch,1.99,120,1
TX000014707,167704,2026-04-08 15:09:50,medium_chest,9.99,800,1
TX000007189,121055,2026-04-08 15:09:55,small_pouch,4.99,350,1
TX000008569,139768,2026-04-08 15:10:27,small_pouch,4.99,350,1
TX000015247,133219,2026-04-08 15:12:25,small_pouch,4.99,350,1
TX000010221,162618,2026-04-08 15:13:09,vault,49.99,5000,1
TX000008170,142942,2026-04-08 15:14:28,starter_pouch,1.99,120,1
TX000003925,154381,2026-04-08 15:15:01,starter_pouch,1.99,120,1
TX000004048,159084,2026-04-08 15:17:23,large_chest,19.99,1800,1
TX000010578,141492,2026-04-08 15:18:44,large_chest,19.99,1800,1
TX000004689,162413,2026-04-08 15:22:24,vault,49.99,5000,1
TX000004682,130322,2026-04-08 15:26:06,starter_pouch,1.99,120,1
TX000014158,169734,2026-04-08 15:32:12,starter_pouch,1.99,120,1
TX000011002,100463,2026-04-08 15:34:14,medium_chest,9.99,800,1
TX000007938,134643,2026-04-08 15:37:46,small_pouch,4.99,350,1
TX000008666,135739,2026-04-08 15:44:12,starter_pouch,1.99,120,1
TX000011241,112852,2026-04-08 15:44:15,starter_pouch,1.99,120,1
TX000007303,154720,2026-04-08 15:46:29,large_chest,19.99,1800,1
TX000015277,142969,2026-04-08 15:46:55,starter_pouch,1.99,120,1
TX000001010,112179,2026-04-08 15:49:20,mega_vault,99.99,11000,1
TX000008850,161289,2026-04-08 15:49:55,small_pouch,4.99,350,1
TX000006550,127603,2026-04-08 15:52:29,medium_chest,-9.99,-800,0
TX000007818,151096,2026-04-08 15:54:16,large_chest,19.99,1800,1
TX000001333,107574,2026-04-08 15:55:57,small_pouch,4.99,350,1
TX000007084,154059,2026-04-08 15:58:55,starter_pouch,1.99,120,1
TX000002556,122787,2026-04-08 16:02:21,large_chest,19.99,1800,1
TX000014764,160477,2026-04-08 16:04:44,starter_pouch,1.99,120,1
TX000011891,167206,2026-04-08 16:05:43,starter_pouch,1.99,120,1
TX000008782,119412,2026-04-08 16:08:55,small_pouch,4.99,350,1
TX000005090,174321,2026-04-08 16:12:17,small_pouch,4.99,350,1
TX000011423,129686,2026-04-08 16:14:13,large_chest,19.99,1800,1
TX000013807,130146,2026-04-08 16:21:14,large_chest,19.99,1800,1
TX000009465,161604,2026-04-08 16:25:08,starter_pouch,1.99,120,1
TX000008238,114543,2026-04-08 16:25:22,starter_pouch,1.99,120,1
TX000005749,109445,2026-04-08 16:29:46,medium_chest,9.99,800,1
TX000008620,136684,2026-04-08 16:32:31,large_chest,19.99,1800,1
TX000006129,104284,2026-04-08 16:33:36,vault,49.99,5000,1
TX000010998,106921,2026-04-08 16:33:53,small_pouch,4.99,350,1
TX000013985,105119,2026-04-08 16:34:07,large_chest,19.99,1800,1
TX000011183,119184,2026-04-08 16:34:07,small_pouch,4.99,350,1
TX000008460,136207,2026-04-08 16:35:46,large_chest,19.99,1800,1
TX000005761,116537,2026-04-08 16:42:15,starter_pouch,1.99,120,1
TX000002646,136963,2026-04-08 16:45:13,medium_chest,9.99,800,1
TX000001451,145041,2026-04-08 16:47:41,small_pouch,4.99,350,1
TX000001168,112691,2026-04-08 16:50:39,small_pouch,4.99,350,1
TX000002562,124327,2026-04-08 16:53:03,small_pouch,4.99,350,1
TX000007630,179571,2026-04-08 16:53:20,starter_pouch,1.99,120,1
TX000013276,166718,2026-04-08 16:53:31,starter_pouch,1.99,120,1
TX000002763,135471,2026-04-08 16:54:00,small_pouch,4.99,350,1
TX000014403,146261,2026-04-08 16:55:58,small_pouch,4.99,350,1
TX000013005,125457,2026-04-08 17:02:58,starter_pouch,1.99,120,1
TX000011069,129255,2026-04-08 17:03:28,small_pouch,4.99,350,1
TX000013887,158043,2026-04-08 17:05:44,large_chest,19.99,1800,1
TX000010951,151183,2026-04-08 17:07:43,medium_chest,9.99,800,1
TX000010531,132074,2026-04-08 17:09:01,large_chest,19.99,1800,1
TX000007317,160412,2026-04-08 17:09:29,small_pouch,4.99,350,1
TX000014859,139405,2026-04-08 17:09:50,vault,49.99,5000,1
TX000008066,163869,2026-04-08 17:10:32,small_pouch,4.99,350,1
TX000003485,179261,2026-04-08 17:14:22,starter_pouch,1.99,120,1
TX000003258,171379,2026-04-08 17:17:40,large_chest,19.99,1800,1
TX000004731,113079,2026-04-08 17:22:04,starter_pouch,1.99,120,1
TX000013204,151683,2026-04-08 17:24:42,small_pouch,4.99,350,1
TX000009401,139963,2026-04-08 17:25:53,small_pouch,4.99,350,1
TX000002148,105951,2026-04-08 17:25:59,medium_chest,9.99,800,1
TX000003892,135471,2026-04-08 17:27:15,starter_pouch,1.99,120,1
TX000001020,170205,2026-04-08 17:27:22,small_pouch,4.99,350,1
TX000000361,110075,2026-04-08 17:29:37,small_pouch,4.99,350,1
TX000001596,122554,2026-04-08 17:35:42,large_chest,19.99,1800,1
TX000006520,148867,2026-04-08 17:36:18,starter_pouch,1.99,120,1
TX000001442,145723,2026-04-08 17:37:52,medium_chest,9.99,800,1
TX000003075,105124,2026-04-08 17:37:56,mega_vault,99.99,11000,1
TX000013285,139117,2026-04-08 17:38:19,large_chest,19.99,1800,1
TX000003805,125791,2026-04-08 17:41:19,medium_chest,9.99,800,1
TX000002290,165595,2026-04-08 17:41:26,small_pouch,4.99,350,1
TX000006151,125777,2026-04-08 17:41:27,small_pouch,4.99,350,1
TX000002387,170069,2026-04-08 17:42:49,medium_chest,9.99,800,1
TX000004054,122996,2026-04-08 17:44:14,starter_pouch,1.99,120,1
TX000004122,119376,2026-04-08 17:44:29,mega_vault,99.99,11000,1
TX000011599,166318,2026-04-08 17:45:20,starter_pouch,1.99,120,1
TX000010283,166555,2026-04-08 17:46:31,starter_pouch,1.99,120,1
TX000006347,142945,2026-04-08 17:48:55,starter_pouch,1.99,120,1
TX000000275,118663,2026-04-08 17:50:11,large_chest,19.99,1800,1
TX000004288,103637,2026-04-08 17:52:44,large_chest,19.99,1800,1
TX000004862,137453,2026-04-08 17:53:15,starter_pouch,1.99,120,1
TX000011170,159074,2026-04-08 17:54:48,starter_pouch,1.99,120,1
TX000002086,105945,2026-04-08 17:56:40,medium_chest,9.99,800,1
TX000007142,180071,2026-04-08 17:56:47,vault,49.99,5000,1
TX000010600,166371,2026-04-08 17:57:58,small_pouch,4.99,350,1
TX000014251,151010,2026-04-08 17:58:11,vault,49.99,5000,1
TX000014734,154051,2026-04-08 17:58:33,starter_pouch,1.99,120,1
TX000007131,138067,2026-04-08 18:00:56,vault,49.99,5000,1
TX000014728,153795,2026-04-08 18:01:24,large_chest,19.99,1800,1
TX000006265,170654,2026-04-08 18:02:11,medium_chest,9.99,800,1
TX000001941,160161,2026-04-08 18:02:26,medium_chest,9.99,800,1
TX000014671,114352,2026-04-08 18:04:22,starter_pouch,1.99,120,1
TX000001835,158353,2026-04-08 18:05:20,vault,49.99,5000,1
TX000015095,166633,2026-04-08 18:07:55,small_pouch,4.99,350,1
TX000014386,133088,2026-04-08 18:08:13,medium_chest,9.99,800,1
TX000012288,111483,2026-04-08 18:12:19,medium_chest,9.99,800,1
TX000012091,101429,2026-04-08 18:13:49,small_pouch,4.99,350,1
TX000003943,116059,2026-04-08 18:14:42,starter_pouch,1.99,120,1
TX000005111,106054,2026-04-08 18:14:46,small_pouch,4.99,350,1
TX000009674,105833,2026-04-08 18:15:34,small_pouch,4.99,350,1
TX000010848,134691,2026-04-08 18:18:02,large_chest,19.99,1800,1
TX000005886,169178,2026-04-08 18:18:37,starter_pouch,1.99,120,1
TX000013124,165101,2026-04-08 18:21:00,large_chest,19.99,1800,1
TX000008909,127334,2026-04-08 18:22:09,starter_pouch,1.99,120,1
TX000009678,130351,2026-04-08 18:22:44,small_pouch,4.99,350,1
TX000006573,174440,2026-04-08 18:26:30,medium_chest,9.99,800,1
TX000002742,142526,2026-04-08 18:27:00,medium_chest,9.99,800,1
TX000014495,114786,2026-04-08 18:27:54,mega_vault,99.99,11000,1
TX000001043,149494,2026-04-08 18:29:54,small_pouch,4.99,350,1
TX000008653,149547,2026-04-08 18:30:03,starter_pouch,1.99,120,1
TX000008771,121973,2026-04-08 18:31:26,small_pouch,4.99,350,1
TX000000667,119996,2026-04-08 18:32:06,medium_chest,9.99,800,1
TX000012813,125679,2026-04-08 18:33:28,starter_pouch,1.99,120,1
TX000009772,177916,2026-04-08 18:34:30,small_pouch,4.99,350,1
TX000012608,109556,2026-04-08 18:36:41,medium_chest,9.99,800,1
TX000002921,104330,2026-04-08 18:37:19,medium_chest,9.99,800,1
TX000011733,134295,2026-04-08 18:38:44,medium_chest,9.99,800,1
TX000013934,126014,2026-04-08 18:39:12,large_chest,19.99,1800,1
TX000003482,158519,2026-04-08 18:39:23,medium_chest,9.99,800,1
TX000000778,174429,2026-04-08 18:39:28,small_pouch,4.99,350,1
TX000008893,110489,2026-04-08 18:40:05,small_pouch,4.99,350,1
TX000009974,124303,2026-04-08 18:40:19,large_chest,19.99,1800,1
TX000002649,112910,2026-04-08 18:41:05,medium_chest,9.99,800,1
TX000002470,149120,2026-04-08 18:44:37,vault,49.99,5000,1
TX000006522,140898,2026-04-08 18:45:54,large_chest,19.99,1800,1
TX000000226,100216,2026-04-08 18:46:14,medium_chest,9.99,800,1
TX000011908,130556,2026-04-08 18:47:23,starter_pouch,1.99,120,1
TX000008987,122787,2026-04-08 18:47:55,medium_chest,9.99,800,1
TX000006845,121191,2026-04-08 18:49:30,starter_pouch,1.99,120,1
TX000012589,143510,2026-04-08 18:49:36,large_chest,19.99,1800,1
TX000002242,146124,2026-04-08 18:52:45,starter_pouch,1.99,120,1
TX000001602,172708,2026-04-08 18:52:59,starter_pouch,1.99,120,1
TX000000863,119958,2026-04-08 18:53:16,starter_pouch,1.99,120,1
TX000014266,150721,2026-04-08 18:54:01,starter_pouch,1.99,120,1
TX000012295,157191,2026-04-08 18:54:05,small_pouch,4.99,350,1
TX000009501,168898,2026-04-08 18:55:15,small_pouch,4.99,350,1
TX000007510,156393,2026-04-08 18:55:19,starter_pouch,1.99,120,1
TX000013388,135995,2026-04-08 18:59:26,mega_vault,99.99,11000,1
TX000004853,156923,2026-04-08 18:59:39,medium_chest,9.99,800,1
TX000012106,150849,2026-04-08 19:00:14,medium_chest,9.99,800,1
TX000003646,133711,2026-04-08 19:03:09,medium_chest,9.99,800,1
TX000003721,111223,2026-04-08 19:05:13,vault,49.99,5000,1
TX000006591,126124,2026-04-08 19:05:46,starter_pouch,1.99,120,1
TX000012858,114196,2026-04-08 19:07:35,small_pouch,4.99,350,1
TX000014988,146959,2026-04-08 19:09:09,small_pouch,4.99,350,1
TX000009381,143569,2026-04-08 19:09:31,small_pouch,-4.99,-350,0
TX000000919,171700,2026-04-08 19:10:01,starter_pouch,1.99,120,1
TX000005602,132619,2026-04-08 19:10:17,starter_pouch,1.99,120,1
TX000011877,127272,2026-04-08 19:11:59,medium_chest,9.99,800,1
TX000014946,168149,2026-04-08 19:12:46,vault,49.99,5000,1
TX000002259,139288,2026-04-08 19:13:22,starter_pouch,1.99,120,1
TX000010393,100764,2026-04-08 19:14:23,small_pouch,4.99,350,1
TX000000829,130735,2026-04-08 19:14:52,small_pouch,4.99,350,1
TX000002818,164643,2026-04-08 19:15:50,small_pouch,4.99,350,1
TX000004995,149800,2026-04-08 19:17:13,starter_pouch,1.99,120,1
TX000009558,121530,2026-04-08 19:17:16,vault,49.99,5000,1
TX000011966,158602,2026-04-08 19:17:22,medium_chest,9.99,800,1
TX000004586,129445,2026-04-08 19:19:05,starter_pouch,1.99,120,1
TX000011858,149711,2026-04-08 19:19:14,starter_pouch,1.99,120,1
TX000010711,132179,2026-04-08 19:19:27,starter_pouch,1.99,120,1
TX000005221,167106,2026-04-08 19:19:58,medium_chest,9.99,800,1
TX000009631,152330,2026-04-08 19:23:31,starter_pouch,1.99,120,1
TX000006098,126119,2026-04-08 19:24:06,starter_pouch,1.99,120,1
TX000012419,163614,2026-04-08 19:26:01,medium_chest,9.99,800,1
TX000003962,142384,2026-04-08 19:26:11,small_pouch,4.99,350,1
TX000000061,129978,2026-04-08 19:26:29,large_chest,19.99,1800,1
TX000005198,119624,2026-04-08 19:27:52,medium_chest,9.99,800,1
TX000011018,160711,2026-04-08 19:28:14,medium_chest,-9.99,-800,0
TX000006915,115924,2026-04-08 19:32:39,medium_chest,9.99,800,1
TX000004991,167483,2026-04-08 19:34:51,medium_chest,9.99,800,1
TX000001827,167830,2026-04-08 19:36:07,starter_pouch,1.99,120,1
TX000012152,126273,2026-04-08 19:38:18,vault,49.99,5000,1
TX000010408,160419,2026-04-08 19:38:37,starter_pouch,1.99,120,1
TX000012380,133738,2026-04-08 19:39:30,starter_pouch,1.99,120,1
TX000001671,136181,2026-04-08 19:41:08,starter_pouch,1.99,120,1
TX000009339,111856,2026-04-08 19:41:33,small_pouch,4.99,350,1
TX000010380,175596,2026-04-08 19:43:25,mega_vault,99.99,11000,1
TX000011702,143467,2026-04-08 19:44:14,mega_vault,99.99,11000,1
TX000010398,135363,2026-04-08 19:45:30,small_pouch,4.99,350,1
TX000008734,125368,2026-04-08 19:47:36,large_chest,19.99,1800,1
TX000015286,166395,2026-04-08 19:48:23,vault,49.99,5000,1
TX000005898,158560,2026-04-08 19:49:08,large_chest,19.99,1800,1
TX000006987,153407,2026-04-08 19:49:35,starter_pouch,1.99,120,1
TX000013591,111712,2026-04-08 19:50:03,small_pouch,4.99,350,1
TX000004145,112902,2026-04-08 19:50:20,starter_pouch,1.99,120,1
TX000011722,175635,2026-04-08 19:50:53,small_pouch,4.99,350,1
TX000003431,164035,2026-04-08 19:51:11,small_pouch,4.99,350,1
TX000014597,126975,2026-04-08 19:51:34,starter_pouch,1.99,120,1
TX000013162,124693,2026-04-08 19:53:46,small_pouch,4.99,350,1
TX000014714,171994,2026-04-08 19:55:10,starter_pouch,1.99,120,1
TX000013789,123295,2026-04-08 19:56:10,small_pouch,4.99,350,1
TX000007062,126024,2026-04-08 19:58:17,starter_pouch,1.99,120,1
TX000008166,106696,2026-04-08 19:58:43,large_chest,19.99,1800,1
TX000006153,166940,2026-04-08 19:58:50,starter_pouch,1.99,120,1
TX000010109,154417,2026-04-08 19:59:23,medium_chest,9.99,800,1
TX000012456,138923,2026-04-08 19:59:30,vault,49.99,5000,1
TX000014055,106821,2026-04-08 20:00:16,medium_chest,9.99,800,1
TX000011153,109346,2026-04-08 20:00:21,small_pouch,4.99,350,1
TX000009760,168484,2026-04-08 20:01:09,starter_pouch,1.99,120,1
TX000008246,168177,2026-04-08 20:01:10,starter_pouch,1.99,120,1
TX000008576,122797,2026-04-08 20:01:29,starter_pouch,1.99,120,1
TX000010501,151198,2026-04-08 20:01:40,medium_chest,9.99,800,1
TX000012407,115157,2026-04-08 20:04:24,starter_pouch,1.99,120,1
TX000004151,162097,2026-04-08 20:06:00,medium_chest,9.99,800,1
TX000011675,176055,2026-04-08 20:06:06,medium_chest,9.99,800,1
TX000006416,127316,2026-04-08 20:06:11,medium_chest,9.99,800,1
TX000009413,105557,2026-04-08 20:08:21,small_pouch,4.99,350,1
TX000012454,104527,2026-04-08 20:08:25,starter_pouch,1.99,120,1
TX000007430,101409,2026-04-08 20:10:13,starter_pouch,1.99,120,1
TX000004404,129746,2026-04-08 20:11:16,starter_pouch,1.99,120,1
TX000004285,124735,2026-04-08 20:14:07,small_pouch,4.99,350,1
TX000007807,160307,2026-04-08 20:14:17,small_pouch,4.99,350,1
TX000007439,145956,2026-04-08 20:14:48,small_pouch,4.99,350,1
TX000008971,167521,2026-04-08 20:15:30,large_chest,19.99,1800,1
TX000009331,148808,2026-04-08 20:18:19,medium_chest,9.99,800,1
TX000008151,109945,2026-04-08 20:18:21,starter_pouch,1.99,120,1
TX000003682,123289,2026-04-08 20:19:56,medium_chest,9.99,800,1
TX000008777,162308,2026-04-08 20:20:57,starter_pouch,1.99,120,1
TX000001109,121258,2026-04-08 20:24:49,starter_pouch,1.99,120,1
TX000013539,106927,2026-04-08 20:26:16,small_pouch,4.99,350,1
TX000013929,107703,2026-04-08 20:27:30,small_pouch,4.99,350,1
TX000013355,116037,2026-04-08 20:27:31,vault,-49.99,-5000,0
TX000014238,164432,2026-04-08 20:29:24,vault,49.99,5000,1
TX000007603,109039,2026-04-08 20:29:25,starter_pouch,1.99,120,1
TX000008027,126874,2026-04-08 20:30:28,vault,49.99,5000,1
TX000007140,116501,2026-04-08 20:33:19,small_pouch,4.99,350,1
TX000001552,103982,2026-04-08 20:33:36,starter_pouch,1.99,120,1
TX000006978,154993,2026-04-08 20:34:19,starter_pouch,1.99,120,1
TX000007483,109269,2026-04-08 20:35:38,small_pouch,4.99,350,1
TX000001255,120627,2026-04-08 20:37:53,starter_pouch,1.99,120,1
TX000004806,143537,2026-04-08 20:37:56,small_pouch,4.99,350,1
TX000009976,110942,2026-04-08 20:39:39,medium_chest,9.99,800,1
TX000014916,162511,2026-04-08 20:39:39,mega_vault,99.99,11000,1
TX000005360,162854,2026-04-08 20:39:50,medium_chest,9.99,800,1
TX000007192,104276,2026-04-08 20:45:41,medium_chest,9.99,800,1
TX000014494,164584,2026-04-08 20:46:08,medium_chest,9.99,800,1
TX000008127,141594,2026-04-08 20:46:13,medium_chest,9.99,800,1
TX000000140,150365,2026-04-08 20:46:42,medium_chest,9.99,800,1
TX000012166,180167,2026-04-08 20:46:54,small_pouch,4.99,350,1
TX000012984,101939,2026-04-08 20:48:55,large_chest,19.99,1800,1
TX000009041,145832,2026-04-08 20:51:45,small_pouch,4.99,350,1
TX000001459,112239,2026-04-08 20:52:26,starter_pouch,1.99,120,1
TX000005841,128726,2026-04-08 20:53:00,large_chest,19.99,1800,1
TX000014288,136006,2026-04-08 20:53:16,mega_vault,99.99,11000,1
TX000010758,177879,2026-04-08 20:53:27,medium_chest,9.99,800,1
TX000005375,109597,2026-04-08 20:53:37,starter_pouch,1.99,120,1
TX000002371,131067,2026-04-08 20:54:16,medium_chest,9.99,800,1
TX000002722,108021,2026-04-08 20:55:44,medium_chest,9.99,800,1
TX000006595,163416,2026-04-08 20:56:13,mega_vault,99.99,11000,1
TX000002068,168653,2026-04-08 20:56:57,medium_chest,9.99,800,1
TX000006866,165116,2026-04-08 21:00:36,large_chest,19.99,1800,1
TX000000042,166856,2026-04-08 21:01:28,mega_vault,99.99,11000,1
TX000007470,172734,2026-04-08 21:01:38,starter_pouch,1.99,120,1
TX000011868,176585,2026-04-08 21:02:23,small_pouch,4.99,350,1
TX000005926,107296,2026-04-08 21:03:29,medium_chest,9.99,800,1
TX000011429,158173,2026-04-08 21:03:58,starter_pouch,1.99,120,1
TX000014949,130038,2026-04-08 21:04:46,small_pouch,4.99,350,1
TX000006053,143402,2026-04-08 21:04:54,vault,49.99,5000,1
TX000010198,125968,2026-04-08 21:05:15,small_pouch,4.99,350,1
TX000006054,107098,2026-04-08 21:05:15,starter_pouch,1.99,120,1
TX000013638,145352,2026-04-08 21:05:22,starter_pouch,1.99,120,1
TX000009755,146899,2026-04-08 21:06:02,small_pouch,4.99,350,1
TX000013024,147074,2026-04-08 21:07:18,large_chest,19.99,1800,1
TX000011870,101275,2026-04-08 21:08:49,small_pouch,4.99,350,1
TX000011722,175635,2026-04-08 21:09:27,small_pouch,4.99,350,1
TX000010630,154519,2026-04-08 21:09:50,starter_pouch,1.99,120,1
TX000000033,149677,2026-04-08 21:12:13,small_pouch,4.99,350,1
TX000009170,124586,2026-04-08 21:13:09,large_chest,19.99,1800,1
TX000000011,103032,2026-04-08 21:14:45,starter_pouch,1.99,120,1
TX000000708,119412,2026-04-08 21:15:00,mega_vault,99.99,11000,1
TX000002185,142780,2026-04-08 21:15:09,small_pouch,4.99,350,1
TX000005110,118721,2026-04-08 21:18:15,starter_pouch,1.99,120,1
TX000014863,138813,2026-04-08 21:21:34,starter_pouch,1.99,120,1
TX000007528,172304,2026-04-08 21:21:55,medium_chest,9.99,800,1
TX000007482,127013,2026-04-08 21:23:15,medium_chest,9.99,800,1
TX000008809,154300,2026-04-08 21:24:27,starter_pouch,1.99,120,1
TX000004947,166878,2026-04-08 21:28:40,small_pouch,4.99,350,1
TX000004391,136450,2026-04-08 21:31:49,small_pouch,4.99,350,1
TX000005791,127435,2026-04-08 21:33:12,small_pouch,4.99,350,1
TX000008845,115225,2026-04-08 21:36:47,starter_pouch,1.99,120,1
TX000013662,145915,2026-04-08 21:38:39,mega_vault,99.99,11000,1
TX000000380,105593,2026-04-08 21:39:12,medium_chest,9.99,800,1
TX000010303,163697,2026-04-08 21:39:50,starter_pouch,1.99,120,1
TX000013832,151307,2026-04-08 21:40:02,medium_chest,9.99,800,1
TX000011153,109346,2026-04-08 21:41:09,small_pouch,4.99,350,1
TX000002375,158755,2026-04-08 21:41:49,medium_chest,9.99,800,1
TX000010143,106473,2026-04-08 21:44:22,small_pouch,4.99,350,1
TX000011022,141026,2026-04-08 21:45:06,mega_vault,99.99,11000,1
TX000004162,111184,2026-04-08 21:49:12,medium_chest,9.99,800,1
TX000001980,101470,2026-04-08 21:49:53,large_chest,19.99,1800,1
TX000012361,153366,2026-04-08 21:50:54,large_chest,19.99,1800,1
TX000000943,117544,2026-04-08 21:51:43,starter_pouch,1.99,120,1
TX000000812,128521,2026-04-08 21:51:56,starter_pouch,1.99,120,1
TX000005338,145289,2026-04-08 21:53:49,small_pouch,4.99,350,1
TX000012096,178209,2026-04-08 21:55:21,starter_pouch,1.99,120,1
TX000006488,148637,2026-04-08 21:55:47,starter_pouch,1.99,120,1
TX000008697,130710,2026-04-08 21:58:15,starter_pouch,1.99,120,1
TX000004805,177027,2026-04-08 21:58:36,mega_vault,99.99,11000,1
TX000000936,106696,2026-04-08 21:58:45,small_pouch,4.99,350,1
TX000005053,126548,2026-04-08 22:00:24,small_pouch,4.99,350,1
TX000004050,169274,2026-04-08 22:01:15,large_chest,19.99,1800,1
TX000001317,150210,2026-04-08 22:05:34,small_pouch,4.99,350,1
TX000008830,176646,2026-04-08 22:07:11,medium_chest,9.99,800,1
TX000002489,114914,2026-04-08 22:08:45,small_pouch,4.99,350,1
TX000012140,143250,2026-04-08 22:11:04,large_chest,19.99,1800,1
TX000003360,171700,2026-04-08 22:15:06,vault,49.99,5000,1
TX000004867,128872,2026-04-08 22:17:09,small_pouch,4.99,350,1
TX000011418,155214,2026-04-08 22:18:44,starter_pouch,1.99,120,1
TX000004436,100164,2026-04-08 22:19:12,starter_pouch,1.99,120,1
TX000011040,134629,2026-04-08 22:20:04,medium_chest,9.99,800,1
TX000000391,162511,2026-04-08 22:22:34,large_chest,19.99,1800,1
TX000005482,153007,2026-04-08 22:23:36,small_pouch,4.99,350,1
TX000009368,176311,2026-04-08 22:24:14,vault,49.99,5000,1
TX000005531,157527,2026-04-08 22:24:24,small_pouch,4.99,350,1
TX000009669,143181,2026-04-08 22:25:22,starter_pouch,1.99,120,1
TX000011410,165888,2026-04-08 22:25:43,vault,49.99,5000,1
TX000012506,103755,2026-04-08 22:28:29,small_pouch,4.99,350,1
TX000005436,143699,2026-04-08 22:29:25,starter_pouch,1.99,120,1
TX000003061,108116,2026-04-08 22:31:38,starter_pouch,1.99,120,1
TX000011659,123786,2026-04-08 22:31:41,medium_chest,9.99,800,1
TX000008312,108486,2026-04-08 22:33:40,vault,49.99,5000,1
TX000001618,155861,2026-04-08 22:38:46,medium_chest,9.99,800,1
TX000012187,168049,2026-04-08 22:39:13,large_chest,19.99,1800,1
TX000014785,158832,2026-04-08 22:42:36,medium_chest,9.99,800,1
TX000013651,166002,2026-04-08 22:48:15,small_pouch,4.99,350,1
TX000005944,141046,2026-04-08 22:50:53,medium_chest,9.99,800,1
TX000005347,179804,2026-04-08 22:50:56,vault,49.99,5000,1
TX000006497,129762,2026-04-08 22:53:53,large_chest,19.99,1800,1
TX000006702,140016,2026-04-08 23:01:08,small_pouch,4.99,350,1
TX000002985,111076,2026-04-08 23:03:38,medium_chest,9.99,800,1
TX000005400,175617,2026-04-08 23:07:50,medium_chest,9.99,800,1
TX000004875,103971,2026-04-08 23:15:54,medium_chest,9.99,800,1
TX000009975,102116,2026-04-08 23:16:33,small_pouch,4.99,350,1
TX000009825,150289,2026-04-08 23:18:31,small_pouch,4.99,350,1
TX000004892,114160,2026-04-08 23:19:05,starter_pouch,1.99,120,1
TX000015255,168256,2026-04-08 23:20:55,large_chest,19.99,1800,1
TX000006642,110797,2026-04-08 23:22:44,small_pouch,4.99,350,1
TX000007095,164643,2026-04-08 23:27:17,medium_chest,9.99,800,1
TX000013475,156261,2026-04-08 23:31:20,mega_vault,99.99,11000,1
TX000011615,141089,2026-04-08 23:38:49,starter_pouch,1.99,120,1
TX000007788,153290,2026-04-08 23:39:24,vault,49.99,5000,1
TX000001612,103090,2026-04-08 23:40:22,small_pouch,4.99,350,1
TX000010394,120765,2026-04-08 23:43:44,small_pouch,4.99,350,1
TX000000025,115907,2026-04-08 23:54:09,medium_chest,9.99,800,1
TX000015273,134546,2026-04-08 23:55:13,large_chest,19.99,1800,1
TX000004260,176352,2026-04-08 23:56:37,starter_pouch,1.99,120,1
TX000008237,106587,2026-04-08 23:59:56,large_chest,19.99,1800,1
TX000013857,119088,2026-04-08 23:59:56,starter_pouch,1.99,120,1
TX000014032,117126,2026-04-08 23:59:56,starter_pouch,1.99,120,1
TX000004930,113767,2026-04-08 23:59:56,large_chest,19.99,1800,1
TX000000654,107856,2026-04-08 23:59:56,medium_chest,9.99,800,1
TX000000079,150958,2026-04-08 23:59:56,large_chest,19.99,1800,1
TX000011764,103078,2026-04-08 23:59:56,small_pouch,4.99,350,1
TX000005043,121750,2026-04-08 23:59:56,starter_pouch,1.99,120,1
TX000010913,140309,2026-04-08 23:59:56,small_pouch,4.99,350,1
TX000002162,162076,2026-04-08 23:59:56,starter_pouch,1.99,120,1
TX000010941,107603,2026-04-08 23:59:56,large_chest,19.99,1800,1
TX000005929,131223,2026-04-08 23:59:56,large_chest,19.99,1800,1
TX000004998,134201,2026-04-09 06:00:02,small_pouch,4.99,350,1
TX000009971,121196,2026-04-09 06:05:53,medium_chest,9.99,800,1
TX000002676,108592,2026-04-09 06:07:02,medium_chest,9.99,800,1
TX000006613,174976,2026-04-09 06:15:53,small_pouch,4.99,350,1
TX000008156,140252,2026-04-09 06:23:35,medium_chest,9.99,800,1
TX000002778,113077,2026-04-09 06:24:58,vault,49.99,5000,1
TX000013406,148622,2026-04-09 06:31:40,small_pouch,4.99,350,1
TX000009304,172048,2026-04-09 06:32:39,medium_chest,9.99,800,1
TX000007867,146754,2026-04-09 06:33:30,vault,49.99,5000,1
TX000005958,165766,2026-04-09 06:35:08,mega_vault,99.99,11000,1
TX000006506,111493,2026-04-09 06:39:18,medium_chest,9.99,800,1
TX000000757,127701,2026-04-09 06:39:18,medium_chest,9.99,800,1
TX000006458,145893,2026-04-09 06:50:52,small_pouch,4.99,350,1
TX000012993,134354,2026-04-09 06:56:22,medium_chest,9.99,800,1
TX000001920,102281,2026-04-09 07:16:17,starter_pouch,1.99,120,1
TX000011370,164908,2026-04-09 07:21:36,small_pouch,4.99,350,1
TX000010648,138054,2026-04-09 07:25:38,starter_pouch,1.99,120,1
TX000007170,126993,2026-04-09 07:26:55,vault,49.99,5000,1
TX000009941,150761,2026-04-09 07:29:05,medium_chest,9.99,800,1
TX000001487,159299,2026-04-09 07:29:30,small_pouch,4.99,350,1
TX000006975,126860,2026-04-09 07:36:02,small_pouch,4.99,350,1
TX000012299,172434,2026-04-09 07:43:36,medium_chest,9.99,800,1
TX000010811,163525,2026-04-09 07:45:25,vault,49.99,5000,1
TX000002386,103033,2026-04-09 07:48:03,small_pouch,4.99,350,1
TX000012181,134191,2026-04-09 07:54:44,starter_pouch,1.99,120,1
TX000011285,129506,2026-04-09 07:55:19,medium_chest,9.99,800,1
TX000007684,153137,2026-04-09 08:00:01,starter_pouch,1.99,120,1
TX000013207,107661,2026-04-09 08:09:15,small_pouch,4.99,350,1
TX000008990,170902,2026-04-09 08:13:34,large_chest,19.99,1800,1
TX000012925,177146,2026-04-09 08:14:36,starter_pouch,1.99,120,1
TX000013509,143204,2026-04-09 08:15:17,large_chest,19.99,1800,1
TX000012125,134022,2026-04-09 08:15:37,small_pouch,4.99,350,1
TX000007629,179513,2026-04-09 08:17:52,medium_chest,9.99,800,1
TX000003342,157807,2026-04-09 08:18:04,small_pouch,4.99,350,1
TX000000207,139605,2026-04-09 08:19:58,starter_pouch,1.99,120,1
TX000015160,122195,2026-04-09 08:22:37,medium_chest,9.99,800,1
TX000011876,172689,2026-04-09 08:24:36,medium_chest,9.99,800,1
TX000007682,142434,2026-04-09 08:25:45,medium_chest,9.99,800,1
TX000012546,121341,2026-04-09 08:25:51,starter_pouch,1.99,120,1
TX000005041,150761,2026-04-09 08:27:58,starter_pouch,1.99,120,1
TX000004371,169051,2026-04-09 08:28:02,small_pouch,4.99,350,1
TX000008295,175482,2026-04-09 09:04:54,starter_pouch,1.99,120,1
TX000005319,169207,2026-04-09 09:05:09,small_pouch,4.99,350,1
TX000000914,119054,2026-04-09 09:07:16,starter_pouch,1.99,120,1
TX000011948,176639,2026-04-09 09:10:13,small_pouch,4.99,350,1
TX000004316,103590,2026-04-09 09:10:28,medium_chest,9.99,800,1
TX000005240,155545,2026-04-09 09:10:55,small_pouch,4.99,350,1
TX000013858,120474,2026-04-09 09:12:36,starter_pouch,1.99,120,1
TX000007853,113845,2026-04-09 09:15:13,medium_chest,9.99,800,1
TX000001614,157668,2026-04-09 09:17:49,starter_pouch,1.99,120,1
TX000008050,148395,2026-04-09 09:18:59,starter_pouch,1.99,120,1
TX000008045,117020,2026-04-09 09:23:00,small_pouch,4.99,350,1
TX000011980,109321,2026-04-09 09:27:40,small_pouch,4.99,350,1
TX000005732,165691,2026-04-09 09:30:17,small_pouch,4.99,350,1
TX000003545,165722,2026-04-09 09:30:30,mega_vault,99.99,11000,1
TX000006692,162045,2026-04-09 09:40:01,medium_chest,9.99,800,1
TX000007954,130006,2026-04-09 09:43:26,starter_pouch,1.99,120,1
TX000010664,142515,2026-04-09 09:48:32,medium_chest,9.99,800,1
TX000000160,131576,2026-04-09 09:51:09,starter_pouch,1.99,120,1
TX000010047,171261,2026-04-09 09:55:22,vault,49.99,5000,1
TX000002432,130710,2026-04-09 09:57:42,mega_vault,99.99,11000,1
TX000000875,150902,2026-04-09 10:12:55,starter_pouch,1.99,120,1
TX000013770,142775,2026-04-09 10:18:32,starter_pouch,1.99,120,1
TX000005954,135650,2026-04-09 10:18:48,small_pouch,4.99,350,1
TX000012445,142134,2026-04-09 10:20:57,starter_pouch,1.99,120,1
TX000009961,175294,2026-04-09 10:28:06,vault,49.99,5000,1
TX000008403,157417,2026-04-09 10:28:44,medium_chest,9.99,800,1
TX000000046,170989,2026-04-09 10:29:16,medium_chest,9.99,800,1
TX000006112,124018,2026-04-09 10:29:29,starter_pouch,1.99,120,1
TX000011886,102606,2026-04-09 10:39:00,large_chest,19.99,1800,1
TX000014907,170903,2026-04-09 10:43:29,starter_pouch,1.99,120,1
TX000008403,157417,2026-04-09 10:47:21,medium_chest,9.99,800,1
TX000010585,109837,2026-04-09 10:47:33,large_chest,19.99,1800,1
TX000005045,146278,2026-04-09 10:47:49,medium_chest,9.99,800,1
TX000009124,121801,2026-04-09 10:50:54,medium_chest,9.99,800,1
TX000005696,167348,2026-04-09 10:54:22,small_pouch,4.99,350,1
TX000005814,112242,2026-04-09 11:06:13,medium_chest,9.99,800,1
TX000010522,128391,2026-04-09 11:08:12,vault,49.99,5000,1
TX000012660,172782,2026-04-09 11:08:16,vault,49.99,5000,1
TX000002108,102610,2026-04-09 11:10:17,starter_pouch,1.99,120,1
TX000006894,108805,2026-04-09 11:10:40,vault,49.99,5000,1
TX000010736,163829,2026-04-09 11:17:56,large_chest,19.99,1800,1
TX000001517,177182,2026-04-09 11:19:55,starter_pouch,1.99,120,1
TX000007934,132345,2026-04-09 11:25:27,medium_chest,9.99,800,1
TX000000316,156559,2026-04-09 11:27:06,starter_pouch,1.99,120,1
TX000006083,173480,2026-04-09 11:31:34,mega_vault,99.99,11000,1
TX000004615,123755,2026-04-09 11:32:09,medium_chest,9.99,800,1
TX000005141,107835,2026-04-09 11:41:55,medium_chest,9.99,800,1
TX000006365,107036,2026-04-09 11:45:57,large_chest,19.99,1800,1
TX000000477,148304,2026-04-09 11:48:17,small_pouch,4.99,350,1
TX000011221,148047,2026-04-09 11:48:37,large_chest,19.99,1800,1
TX000002684,176695,2026-04-09 11:52:28,medium_chest,9.99,800,1
TX000014498,171498,2026-04-09 11:58:26,large_chest,19.99,1800,1
TX000007600,172545,2026-04-09 11:58:42,large_chest,19.99,1800,1
TX000007454,132564,2026-04-09 11:59:36,medium_chest,9.99,800,1
TX000005888,165082,2026-04-09 12:03:47,medium_chest,9.99,800,1
TX000014616,141258,2026-04-09 12:04:17,small_pouch,4.99,350,1
TX000006181,141562,2026-04-09 12:05:03,starter_pouch,1.99,120,1
TX000014787,167773,2026-04-09 12:09:35,medium_chest,9.99,800,1
TX000003856,148173,2026-04-09 12:10:51,small_pouch,4.99,350,1
TX000003403,124586,2026-04-09 12:12:53,medium_chest,9.99,800,1
TX000006805,143310,2026-04-09 12:24:12,medium_chest,9.99,800,1
TX000012498,134812,2026-04-09 12:26:11,starter_pouch,1.99,120,1
TX000005447,114640,2026-04-09 12:31:35,vault,49.99,5000,1
TX000006601,167400,2026-04-09 12:38:44,starter_pouch,1.99,120,1
TX000009145,126415,2026-04-09 12:39:11,medium_chest,9.99,800,1
TX000010191,144399,2026-04-09 12:45:01,medium_chest,9.99,800,1
TX000007657,147290,2026-04-09 12:48:07,large_chest,19.99,1800,1
TX000005838,117361,2026-04-09 12:53:04,small_pouch,4.99,350,1
TX000002954,132850,2026-04-09 12:56:48,vault,49.99,5000,1
TX000015074,171700,2026-04-09 13:02:29,small_pouch,4.99,350,1
TX000002414,119220,2026-04-09 13:03:09,small_pouch,4.99,350,1
TX000002890,140582,2026-04-09 13:15:36,small_pouch,4.99,350,1
TX000003965,142894,2026-04-09 13:20:27,small_pouch,4.99,350,1
TX000011305,146544,2026-04-09 13:29:37,starter_pouch,1.99,120,1
TX000008089,157348,2026-04-09 13:30:55,small_pouch,4.99,350,1
TX000004940,100819,2026-04-09 13:32:28,small_pouch,4.99,350,1
TX000009785,135052,2026-04-09 13:41:38,starter_pouch,1.99,120,1
TX000011862,126366,2026-04-09 13:56:02,large_chest,19.99,1800,1
TX000002552,126172,2026-04-09 14:00:49,large_chest,19.99,1800,1
TX000005950,149518,2026-04-09 14:01:28,starter_pouch,1.99,120,1
TX000005312,174743,2026-04-09 14:11:25,small_pouch,4.99,350,1
TX000010274,127823,2026-04-09 14:16:07,starter_pouch,1.99,120,1
TX000003979,100644,2026-04-09 14:17:10,starter_pouch,1.99,120,1
TX000011759,111114,2026-04-09 14:17:21,vault,49.99,5000,1
TX000004974,167635,2026-04-09 14:20:30,small_pouch,4.99,350,1
TX000007736,115273,2026-04-09 14:21:31,starter_pouch,1.99,120,1
TX000008324,142502,2026-04-09 14:25:30,medium_chest,9.99,800,1
TX000001078,148576,2026-04-09 14:28:07,medium_chest,9.99,800,1
TX000013360,152027,2026-04-09 14:34:11,vault,49.99,5000,1
TX000005370,141596,2026-04-09 14:39:18,mega_vault,99.99,11000,1
TX000000566,159124,2026-04-09 14:45:22,large_chest,19.99,1800,1
TX000003153,171576,2026-04-09 14:48:11,starter_pouch,1.99,120,1
TX000001448,130710,2026-04-09 14:52:17,medium_chest,9.99,800,1
TX000007515,147664,2026-04-09 14:55:58,small_pouch,4.99,350,1
TX000004961,109614,2026-04-09 15:00:03,vault,49.99,5000,1
TX000008487,164648,2026-04-09 15:02:16,vault,49.99,5000,1
TX000009644,105966,2026-04-09 15:02:38,small_pouch,4.99,350,1
TX000004319,110869,2026-04-09 15:04:39,small_pouch,4.99,350,1
TX000010239,145521,2026-04-09 15:05:25,small_pouch,4.99,350,1
TX000004237,176884,2026-04-09 15:08:51,medium_chest,9.99,800,1
TX000014634,149456,2026-04-09 15:10:37,small_pouch,4.99,350,1
TX000010211,102041,2026-04-09 15:13:47,mega_vault,99.99,11000,1
TX000012956,146205,2026-04-09 15:14:54,starter_pouch,1.99,120,1
TX000003978,171524,2026-04-09 15:15:58,starter_pouch,1.99,120,1
TX000001830,115214,2026-04-09 15:16:59,starter_pouch,1.99,120,1
TX000000597,151769,2026-04-09 15:18:24,small_pouch,4.99,350,1
TX000005989,127165,2026-04-09 15:18:58,starter_pouch,1.99,120,1
TX000005626,140921,2026-04-09 15:23:20,starter_pouch,-1.99,-120,1
TX000010499,156294,2026-04-09 15:23:25,medium_chest,9.99,800,1
TX000008461,146256,2026-04-09 15:26:37,small_pouch,4.99,350,1
TX000000975,133747,2026-04-09 15:27:40,small_pouch,4.99,350,1
TX000001592,143288,2026-04-09 15:27:41,starter_pouch,1.99,120,1
TX000011240,143298,2026-04-09 15:32:08,small_pouch,4.99,350,1
TX000008445,107677,2026-04-09 15:32:12,starter_pouch,1.99,120,1
TX000010825,166243,2026-04-09 15:36:53,vault,49.99,5000,1
TX000010815,175154,2026-04-09 15:42:56,mega_vault,99.99,11000,1
TX000014547,142979,2026-04-09 15:44:56,starter_pouch,1.99,120,1
TX000010583,108027,2026-04-09 15:47:20,medium_chest,9.99,800,1
TX000007315,121153,2026-04-09 15:48:13,large_chest,19.99,1800,1
TX000009912,123146,2026-04-09 15:52:02,starter_pouch,1.99,120,1
TX000002473,153781,2026-04-09 15:58:07,large_chest,19.99,1800,1
TX000000571,157754,2026-04-09 16:05:46,small_pouch,4.99,350,1
TX000008288,112242,2026-04-09 16:08:09,starter_pouch,1.99,120,1
TX000012232,109696,2026-04-09 16:09:40,starter_pouch,1.99,120,1
TX000003743,180199,2026-04-09 16:13:22,vault,49.99,5000,1
TX000006762,138741,2026-04-09 16:15:14,medium_chest,9.99,800,1
TX000013274,118483,2026-04-09 16:20:12,small_pouch,4.99,350,1
TX000010713,161677,2026-04-09 16:20:24,starter_pouch,1.99,120,1
TX000005578,118516,2026-04-09 16:20:54,starter_pouch,1.99,120,1
TX000003197,128601,2026-04-09 16:21:41,starter_pouch,1.99,120,1
TX000008497,130739,2026-04-09 16:21:53,large_chest,19.99,1800,1
TX000004176,109551,2026-04-09 16:23:15,large_chest,19.99,1800,1
TX000011224,159191,2026-04-09 16:27:31,starter_pouch,1.99,120,1
TX000004675,152628,2026-04-09 16:28:24,large_chest,19.99,1800,1
TX000012617,128572,2026-04-09 16:30:35,starter_pouch,1.99,120,1
TX000004823,148591,2026-04-09 16:31:37,vault,49.99,5000,1
TX000007628,157275,2026-04-09 16:33:17,small_pouch,4.99,350,1
TX000009222,138016,2026-04-09 16:35:51,small_pouch,4.99,350,1
TX000013313,141795,2026-04-09 16:36:15,starter_pouch,1.99,120,1
TX000011723,117315,2026-04-09 16:40:05,vault,49.99,5000,1
TX000009801,123474,2026-04-09 16:40:56,small_pouch,4.99,350,1
TX000010863,162086,2026-04-09 16:41:00,medium_chest,9.99,800,1
TX000011367,135292,2026-04-09 16:45:52,large_chest,19.99,1800,1
TX000010617,173415,2026-04-09 16:47:48,medium_chest,9.99,800,1
TX000000005,105224,2026-04-09 16:50:26,starter_pouch,1.99,120,1
TX000007735,161734,2026-04-09 16:53:28,small_pouch,4.99,350,1
TX000009893,158099,2026-04-09 16:55:16,small_pouch,4.99,350,1
TX000000244,138317,2026-04-09 16:57:35,starter_pouch,1.99,120,1
TX000007718,135022,2026-04-09 16:57:56,starter_pouch,1.99,120,1
TX000014451,112829,2026-04-09 16:59:23,large_chest,19.99,1800,1
TX000003550,112413,2026-04-09 16:59:38,starter_pouch,1.99,120,1
TX000012068,147157,2026-04-09 17:01:14,starter_pouch,1.99,120,1
TX000011919,120043,2026-04-09 17:01:48,starter_pouch,1.99,120,1
TX000000160,131576,2026-04-09 17:01:59,starter_pouch,1.99,120,1
TX000011617,161873,2026-04-09 17:03:20,large_chest,19.99,1800,1
TX000001531,138189,2026-04-09 17:03:56,large_chest,19.99,1800,1
TX000008786,142239,2026-04-09 17:06:19,starter_pouch,1.99,120,1
TX000012404,104845,2026-04-09 17:07:08,large_chest,19.99,1800,1
TX000010234,167780,2026-04-09 17:07:22,starter_pouch,1.99,120,1
TX000006912,161932,2026-04-09 17:09:25,vault,49.99,5000,1
TX000007582,169134,2026-04-09 17:10:19,starter_pouch,1.99,120,1
TX000006578,133828,2026-04-09 17:10:29,small_pouch,4.99,350,1
TX000007562,117054,2026-04-09 17:11:00,small_pouch,4.99,350,1
TX000008746,101547,2026-04-09 17:11:49,vault,49.99,5000,1
TX000010511,177937,2026-04-09 17:11:50,vault,49.99,5000,1
TX000008745,169975,2026-04-09 17:16:34,starter_pouch,1.99,120,1
TX000002561,166979,2026-04-09 17:17:40,starter_pouch,1.99,120,1
TX000005460,166633,2026-04-09 17:19:01,starter_pouch,1.99,120,1
TX000012951,144097,2026-04-09 17:21:16,starter_pouch,1.99,120,1
TX000007047,142466,2026-04-09 17:21:24,starter_pouch,1.99,120,1
TX000013845,136910,2026-04-09 17:23:13,medium_chest,9.99,800,1
TX000006345,174354,2026-04-09 17:24:48,starter_pouch,1.99,120,1
TX000011689,100424,2026-04-09 17:24:54,large_chest,19.99,1800,1
TX000005777,161462,2026-04-09 17:27:35,small_pouch,4.99,350,1
TX000002957,167186,2026-04-09 17:30:04,starter_pouch,1.99,120,1
TX000006663,163766,2026-04-09 17:32:09,large_chest,19.99,1800,1
TX000000597,151769,2026-04-09 17:32:19,small_pouch,4.99,350,1
TX000012360,144415,2026-04-09 17:32:35,starter_pouch,1.99,120,1
TX000009761,130202,2026-04-09 17:33:52,small_pouch,4.99,350,1
TX000002318,160991,2026-04-09 17:34:12,small_pouch,4.99,350,1
TX000000724,156186,2026-04-09 17:34:16,starter_pouch,1.99,120,1
TX000012574,123140,2026-04-09 17:35:46,vault,49.99,5000,1
TX000006585,149290,2026-04-09 17:35:52,small_pouch,4.99,350,1
TX000013436,138906,2026-04-09 17:37:17,small_pouch,4.99,350,1
TX000002616,149660,2026-04-09 17:38:19,small_pouch,4.99,350,1
TX000008389,179224,2026-04-09 17:38:54,vault,49.99,5000,1
TX000005880,145311,2026-04-09 17:39:31,starter_pouch,1.99,120,1
TX000012267,180243,2026-04-09 17:40:27,small_pouch,4.99,350,1
TX000013947,148687,2026-04-09 17:41:00,small_pouch,4.99,350,1
TX000011381,148721,2026-04-09 17:42:38,small_pouch,4.99,350,1
TX000012496,116662,2026-04-09 17:44:19,starter_pouch,1.99,120,1
TX000003678,106521,2026-04-09 17:46:37,small_pouch,4.99,350,1
TX000013209,141787,2026-04-09 17:47:03,vault,49.99,5000,1
TX000002028,160092,2026-04-09 17:47:03,medium_chest,9.99,800,1
TX000002236,136207,2026-04-09 17:48:22,starter_pouch,1.99,120,1
TX000006020,124304,2026-04-09 17:48:49,small_pouch,4.99,350,1
TX000006186,146795,2026-04-09 17:49:36,starter_pouch,1.99,120,1
TX000003252,165355,2026-04-09 17:50:22,small_pouch,4.99,350,1
TX000003780,141284,2026-04-09 17:50:46,medium_chest,9.99,800,1
TX000004905,116320,2026-04-09 17:52:47,large_chest,19.99,1800,1
TX000014866,172075,2026-04-09 17:54:44,small_pouch,4.99,350,1
TX000007333,168781,2026-04-09 17:55:21,small_pouch,4.99,350,1
TX000006431,131289,2026-04-09 17:57:12,medium_chest,9.99,800,1
TX000004937,166216,2026-04-09 17:57:30,small_pouch,4.99,350,1
TX000000795,155263,2026-04-09 18:01:00,vault,49.99,5000,1
TX000003571,169223,2026-04-09 18:02:03,small_pouch,4.99,350,1
TX000003176,126870,2026-04-09 18:02:45,starter_pouch,1.99,120,1
TX000008249,175479,2026-04-09 18:03:08,small_pouch,4.99,350,1
TX000003548,170664,2026-04-09 18:06:11,small_pouch,4.99,350,1
TX000001578,121218,2026-04-09 18:06:33,mega_vault,99.99,11000,1
TX000005606,116011,2026-04-09 18:06:59,small_pouch,4.99,350,1
TX000002116,114659,2026-04-09 18:07:05,starter_pouch,1.99,120,1
TX000011486,120619,2026-04-09 18:07:07,starter_pouch,1.99,120,1
TX000001727,103155,2026-04-09 18:08:02,medium_chest,9.99,800,1
TX000004983,101431,2026-04-09 18:08:47,large_chest,19.99,1800,1
TX000000242,155491,2026-04-09 18:10:00,large_chest,19.99,1800,1
TX000014575,163475,2026-04-09 18:10:17,small_pouch,4.99,350,1
TX000008367,109519,2026-04-09 18:10:29,medium_chest,9.99,800,1
TX000007347,165812,2026-04-09 18:12:37,starter_pouch,1.99,120,1
TX000011991,151966,2026-04-09 18:13:51,medium_chest,9.99,800,1
TX000009076,116350,2026-04-09 18:14:04,small_pouch,4.99,350,1
TX000000844,134561,2026-04-09 18:14:16,small_pouch,4.99,350,1
TX000000196,101213,2026-04-09 18:15:47,small_pouch,4.99,350,1
TX000009258,169104,2026-04-09 18:17:27,medium_chest,9.99,800,1
TX000010666,156802,2026-04-09 18:20:29,small_pouch,4.99,350,1
TX000014605,142300,2026-04-09 18:20:47,small_pouch,4.99,350,1
TX000012912,162651,2026-04-09 18:22:26,starter_pouch,1.99,120,1
TX000003058,123252,2026-04-09 18:22:49,starter_pouch,1.99,120,1
TX000011958,102540,2026-04-09 18:23:59,medium_chest,9.99,800,1
TX000011496,167365,2026-04-09 18:25:16,vault,49.99,5000,1
TX000005486,133784,2026-04-09 18:26:21,small_pouch,4.99,350,1
TX000009444,178079,2026-04-09 18:26:43,small_pouch,4.99,350,1
TX000011695,100446,2026-04-09 18:26:55,starter_pouch,1.99,120,1
TX000008259,145486,2026-04-09 18:28:43,medium_chest,9.99,800,1
TX000009885,176710,2026-04-09 18:29:14,small_pouch,4.99,350,1
TX000004929,129872,2026-04-09 18:30:03,starter_pouch,1.99,120,1
TX000014622,122341,2026-04-09 18:30:41,starter_pouch,1.99,120,1
TX000005362,155808,2026-04-09 18:32:56,starter_pouch,1.99,120,1
TX000003529,102319,2026-04-09 18:35:39,small_pouch,4.99,350,1
TX000011324,149813,2026-04-09 18:36:28,small_pouch,4.99,350,1
TX000009385,125058,2026-04-09 18:37:04,large_chest,19.99,1800,1
TX000000512,111767,2026-04-09 18:37:25,small_pouch,4.99,350,1
TX000003436,135100,2026-04-09 18:37:32,small_pouch,4.99,350,1
TX000000751,141393,2026-04-09 18:39:45,starter_pouch,1.99,120,1
TX000004556,160003,2026-04-09 18:40:28,starter_pouch,1.99,120,1
TX000004276,148775,2026-04-09 18:41:45,small_pouch,4.99,350,1
TX000013935,161427,2026-04-09 18:42:17,small_pouch,4.99,350,1
TX000012332,101989,2026-04-09 18:44:47,medium_chest,9.99,800,1
TX000006946,105219,2026-04-09 18:45:15,small_pouch,4.99,350,1
TX000008103,164750,2026-04-09 18:46:34,starter_pouch,1.99,120,1
TX000012943,173714,2026-04-09 18:46:35,small_pouch,4.99,350,1
TX000013643,135471,2026-04-09 18:48:55,large_chest,19.99,1800,1
TX000000185,128073,2026-04-09 18:49:10,medium_chest,9.99,800,1
TX000009462,161689,2026-04-09 18:49:22,vault,49.99,5000,1
TX000000997,159594,2026-04-09 18:49:38,starter_pouch,1.99,120,1
TX000011617,161873,2026-04-09 18:50:07,large_chest,19.99,1800,1
TX000009201,108809,2026-04-09 18:51:22,large_chest,19.99,1800,1
TX000001386,137046,2026-04-09 18:51:42,starter_pouch,1.99,120,1
TX000008259,145486,2026-04-09 18:53:13,medium_chest,9.99,800,1
TX000008001,115322,2026-04-09 18:54:58,starter_pouch,1.99,120,1
TX000007854,155765,2026-04-09 18:55:12,starter_pouch,1.99,120,1
TX000006220,120297,2026-04-09 18:55:18,small_pouch,4.99,350,1
TX000002023,177821,2026-04-09 18:55:21,medium_chest,9.99,800,1
TX000011272,130164,2026-04-09 18:55:48,medium_chest,9.99,800,1
TX000015086,167274,2026-04-09 18:56:46,large_chest,19.99,1800,1
TX000002594,152407,2026-04-09 18:57:00,medium_chest,9.99,800,1
TX000009734,140535,2026-04-09 18:57:24,large_chest,19.99,1800,1
TX000001462,150783,2026-04-09 18:58:48,medium_chest,9.99,800,1
TX000010375,142475,2026-04-09 18:59:27,vault,49.99,5000,1
TX000008229,141455,2026-04-09 19:00:51,medium_chest,9.99,800,1
TX000002820,110895,2026-04-09 19:00:59,large_chest,19.99,1800,1
TX000012751,119796,2026-04-09 19:04:42,large_chest,19.99,1800,1
TX000006440,145434,2026-04-09 19:04:52,small_pouch,4.99,350,1
TX000007976,145706,2026-04-09 19:05:04,small_pouch,4.99,350,1
TX000006765,112148,2026-04-09 19:05:05,starter_pouch,1.99,120,1
TX000007460,164166,2026-04-09 19:05:42,starter_pouch,1.99,120,1
TX000005019,102503,2026-04-09 19:07:48,starter_pouch,1.99,120,1
TX000001320,108065,2026-04-09 19:08:22,starter_pouch,1.99,120,1
TX000009177,139015,2026-04-09 19:08:55,medium_chest,9.99,800,1
TX000012334,158893,2026-04-09 19:09:18,medium_chest,9.99,800,1
TX000000768,146620,2026-04-09 19:11:24,starter_pouch,1.99,120,1
TX000003138,119903,2026-04-09 19:12:32,small_pouch,4.99,350,1
TX000013863,160020,2026-04-09 19:12:48,starter_pouch,1.99,120,1
TX000008044,177374,2026-04-09 19:13:07,starter_pouch,1.99,120,1
TX000000866,112497,2026-04-09 19:13:19,small_pouch,4.99,350,1
TX000012115,131588,2026-04-09 19:13:34,medium_chest,9.99,800,1
TX000000001,107638,2026-04-09 19:14:05,small_pouch,4.99,350,1
TX000009373,115242,2026-04-09 19:18:06,small_pouch,4.99,350,1
TX000000324,105205,2026-04-09 19:18:06,medium_chest,9.99,800,1
TX000009996,128555,2026-04-09 19:18:11,small_pouch,4.99,350,1
TX000001568,119868,2026-04-09 19:20:27,mega_vault,99.99,11000,1
TX000005302,158071,2026-04-09 19:21:35,starter_pouch,1.99,120,1
TX000004209,180185,2026-04-09 19:22:57,small_pouch,4.99,350,1
TX000004779,125484,2026-04-09 19:23:41,small_pouch,4.99,350,1
TX000012875,153541,2026-04-09 19:24:16,small_pouch,4.99,350,1
TX000006666,118885,2026-04-09 19:26:59,vault,49.99,5000,1
TX000003054,109848,2026-04-09 19:27:37,small_pouch,4.99,350,1
TX000006695,151649,2026-04-09 19:32:14,starter_pouch,1.99,120,1
TX000008285,104161,2026-04-09 19:32:22,medium_chest,9.99,800,1
TX000001620,119075,2026-04-09 19:32:37,large_chest,19.99,1800,1
TX000011184,114941,2026-04-09 19:33:28,large_chest,19.99,1800,1
TX000004103,114682,2026-04-09 19:34:29,vault,49.99,5000,1
TX000004841,156222,2026-04-09 19:34:47,large_chest,19.99,1800,1
TX000008778,167361,2026-04-09 19:36:04,medium_chest,9.99,800,1
TX000014190,137312,2026-04-09 19:36:37,small_pouch,4.99,350,1
TX000012930,104942,2026-04-09 19:37:27,medium_chest,9.99,800,1
TX000005812,173295,2026-04-09 19:38:36,medium_chest,9.99,800,1
TX000002878,176148,2026-04-09 19:38:37,starter_pouch,1.99,120,1
TX000012681,114838,2026-04-09 19:38:48,vault,49.99,5000,1
TX000011240,143298,2026-04-09 19:41:21,small_pouch,4.99,350,1
TX000002595,167398,2026-04-09 19:43:18,starter_pouch,1.99,120,1
TX000013852,122619,2026-04-09 19:43:30,starter_pouch,1.99,120,1
TX000012121,116530,2026-04-09 19:47:14,small_pouch,4.99,350,1
TX000004527,165180,2026-04-09 19:51:48,small_pouch,4.99,350,1
TX000007289,120440,2026-04-09 19:51:52,starter_pouch,1.99,120,1
TX000011618,174103,2026-04-09 19:52:04,starter_pouch,1.99,120,1
TX000004610,117814,2026-04-09 19:52:47,vault,49.99,5000,1
TX000013087,100644,2026-04-09 19:54:30,medium_chest,9.99,800,1
TX000002306,141623,2026-04-09 19:55:06,medium_chest,9.99,800,1
TX000009791,124614,2026-04-09 19:57:34,small_pouch,4.99,350,1
TX000009722,139243,2026-04-09 19:57:59,mega_vault,99.99,11000,1
TX000007873,140848,2026-04-09 19:59:30,starter_pouch,1.99,120,1
TX000014687,176635,2026-04-09 20:02:42,starter_pouch,1.99,120,1
TX000006269,118721,2026-04-09 20:03:23,large_chest,19.99,1800,1
TX000013469,166856,2026-04-09 20:04:19,medium_chest,9.99,800,1
TX000009635,130527,2026-04-09 20:04:51,medium_chest,9.99,800,1
TX000007762,104280,2026-04-09 20:05:50,starter_pouch,1.99,120,1
TX000009274,173615,2026-04-09 20:06:52,large_chest,19.99,1800,1
TX000003069,176055,2026-04-09 20:07:07,medium_chest,9.99,800,1
TX000005424,159667,2026-04-09 20:09:44,starter_pouch,1.99,120,1
TX000010756,110296,2026-04-09 20:10:01,medium_chest,9.99,800,1
TX000007260,139471,2026-04-09 20:11:13,small_pouch,4.99,350,1
TX000005810,178536,2026-04-09 20:11:39,vault,49.99,5000,1
TX000008216,149890,2026-04-09 20:11:44,medium_chest,9.99,800,1
TX000007000,172854,2026-04-09 20:12:40,starter_pouch,1.99,120,1
TX000010367,151103,2026-04-09 20:13:34,starter_pouch,1.99,120,1
TX000005942,118419,2026-04-09 20:13:42,large_chest,19.99,1800,1
TX000015055,121456,2026-04-09 20:13:58,small_pouch,4.99,350,1
TX000000066,174544,2026-04-09 20:14:11,small_pouch,4.99,350,1
TX000009034,169830,2026-04-09 20:14:31,medium_chest,9.99,800,1
TX000012415,106284,2026-04-09 20:14:39,vault,49.99,5000,1
TX000010691,157066,2026-04-09 20:14:52,large_chest,19.99,1800,1
TX000013571,124781,2026-04-09 20:14:59,small_pouch,4.99,350,1
TX000010693,148849,2026-04-09 20:16:00,vault,49.99,5000,1
TX000002901,174538,2026-04-09 20:18:14,medium_chest,9.99,800,1
TX000005420,106377,2026-04-09 20:18:22,small_pouch,4.99,350,1
TX000001206,163633,2026-04-09 20:18:35,medium_chest,9.99,800,1
TX000004669,130354,2026-04-09 20:19:45,small_pouch,4.99,350,1
TX000005679,107999,2026-04-09 20:19:47,vault,49.99,5000,1
TX000013814,142056,2026-04-09 20:20:47,small_pouch,4.99,350,1
TX000002370,121351,2026-04-09 20:21:20,large_chest,19.99,1800,1
TX000003312,124402,2026-04-09 20:21:26,medium_chest,9.99,800,1
TX000010291,114688,2026-04-09 20:23:37,medium_chest,9.99,800,1
TX000001241,102707,2026-04-09 20:23:48,medium_chest,9.99,800,1
TX000007684,153137,2026-04-09 20:26:16,starter_pouch,1.99,120,1
TX000001664,141026,2026-04-09 20:29:39,medium_chest,9.99,800,1
TX000000694,140598,2026-04-09 20:31:00,starter_pouch,1.99,120,1
TX000001888,105357,2026-04-09 20:31:55,starter_pouch,1.99,120,1
TX000004917,110576,2026-04-09 20:32:20,starter_pouch,1.99,120,1
TX000000423,169941,2026-04-09 20:34:23,starter_pouch,1.99,120,1
TX000013997,123152,2026-04-09 20:35:16,small_pouch,4.99,350,1
TX000008068,121113,2026-04-09 20:36:02,mega_vault,99.99,11000,1
TX000003798,144911,2026-04-09 20:36:04,starter_pouch,1.99,120,1
TX000006221,122048,2026-04-09 20:37:15,medium_chest,9.99,800,1
TX000011604,104276,2026-04-09 20:37:49,small_pouch,4.99,350,1
TX000014828,129624,2026-04-09 20:40:21,medium_chest,9.99,800,1
TX000006769,158099,2026-04-09 20:41:24,medium_chest,9.99,800,1
TX000006288,153097,2026-04-09 20:41:42,starter_pouch,1.99,120,1
TX000003354,139555,2026-04-09 20:43:44,medium_chest,9.99,800,1
TX000001017,149023,2026-04-09 20:46:33,small_pouch,4.99,350,1
TX000009414,150977,2026-04-09 20:47:08,small_pouch,4.99,350,1
TX000001607,137923,2026-04-09 20:48:30,small_pouch,4.99,350,1
TX000012774,143512,2026-04-09 20:49:47,small_pouch,4.99,350,1
TX000012177,100368,2026-04-09 20:50:16,starter_pouch,1.99,120,1
TX000000994,132557,2026-04-09 20:53:25,large_chest,19.99,1800,1
TX000012600,171261,2026-04-09 20:54:38,medium_chest,9.99,800,1
TX000010783,175211,2026-04-09 20:55:27,mega_vault,99.99,11000,1
TX000004457,117199,2026-04-09 20:56:27,mega_vault,99.99,11000,1
TX000003519,130634,2026-04-09 20:57:13,starter_pouch,1.99,120,1
TX000004073,131541,2026-04-09 20:58:01,starter_pouch,1.99,120,1
TX000008126,146904,2026-04-09 20:58:08,starter_pouch,1.99,120,1
TX000005564,103513,2026-04-09 20:59:18,small_pouch,4.99,350,1
TX000008897,115996,2026-04-09 21:04:19,medium_chest,9.99,800,1
TX000013143,176110,2026-04-09 21:07:23,small_pouch,4.99,350,1
TX000014144,173213,2026-04-09 21:10:27,medium_chest,9.99,800,1
TX000014397,149550,2026-04-09 21:11:46,starter_pouch,1.99,120,1
TX000011252,114332,2026-04-09 21:13:22,medium_chest,9.99,800,1
TX000007258,149890,2026-04-09 21:21:58,large_chest,19.99,1800,1
TX000006219,101484,2026-04-09 21:23:30,medium_chest,9.99,800,1
TX000011142,143512,2026-04-09 21:25:40,starter_pouch,1.99,120,1
TX000014568,168302,2026-04-09 21:26:08,large_chest,19.99,1800,1
TX000012165,109118,2026-04-09 21:28:33,starter_pouch,1.99,120,1
TX000011738,156833,2026-04-09 21:29:24,small_pouch,4.99,350,1
TX000013178,159645,2026-04-09 21:30:15,small_pouch,4.99,350,1
TX000015298,149612,2026-04-09 21:30:20,starter_pouch,1.99,120,1
TX000011621,110299,2026-04-09 21:30:49,vault,49.99,5000,1
TX000001313,171984,2026-04-09 21:32:50,starter_pouch,1.99,120,1
TX000009697,123866,2026-04-09 21:33:10,medium_chest,9.99,800,1
TX000006097,126448,2026-04-09 21:35:01,small_pouch,4.99,350,1
TX000009874,160928,2026-04-09 21:37:20,large_chest,19.99,1800,1
TX000008046,174854,2026-04-09 21:38:49,large_chest,19.99,1800,1
TX000004879,123959,2026-04-09 21:40:40,starter_pouch,1.99,120,1
TX000003950,151566,2026-04-09 21:41:04,medium_chest,9.99,800,1
TX000005267,176757,2026-04-09 21:43:09,small_pouch,4.99,350,1
TX000010018,104595,2026-04-09 21:43:13,medium_chest,9.99,800,1
TX000011625,121000,2026-04-09 21:43:25,large_chest,19.99,1800,1
TX000009483,162066,2026-04-09 21:43:46,starter_pouch,1.99,120,1
TX000011491,123134,2026-04-09 21:54:20,small_pouch,4.99,350,1
TX000008533,135905,2026-04-09 21:55:23,small_pouch,4.99,350,1
TX000003033,171821,2026-04-09 21:57:06,starter_pouch,1.99,120,1
TX000002362,105826,2026-04-09 21:57:22,medium_chest,9.99,800,1
TX000007617,128460,2026-04-09 21:57:54,small_pouch,4.99,350,1
TX000014551,136529,2026-04-09 21:57:55,starter_pouch,-1.99,-120,0
TX000001689,120450,2026-04-09 21:59:06,starter_pouch,1.99,120,1
TX000010166,158887,2026-04-09 22:02:00,starter_pouch,1.99,120,1
TX000001170,132985,2026-04-09 22:03:54,small_pouch,4.99,350,1
TX000003229,179867,2026-04-09 22:05:10,starter_pouch,1.99,120,1
TX000005603,175903,2026-04-09 22:05:19,small_pouch,4.99,350,1
TX000015176,106889,2026-04-09 22:05:21,small_pouch,4.99,350,1
TX000003269,147793,2026-04-09 22:07:09,small_pouch,4.99,350,1
TX000004063,130384,2026-04-09 22:07:51,small_pouch,4.99,350,1
TX000002485,130648,2026-04-09 22:12:09,starter_pouch,1.99,120,1
TX000003042,172363,2026-04-09 22:12:55,vault,49.99,5000,1
TX000008742,117119,2026-04-09 22:13:54,starter_pouch,1.99,120,1
TX000004587,146676,2026-04-09 22:14:07,large_chest,-19.99,-1800,0
TX000014874,136140,2026-04-09 22:14:36,medium_chest,9.99,800,1
TX000007970,167893,2026-04-09 22:14:52,medium_chest,9.99,800,1
TX000000155,121723,2026-04-09 22:16:25,vault,49.99,5000,1
TX000010972,144107,2026-04-09 22:19:55,starter_pouch,1.99,120,1
TX000007162,163634,2026-04-09 22:20:15,small_pouch,4.99,350,1
TX000006998,158074,2026-04-09 22:21:58,small_pouch,4.99,350,1
TX000000095,170557,2026-04-09 22:22:18,small_pouch,4.99,350,1
TX000005396,170545,2026-04-09 22:23:50,small_pouch,4.99,350,1
TX000000841,166649,2026-04-09 22:24:30,medium_chest,9.99,800,1
TX000000441,118802,2026-04-09 22:30:26,medium_chest,9.99,800,1
TX000001989,168485,2026-04-09 22:32:28,starter_pouch,1.99,120,1
TX000004486,120463,2026-04-09 22:32:50,starter_pouch,1.99,120,1
TX000013243,152771,2026-04-09 22:33:47,starter_pouch,1.99,120,1
TX000005233,108909,2026-04-09 22:39:12,medium_chest,9.99,800,1
TX000002587,179012,2026-04-09 22:40:03,medium_chest,9.99,800,1
TX000013487,114315,2026-04-09 22:40:12,small_pouch,4.99,350,1
TX000007019,105869,2026-04-09 22:40:58,starter_pouch,1.99,120,1
TX000013584,138544,2026-04-09 22:41:25,small_pouch,4.99,350,1
TX000014623,175455,2026-04-09 22:41:38,starter_pouch,1.99,120,1
TX000002494,128319,2026-04-09 22:41:45,small_pouch,4.99,350,1
TX000005456,133016,2026-04-09 22:42:43,small_pouch,4.99,350,1
TX000013894,103845,2026-04-09 22:42:58,small_pouch,4.99,350,1
TX000002553,144933,2026-04-09 22:44:30,small_pouch,4.99,350,1
TX000010438,145639,2026-04-09 22:47:10,starter_pouch,1.99,120,1
TX000010436,115520,2026-04-09 22:47:32,starter_pouch,1.99,120,1
TX000002222,108027,2026-04-09 22:48:29,small_pouch,4.99,350,1
TX000008115,158017,2026-04-09 22:49:34,large_chest,19.99,1800,1
TX000000671,151578,2026-04-09 22:51:04,starter_pouch,1.99,120,1
TX000003781,157032,2026-04-09 22:54:33,medium_chest,9.99,800,1
TX000009670,159139,2026-04-09 22:56:45,starter_pouch,1.99,120,1
TX000000688,174804,2026-04-09 22:58:51,medium_chest,9.99,800,1
TX000002690,179568,2026-04-09 22:59:56,large_chest,19.99,1800,1
TX000008364,105157,2026-04-09 23:01:47,starter_pouch,1.99,120,1
TX000011825,107726,2026-04-09 23:02:09,small_pouch,4.99,350,1
TX000008434,115848,2026-04-09 23:02:19,small_pouch,4.99,350,1
TX000010932,131070,2026-04-09 23:03:17,medium_chest,9.99,800,1
TX000006568,119076,2026-04-09 23:10:31,small_pouch,4.99,350,1
TX000010165,145540,2026-04-09 23:10:47,mega_vault,99.99,11000,1
TX000005579,110585,2026-04-09 23:13:41,medium_chest,9.99,800,1
TX000012367,117994,2026-04-09 23:18:14,medium_chest,9.99,800,1
TX000000168,107816,2026-04-09 23:23:31,medium_chest,9.99,800,1
TX000011255,118721,2026-04-09 23:24:22,large_chest,19.99,1800,1
TX000005522,134632,2026-04-09 23:31:04,large_chest,19.99,1800,1
TX000011978,124939,2026-04-09 23:31:24,medium_chest,9.99,800,1
TX000013616,117716,2026-04-09 23:32:06,vault,49.99,5000,1
TX000011935,115677,2026-04-09 23:36:22,large_chest,19.99,1800,1
TX000014977,177622,2026-04-09 23:48:31,small_pouch,4.99,350,1
TX000008522,121023,2026-04-09 23:52:08,small_pouch,4.99,350,1
TX000001582,172710,2026-04-09 23:53:28,large_chest,19.99,1800,1
TX000006825,118900,2026-04-09 23:56:12,starter_pouch,1.99,120,1
TX000013372,152271,2026-04-09 23:58:36,vault,49.99,5000,1
TX000008791,169415,2026-04-09 23:59:56,starter_pouch,1.99,120,1
TX000011975,155238,2026-04-09 23:59:56,medium_chest,9.99,800,1
TX000013340,122517,2026-04-09 23:59:56,medium_chest,9.99,800,1
TX000004207,174147,2026-04-09 23:59:56,large_chest,19.99,1800,1
TX000009842,111735,2026-04-09 23:59:56,large_chest,19.99,1800,1
TX000001444,164845,2026-04-09 23:59:56,starter_pouch,1.99,120,1
TX000011679,118442,2026-04-09 23:59:56,starter_pouch,1.99,120,1
TX000013042,162872,2026-04-09 23:59:56,mega_vault,99.99,11000,1
TX000006718,163676,2026-04-09 23:59:56,large_chest,19.99,1800,1
TX000015022,150986,2026-04-09 23:59:56,small_pouch,4.99,350,1
TX000003434,155606,2026-04-09 23:59:56,small_pouch,4.99,350,1
TX000005782,102102,2026-04-09 23:59:56,large_chest,19.99,1800,1
TX000009239,119463,2026-04-09 23:59:56,medium_chest,9.99,800,1
TX000011992,148155,2026-04-10 06:06:10,small_pouch,4.99,350,0
TX000002325,174247,2026-04-10 06:15:22,vault,49.99,5000,0
TX000014125,116058,2026-04-10 06:31:22,large_chest,19.99,1800,0
TX000000886,121682,2026-04-10 06:42:54,medium_chest,9.99,800,0
TX000003103,166558,2026-04-10 06:43:26,large_chest,19.99,1800,0
TX000008671,170525,2026-04-10 06:51:11,small_pouch,4.99,350,0
TX000000078,128258,2026-04-10 07:00:23,vault,49.99,5000,0
TX000007366,135750,2026-04-10 07:03:38,small_pouch,4.99,350,0
TX000013544,173467,2026-04-10 08:12:05,small_pouch,4.99,350,0
TX000014487,141451,2026-04-10 08:23:57,medium_chest,-9.99,-800,0
TX000014973,169050,2026-04-10 08:25:23,starter_pouch,1.99,120,0
TX000003930,113754,2026-04-10 08:26:51,starter_pouch,1.99,120,0
TX000009273,158465,2026-04-10 08:38:37,starter_pouch,1.99,120,0
TX000006920,159072,2026-04-10 09:26:25,starter_pouch,1.99,120,0
TX000013123,176608,2026-04-10 09:40:17,small_pouch,4.99,350,0
TX000015047,149040,2026-04-10 10:09:44,medium_chest,9.99,800,0
TX000000062,112773,2026-04-10 10:33:59,starter_pouch,1.99,120,0
TX000001304,165677,2026-04-10 10:34:44,small_pouch,4.99,350,0
TX000009884,117496,2026-04-10 10:53:49,medium_chest,9.99,800,0
TX000000411,176363,2026-04-10 10:54:14,medium_chest,9.99,800,0
TX000008998,110683,2026-04-10 11:12:45,starter_pouch,1.99,120,0
TX000011145,131816,2026-04-10 11:13:16,large_chest,19.99,1800,0
TX000001409,136601,2026-04-10 11:20:56,vault,49.99,5000,0
TX000015092,132514,2026-04-10 11:56:05,small_pouch,4.99,350,0
TX000013375,141723,2026-04-10 11:58:47,medium_chest,9.99,800,0
TX000012966,118888,2026-04-10 12:00:11,small_pouch,4.99,350,0
TX000000213,155789,2026-04-10 12:30:19,medium_chest,9.99,800,0
TX000003955,121298,2026-04-10 12:31:45,starter_pouch,1.99,120,0
TX000012732,145521,2026-04-10 12:31:45,small_pouch,-4.99,-350,1
TX000005322,101587,2026-04-10 12:43:08,medium_chest,9.99,800,0
TX000005583,126507,2026-04-10 13:19:28,large_chest,19.99,1800,0
TX000011264,167628,2026-04-10 13:21:05,starter_pouch,1.99,120,0
TX000013401,112038,2026-04-10 13:24:25,small_pouch,4.99,350,0
TX000000264,167640,2026-04-10 13:35:26,starter_pouch,1.99,120,0
TX000008171,110995,2026-04-10 13:49:34,mega_vault,99.99,11000,0
TX000001506,146596,2026-04-10 13:55:04,large_chest,19.99,1800,0
TX000009028,170835,2026-04-10 14:02:00,large_chest,19.99,1800,0
TX000004751,109039,2026-04-10 14:33:10,medium_chest,9.99,800,0
TX000004244,145485,2026-04-10 14:59:02,small_pouch,4.99,350,0
TX000000786,153574,2026-04-10 15:18:04,starter_pouch,1.99,120,0
TX000000329,159305,2026-04-10 15:30:55,starter_pouch,1.99,120,0
TX000000271,118649,2026-04-10 15:36:38,vault,49.99,5000,0
TX000004248,141322,2026-04-10 15:40:05,small_pouch,4.99,350,0
TX000004273,113146,2026-04-10 16:06:04,starter_pouch,1.99,120,0
TX000000541,121182,2026-04-10 16:11:16,starter_pouch,1.99,120,0
TX000004088,160939,2026-04-10 16:16:00,large_chest,19.99,1800,0
TX000006118,108619,2026-04-10 16:18:44,medium_chest,9.99,800,0
TX000008880,157802,2026-04-10 16:28:18,starter_pouch,1.99,120,0
TX000006953,159214,2026-04-10 16:42:54,starter_pouch,1.99,120,0
TX000007126,148696,2026-04-10 16:56:40,medium_chest,9.99,800,0
TX000002873,176695,2026-04-10 16:59:32,vault,49.99,5000,0
TX000007618,175633,2026-04-10 17:05:21,starter_pouch,1.99,120,0
TX000004515,128017,2026-04-10 17:06:22,small_pouch,4.99,350,0
TX000012424,126511,2026-04-10 17:07:59,small_pouch,4.99,350,0
TX000008178,173914,2026-04-10 17:19:10,mega_vault,99.99,11000,0
TX000000886,121682,2026-04-10 17:29:04,medium_chest,9.99,800,0
TX000009157,150035,2026-04-10 17:29:41,small_pouch,4.99,350,0
TX000013044,157974,2026-04-10 17:32:03,medium_chest,9.99,800,0
TX000005663,156235,2026-04-10 17:36:24,starter_pouch,1.99,120,0
TX000005528,179931,2026-04-10 17:40:21,starter_pouch,1.99,120,0
TX000003703,126516,2026-04-10 17:48:42,large_chest,19.99,1800,0
TX000012560,103900,2026-04-10 17:55:18,large_chest,19.99,1800,0
TX000010017,112413,2026-04-10 18:10:13,starter_pouch,-1.99,-120,1
TX000001041,172977,2026-04-10 18:13:18,starter_pouch,1.99,120,0
TX000002583,142492,2026-04-10 18:14:59,large_chest,19.99,1800,0
TX000004593,160253,2026-04-10 18:17:54,starter_pouch,1.99,120,0
TX000009183,152339,2026-04-10 18:20:22,starter_pouch,1.99,120,0
TX000010745,154074,2026-04-10 18:45:33,mega_vault,99.99,11000,0
TX000010864,112644,2026-04-10 18:47:29,starter_pouch,1.99,120,0
TX000004698,158721,2026-04-10 18:48:56,starter_pouch,1.99,120,0
TX000006103,161905,2026-04-10 19:02:09,small_pouch,4.99,350,0
TX000004190,153015,2026-04-10 19:02:46,medium_chest,9.99,800,0
TX000010946,134615,2026-04-10 19:13:04,medium_chest,9.99,800,0
TX000005822,177759,2026-04-10 19:13:15,medium_chest,9.99,800,0
TX000007105,158346,2026-04-10 19:17:23,starter_pouch,1.99,120,0
TX000007150,172708,2026-04-10 19:29:51,small_pouch,4.99,350,0
TX000009117,107742,2026-04-10 19:35:13,vault,49.99,5000,0
TX000001046,110380,2026-04-10 19:43:16,small_pouch,4.99,350,0
TX000003774,123320,2026-04-10 19:54:33,large_chest,19.99,1800,0
TX000004166,128768,2026-04-10 19:57:40,starter_pouch,1.99,120,0
TX000010307,170528,2026-04-10 20:04:26,vault,49.99,5000,0
TX000007864,175158,2026-04-10 20:15:28,large_chest,19.99,1800,0
TX000012855,147058,2026-04-10 20:32:12,starter_pouch,1.99,120,0
TX000009166,179464,2026-04-10 20:37:25,small_pouch,4.99,350,0
TX000000592,138609,2026-04-10 20:55:08,mega_vault,99.99,11000,0
TX000000346,133781,2026-04-10 21:00:46,medium_chest,9.99,800,0
TX000006779,121256,2026-04-10 21:13:53,small_pouch,4.99,350,0
TX000011643,133912,2026-04-10 21:24:48,vault,49.99,5000,0
TX000009841,139651,2026-04-10 21:36:02,vault,49.99,5000,0
TX000012060,153534,2026-04-10 21:41:46,small_pouch,4.99,350,0
TX000001053,172858,2026-04-10 21:47:21,small_pouch,4.99,350,0
TX000001675,158011,2026-04-10 21:49:58,starter_pouch,1.99,120,0
TX000006238,174555,2026-04-10 22:08:43,medium_chest,9.99,800,0
TX000007645,122065,2026-04-10 22:10:55,starter_pouch,1.99,120,0
TX000008807,176779,2026-04-10 22:16:38,large_chest,19.99,1800,0
TX000011663,115262,2026-04-10 22:30:32,medium_chest,9.99,800,0
TX000006566,175882,2026-04-10 22:47:22,small_pouch,4.99,350,0
TX000006832,124410,2026-04-10 22:47:41,medium_chest,9.99,800,0
TX000002097,179364,2026-04-10 23:03:06,large_chest,19.99,1800,0
TX000009316,105040,2026-04-10 23:03:10,large_chest,19.99,1800,0
TX000010684,165758,2026-04-10 23:41:03,medium_chest,9.99,800,0
TX000014120,138280,2026-04-10 23:44:12,medium_chest,9.99,800,0
TX000014856,145800,2026-04-10 23:59:56,small_pouch,4.99,350,0
TX000008899,148283,2026-04-11 06:08:59,medium_chest,9.99,800,0
TX000008395,125487,2026-04-11 06:10:20,starter_pouch,1.99,120,0
TX000008945,156151,2026-04-11 06:53:06,medium_chest,9.99,800,0
TX000006554,168648,2026-04-11 07:00:44,small_pouch,4.99,350,0
TX000014565,176543,2026-04-11 07:02:43,starter_pouch,1.99,120,0
TX000014021,139207,2026-04-11 07:26:10,starter_pouch,1.99,120,0
TX000012710,166952,2026-04-11 07:28:27,starter_pouch,1.99,120,0
TX000001163,155066,2026-04-11 07:36:28,medium_chest,9.99,800,0
TX000009213,148782,2026-04-11 07:36:45,vault,49.99,5000,0
TX000001526,130380,2026-04-11 07:38:17,medium_chest,9.99,800,0
TX000007480,130113,2026-04-11 07:49:58,medium_chest,9.99,800,0
TX000004053,132046,2026-04-11 08:32:23,large_chest,19.99,1800,0
TX000013040,105202,2026-04-11 08:33:34,small_pouch,4.99,350,0
TX000004963,126065,2026-04-11 08:38:47,large_chest,19.99,1800,0
TX000000417,159529,2026-04-11 08:39:59,small_pouch,4.99,350,0
TX000009450,105998,2026-04-11 09:06:17,small_pouch,4.99,350,0
TX000002281,161734,2026-04-11 09:07:06,medium_chest,9.99,800,0
TX000012383,119987,2026-04-11 09:08:36,large_chest,19.99,1800,0
TX000011698,149582,2026-04-11 09:31:32,medium_chest,9.99,800,0
TX000006853,178120,2026-04-11 09:32:26,starter_pouch,1.99,120,0
TX000002584,139755,2026-04-11 09:34:45,starter_pouch,1.99,120,0
TX000005697,163972,2026-04-11 09:37:40,starter_pouch,1.99,120,0
TX000006937,114397,2026-04-11 09:49:46,starter_pouch,1.99,120,0
TX000004789,117987,2026-04-11 09:55:45,small_pouch,4.99,350,0
TX000013322,175899,2026-04-11 10:35:26,small_pouch,4.99,350,0
TX000012972,170038,2026-04-11 10:39:39,starter_pouch,1.99,120,0
TX000001583,157877,2026-04-11 10:54:39,small_pouch,4.99,350,0
TX000003421,178109,2026-04-11 11:17:29,small_pouch,4.99,350,0
TX000007177,113446,2026-04-11 11:35:00,medium_chest,9.99,800,0
TX000009469,125118,2026-04-11 11:37:20,medium_chest,9.99,800,0
TX000001367,174749,2026-04-11 11:38:27,starter_pouch,1.99,120,0
TX000009897,115829,2026-04-11 12:08:07,large_chest,19.99,1800,0
TX000007979,102647,2026-04-11 12:13:20,starter_pouch,1.99,120,0
TX000002691,167724,2026-04-11 12:23:28,starter_pouch,1.99,120,0
TX000003527,156290,2026-04-11 13:07:16,medium_chest,9.99,800,0
TX000006316,100560,2026-04-11 13:46:01,medium_chest,9.99,800,0
TX000013652,125923,2026-04-11 13:49:59,starter_pouch,1.99,120,0
TX000005038,170846,2026-04-11 14:34:47,starter_pouch,1.99,120,0
TX000006563,114979,2026-04-11 14:52:56,small_pouch,4.99,350,0
TX000013702,110355,2026-04-11 15:00:03,large_chest,19.99,1800,0
TX000007332,149200,2026-04-11 15:41:22,starter_pouch,1.99,120,0
TX000010379,169143,2026-04-11 15:44:04,starter_pouch,1.99,120,0
TX000013303,111854,2026-04-11 16:00:31,starter_pouch,1.99,120,0
TX000004446,150381,2026-04-11 16:09:51,small_pouch,4.99,350,0
TX000000946,116567,2026-04-11 16:09:57,small_pouch,4.99,350,0
TX000004621,170365,2026-04-11 16:21:56,large_chest,19.99,1800,0
TX000000333,116925,2026-04-11 16:22:04,medium_chest,9.99,800,0
TX000009249,139386,2026-04-11 16:23:35,starter_pouch,1.99,120,0
TX000012811,121453,2026-04-11 16:26:19,medium_chest,9.99,800,0
TX000009630,131144,2026-04-11 16:31:34,small_pouch,4.99,350,0
TX000004810,162538,2026-04-11 17:03:02,vault,49.99,5000,0
TX000012854,152150,2026-04-11 17:10:18,starter_pouch,1.99,120,0
TX000004623,143458,2026-04-11 17:13:39,large_chest,19.99,1800,0
TX000014183,117900,2026-04-11 17:14:24,medium_chest,9.99,800,0
TX000009724,105736,2026-04-11 17:17:03,starter_pouch,1.99,120,0
TX000013885,106018,2026-04-11 17:19:13,small_pouch,4.99,350,0
TX000000343,174539,2026-04-11 17:20:55,small_pouch,4.99,350,0
TX000009889,168957,2026-04-11 17:21:19,medium_chest,9.99,800,0
TX000006305,112992,2026-04-11 17:22:28,small_pouch,4.99,350,0
TX000002190,171261,2026-04-11 17:25:58,small_pouch,4.99,350,0
TX000000987,159249,2026-04-11 17:26:47,small_pouch,4.99,350,0
TX000002611,179063,2026-04-11 17:27:50,mega_vault,99.99,11000,0
TX000006969,168927,2026-04-11 17:32:14,small_pouch,4.99,350,0
TX000010525,122610,2026-04-11 17:32:25,small_pouch,4.99,350,0
TX000010971,166218,2026-04-11 17:40:32,starter_pouch,1.99,120,0
TX000014648,108901,2026-04-11 17:42:31,small_pouch,4.99,350,0
TX000008217,133829,2026-04-11 17:43:00,small_pouch,4.99,350,0
TX000015107,104845,2026-04-11 17:51:31,vault,49.99,5000,0
TX000006753,137460,2026-04-11 17:53:57,starter_pouch,1.99,120,0
TX000004433,159496,2026-04-11 17:56:05,medium_chest,9.99,800,0
TX000003500,179727,2026-04-11 17:56:45,starter_pouch,1.99,120,0
TX000010144,174501,2026-04-11 17:57:35,medium_chest,9.99,800,0
TX000014410,158438,2026-04-11 18:07:26,small_pouch,4.99,350,0
TX000012633,170533,2026-04-11 18:12:40,starter_pouch,1.99,120,0
TX000002015,139276,2026-04-11 18:26:34,medium_chest,9.99,800,0
TX000014691,114940,2026-04-11 18:29:03,small_pouch,4.99,350,0
TX000013692,101587,2026-04-11 18:30:48,medium_chest,9.99,800,0
TX000006754,172308,2026-04-11 18:41:22,medium_chest,9.99,800,0
TX000002509,141599,2026-04-11 18:54:25,small_pouch,4.99,350,0
TX000012045,109057,2026-04-11 18:54:41,medium_chest,9.99,800,0
TX000008627,156956,2026-04-11 19:02:46,medium_chest,9.99,800,0
TX000013580,176087,2026-04-11 19:08:40,large_chest,19.99,1800,0
TX000002544,135581,2026-04-11 19:13:32,medium_chest,9.99,800,0
TX000005755,154009,2026-04-11 19:13:35,vault,49.99,5000,0
TX000000827,140368,2026-04-11 19:15:49,small_pouch,4.99,350,0
TX000009168,176695,2026-04-11 19:22:25,large_chest,19.99,1800,0
TX000007122,166716,2026-04-11 19:29:57,medium_chest,9.99,800,0
TX000012971,108305,2026-04-11 19:56:17,starter_pouch,1.99,120,0
TX000002942,106072,2026-04-11 19:59:15,medium_chest,9.99,800,0
TX000005711,144460,2026-04-11 20:09:05,medium_chest,9.99,800,0
TX000009422,169355,2026-04-11 20:22:57,starter_pouch,1.99,120,0
TX000015036,141460,2026-04-11 20:24:27,starter_pouch,1.99,120,0
TX000013056,178712,2026-04-11 20:25:31,starter_pouch,1.99,120,0
TX000005361,120429,2026-04-11 20:27:04,large_chest,19.99,1800,0
TX000004040,125870,2026-04-11 20:33:14,medium_chest,9.99,800,0
TX000014360,135570,2026-04-11 20:35:35,starter_pouch,1.99,120,0
TX000012683,127722,2026-04-11 20:40:31,medium_chest,9.99,800,0
TX000013105,141253,2026-04-11 20:41:38,starter_pouch,1.99,120,0
TX000014132,102778,2026-04-11 20:45:58,small_pouch,4.99,350,0
TX000014113,149594,2026-04-11 20:48:38,large_chest,19.99,1800,0
TX000013304,155962,2026-04-11 20:51:41,starter_pouch,1.99,120,0
TX000011481,141218,2026-04-11 21:03:39,starter_pouch,1.99,120,0
TX000014942,129542,2026-04-11 21:07:13,starter_pouch,1.99,120,0
TX000013322,175899,2026-04-11 21:34:05,small_pouch,4.99,350,0
TX000000013,112731,2026-04-11 21:37:48,vault,49.99,5000,0
TX000015275,173209,2026-04-11 21:43:52,starter_pouch,1.99,120,0
TX000002511,155922,2026-04-11 21:47:10,medium_chest,9.99,800,0
TX000011710,174426,2026-04-11 22:03:18,vault,49.99,5000,0
TX000005231,173472,2026-04-11 22:06:30,starter_pouch,1.99,120,0
TX000012160,157328,2026-04-11 22:09:24,vault,49.99,5000,0
TX000002447,176876,2026-04-11 22:17:00,starter_pouch,1.99,120,0
TX000009508,171669,2026-04-11 22:37:42,small_pouch,4.99,350,0
TX000004673,146729,2026-04-11 22:43:54,medium_chest,9.99,800,0
TX000000980,114593,2026-04-11 23:02:34,small_pouch,4.99,350,0
TX000000881,103488,2026-04-11 23:04:26,starter_pouch,1.99,120,0
TX000009194,147286,2026-04-11 23:08:47,small_pouch,4.99,350,0
TX000000780,173653,2026-04-11 23:12:54,vault,49.99,5000,0
TX000003807,114130,2026-04-11 23:26:31,starter_pouch,1.99,120,0
TX000012153,134110,2026-04-11 23:36:00,medium_chest,9.99,800,0
TX000012391,144107,2026-04-11 23:56:29,medium_chest,9.99,800,0
TX000013284,153624,2026-04-11 23:59:56,medium_chest,9.99,800,0
TX000000008,158680,2026-04-11 23:59:56,mega_vault,99.99,11000,0
TX000005790,137504,2026-04-11 23:59:56,small_pouch,4.99,350,0
TX000004322,168184,2026-04-11 23:59:56,large_chest,19.99,1800,0
TX000010472,147375,2026-04-11 23:59:56,starter_pouch,1.99,120,0
TX000007642,159047,2026-04-11 23:59:56,medium_chest,9.99,800,0
TX000014664,173094,2026-04-11 23:59:56,large_chest,19.99,1800,0
TX000000388,120685,2026-04-12 06:49:48,mega_vault,99.99,11000,0
TX000007756,151672,2026-04-12 06:53:35,medium_chest,9.99,800,0
TX000000526,143251,2026-04-12 07:15:03,starter_pouch,1.99,120,0
TX000005802,152406,2026-04-12 07:19:06,small_pouch,4.99,350,0
TX000013161,120506,2026-04-12 07:24:11,starter_pouch,1.99,120,0
TX000002041,129744,2026-04-12 07:31:09,small_pouch,4.99,350,0
TX000008381,166195,2026-04-12 07:47:20,starter_pouch,1.99,120,0
TX000014860,155811,2026-04-12 07:51:24,small_pouch,4.99,350,0
TX000008471,134350,2026-04-12 07:58:51,small_pouch,4.99,350,0
TX000011837,139856,2026-04-12 08:02:35,medium_chest,9.99,800,0
TX000011276,179757,2026-04-12 08:06:24,medium_chest,9.99,800,0
TX000003559,180159,2026-04-12 08:14:08,vault,49.99,5000,0
TX000009657,152407,2026-04-12 08:30:49,starter_pouch,1.99,120,0
TX000003889,134001,2026-04-12 08:34:46,vault,49.99,5000,0
TX000012790,127509,2026-04-12 08:42:44,large_chest,19.99,1800,0
TX000004928,104864,2026-04-12 08:43:33,starter_pouch,1.99,120,0
TX000008724,174830,2026-04-12 09:16:03,starter_pouch,1.99,120,0
TX000006038,100164,2026-04-12 09:18:17,starter_pouch,1.99,120,0
TX000003990,179107,2026-04-12 09:21:20,medium_chest,9.99,800,0
TX000005432,140881,2026-04-12 09:25:29,starter_pouch,1.99,120,0
TX000008894,112374,2026-04-12 10:15:28,starter_pouch,1.99,120,0
TX000011607,133712,2026-04-12 10:56:04,medium_chest,9.99,800,0
TX000010445,179213,2026-04-12 10:57:01,starter_pouch,1.99,120,0
TX000006435,134143,2026-04-12 11:20:47,vault,49.99,5000,0
TX000006888,112498,2026-04-12 11:22:58,medium_chest,9.99,800,0
TX000001774,168892,2026-04-12 11:24:02,large_chest,19.99,1800,0
TX000009714,150440,2026-04-12 11:29:00,small_pouch,4.99,350,0
TX000003222,126415,2026-04-12 11:34:59,medium_chest,9.99,800,0
TX000001410,101913,2026-04-12 11:37:47,starter_pouch,1.99,120,0
TX000006344,134100,2026-04-12 12:00:41,medium_chest,9.99,800,0
TX000014157,143299,2026-04-12 12:03:40,vault,49.99,5000,0
TX000010305,153097,2026-04-12 12:17:43,medium_chest,9.99,800,0
TX000012358,153180,2026-04-12 12:20:40,small_pouch,4.99,350,0
TX000000015,118603,2026-04-12 12:39:16,small_pouch,4.99,350,0
TX000014815,138141,2026-04-12 13:00:10,large_chest,19.99,1800,0
TX000006621,110943,2026-04-12 13:02:30,vault,49.99,5000,0
TX000011440,154865,2026-04-12 13:03:14,medium_chest,9.99,800,0
TX000006827,150958,2026-04-12 13:04:07,starter_pouch,1.99,120,0
TX000014045,105728,2026-04-12 13:15:21,small_pouch,4.99,350,0
TX000007902,105037,2026-04-12 13:21:51,starter_pouch,1.99,120,0
TX000003633,138738,2026-04-12 13:53:57,medium_chest,9.99,800,0
TX000005127,112992,2026-04-12 13:55:09,starter_pouch,1.99,120,0
TX000004570,107250,2026-04-12 14:32:52,large_chest,19.99,1800,0
TX000001680,151355,2026-04-12 15:05:13,small_pouch,4.99,350,0
TX000012400,159510,2026-04-12 15:13:23,large_chest,19.99,1800,0
TX000010139,113286,2026-04-12 15:13:45,small_pouch,4.99,350,0
TX000014584,107721,2026-04-12 15:22:50,starter_pouch,1.99,120,0
TX000011081,124666,2026-04-12 15:51:59,starter_pouch,1.99,120,0
TX000003833,133160,2026-04-12 15:54:16,medium_chest,9.99,800,0
TX000012281,124661,2026-04-12 15:57:39,vault,49.99,5000,0
TX000005979,129673,2026-04-12 16:04:31,small_pouch,4.99,350,0
TX000006821,144294,2026-04-12 16:08:33,small_pouch,4.99,350,0
TX000010378,161548,2026-04-12 16:30:02,starter_pouch,1.99,120,0
TX000013608,174912,2026-04-12 16:40:48,starter_pouch,1.99,120,0
TX000005330,118093,2026-04-12 16:46:19,starter_pouch,1.99,120,0
TX000005969,138609,2026-04-12 16:47:23,starter_pouch,1.99,120,0
TX000001134,176255,2026-04-12 16:54:44,medium_chest,9.99,800,0
TX000003707,158297,2026-04-12 16:56:45,starter_pouch,1.99,120,0
TX000004232,175602,2026-04-12 17:06:09,small_pouch,4.99,350,0
TX000005884,153097,2026-04-12 17:11:38,starter_pouch,-1.99,-120,1
TX000004223,130710,2026-04-12 17:24:22,small_pouch,4.99,350,0
TX000008889,130931,2026-04-12 17:25:48,large_chest,19.99,1800,0
TX000007784,153712,2026-04-12 17:45:52,starter_pouch,1.99,120,0
TX000000230,109133,2026-04-12 17:47:25,small_pouch,4.99,350,0
TX000002260,132687,2026-04-12 17:47:58,small_pouch,4.99,350,0
TX000000478,122747,2026-04-12 17:49:06,starter_pouch,1.99,120,0
TX000001751,134710,2026-04-12 17:55:38,starter_pouch,1.99,120,0
TX000008073,141063,2026-04-12 17:58:33,small_pouch,4.99,350,0
TX000010299,146652,2026-04-12 18:02:10,starter_pouch,1.99,120,0
TX000003644,108715,2026-04-12 18:16:31,medium_chest,9.99,800,0
TX000002042,108282,2026-04-12 18:22:01,small_pouch,4.99,350,0
TX000010316,142103,2026-04-12 18:26:13,large_chest,19.99,1800,0
TX000004409,155070,2026-04-12 18:27:07,large_chest,19.99,1800,0
TX000002096,101985,2026-04-12 18:28:22,large_chest,19.99,1800,0
TX000001718,139384,2026-04-12 18:32:58,starter_pouch,1.99,120,0
TX000010687,176180,2026-04-12 18:39:17,starter_pouch,1.99,120,0
TX000009424,155616,2026-04-12 18:41:33,small_pouch,4.99,350,0
TX000001286,122170,2026-04-12 18:42:49,starter_pouch,1.99,120,0
TX000006029,127859,2026-04-12 18:46:44,medium_chest,9.99,800,0
TX000005276,173714,2026-04-12 18:49:42,large_chest,19.99,1800,0
TX000011810,140634,2026-04-12 18:56:25,small_pouch,4.99,350,0
TX000012788,146754,2026-04-12 18:57:02,medium_chest,9.99,800,0
TX000010492,140021,2026-04-12 19:09:21,small_pouch,4.99,350,0
TX000012920,144430,2026-04-12 19:11:44,small_pouch,4.99,350,0
TX000014341,149308,2026-04-12 19:15:22,starter_pouch,1.99,120,0
TX000000233,162975,2026-04-12 19:27:50,medium_chest,9.99,800,0
TX000005601,113534,2026-04-12 19:29:01,starter_pouch,1.99,120,0
TX000003753,139008,2026-04-12 19:30:05,large_chest,19.99,1800,0
TX000005649,110848,2026-04-12 19:33:57,medium_chest,9.99,800,0
TX000012008,151663,2026-04-12 19:34:49,small_pouch,4.99,350,0
TX000007267,161628,2026-04-12 19:42:23,vault,49.99,5000,0
TX000006570,136855,2026-04-12 19:48:32,medium_chest,9.99,800,0
TX000001717,172004,2026-04-12 19:53:25,medium_chest,9.99,800,0
TX000000234,131899,2026-04-12 19:58:30,small_pouch,4.99,350,0
TX000014346,153169,2026-04-12 19:59:06,vault,49.99,5000,0
TX000002979,179248,2026-04-12 20:11:33,small_pouch,4.99,350,0
TX000007086,125207,2026-04-12 20:12:30,starter_pouch,1.99,120,0
TX000002619,165151,2026-04-12 20:16:14,starter_pouch,1.99,120,0
TX000001836,176071,2026-04-12 20:18:32,medium_chest,9.99,800,0
TX000011768,150027,2026-04-12 20:25:44,vault,49.99,5000,0
TX000004416,176060,2026-04-12 20:29:30,mega_vault,99.99,11000,0
TX000001481,171268,2026-04-12 20:33:43,starter_pouch,1.99,120,0
TX000001832,130463,2026-04-12 20:34:40,vault,49.99,5000,0
TX000010677,110774,2026-04-12 20:36:35,starter_pouch,1.99,120,0
TX000013177,150407,2026-04-12 20:38:59,small_pouch,4.99,350,0
TX000004417,100937,2026-04-12 20:40:24,medium_chest,9.99,800,0
TX000001171,144768,2026-04-12 20:49:56,small_pouch,4.99,350,0
TX000009174,119964,2026-04-12 20:50:49,starter_pouch,1.99,120,0
TX000009651,174011,2026-04-12 20:54:08,medium_chest,9.99,800,0
TX000005268,175154,2026-04-12 20:57:55,starter_pouch,1.99,120,0
TX000008752,116481,2026-04-12 21:03:30,starter_pouch,1.99,120,0
TX000003694,149781,2026-04-12 21:05:19,starter_pouch,1.99,120,0
TX000008476,179034,2026-04-12 21:06:34,small_pouch,4.99,350,0
TX000002899,110248,2026-04-12 21:16:09,small_pouch,4.99,350,0
TX000013671,140014,2026-04-12 21:33:05,medium_chest,9.99,800,0
TX000015011,177979,2026-04-12 21:46:24,medium_chest,9.99,800,0
TX000010790,104611,2026-04-12 21:55:04,large_chest,19.99,1800,0
TX000010891,144353,2026-04-12 21:58:01,starter_pouch,-1.99,-120,0
TX000007928,101590,2026-04-12 22:07:48,medium_chest,9.99,800,0
TX000013422,117588,2026-04-12 22:15:34,small_pouch,4.99,350,0
TX000002102,143618,2026-04-12 22:23:58,starter_pouch,1.99,120,0
TX000008695,159365,2026-04-12 22:29:03,large_chest,19.99,1800,0
TX000005025,147962,2026-04-12 22:45:15,medium_chest,9.99,800,0
TX000015065,108343,2026-04-12 22:48:49,small_pouch,4.99,350,0
TX000005781,114347,2026-04-12 22:55:14,starter_pouch,1.99,120,0
TX000006544,130437,2026-04-12 23:59:56,medium_chest,9.99,800,0
TX000011947,156357,2026-04-12 23:59:56,starter_pouch,1.99,120,0
TX000009428,172240,2026-04-13 06:12:17,starter_pouch,1.99,120,0
TX000013761,142997,2026-04-13 06:16:54,starter_pouch,1.99,120,0
TX000014332,156468,2026-04-13 06:25:07,medium_chest,9.99,800,0
TX000006836,149582,2026-04-13 06:49:10,medium_chest,9.99,800,0
TX000010835,169927,2026-04-13 07:09:21,vault,49.99,5000,0
TX000013718,125972,2026-04-13 07:24:51,large_chest,19.99,1800,0
TX000013581,137105,2026-04-13 07:31:22,starter_pouch,1.99,120,0
TX000002402,153672,2026-04-13 07:57:56,large_chest,19.99,1800,0
TX000002302,139243,2026-04-13 08:06:01,starter_pouch,1.99,120,0
TX000013957,119023,2026-04-13 08:09:58,large_chest,19.99,1800,0
TX000005575,117967,2026-04-13 08:10:21,starter_pouch,1.99,120,0
TX000000364,153955,2026-04-13 08:18:05,small_pouch,4.99,350,0
TX000007466,121849,2026-04-13 08:20:16,small_pouch,4.99,350,0
TX000001073,171697,2026-04-13 08:23:55,starter_pouch,1.99,120,0
TX000004653,103461,2026-04-13 08:25:32,small_pouch,4.99,350,0
TX000002623,178820,2026-04-13 08:25:59,large_chest,19.99,1800,0
TX000008827,121331,2026-04-13 08:27:45,starter_pouch,1.99,120,0
TX000014721,167600,2026-04-13 08:34:33,starter_pouch,1.99,120,0
TX000005828,145407,2026-04-13 08:34:59,large_chest,19.99,1800,0
TX000004382,151304,2026-04-13 08:51:47,large_chest,19.99,1800,0
TX000014953,146263,2026-04-13 08:54:32,large_chest,19.99,1800,0
TX000003019,170247,2026-04-13 09:13:40,mega_vault,99.99,11000,0
TX000015141,138069,2026-04-13 09:22:09,starter_pouch,1.99,120,0
TX000009029,143904,2026-04-13 09:39:26,starter_pouch,1.99,120,0
TX000005496,157489,2026-04-13 09:49:42,starter_pouch,1.99,120,0
TX000015280,159209,2026-04-13 09:51:14,vault,49.99,5000,0
TX000010238,167106,2026-04-13 09:53:09,small_pouch,4.99,350,0
TX000006328,160991,2026-04-13 09:54:47,small_pouch,-4.99,-350,1
TX000000755,132557,2026-04-13 09:56:59,medium_chest,9.99,800,0
TX000011067,136992,2026-04-13 09:58:59,starter_pouch,1.99,120,0
TX000008332,118825,2026-04-13 10:11:21,vault,49.99,5000,0
TX000012918,170458,2026-04-13 10:22:47,medium_chest,9.99,800,0
TX000005257,113609,2026-04-13 10:32:23,starter_pouch,1.99,120,0
TX000008397,109610,2026-04-13 10:34:21,small_pouch,4.99,350,0
TX000014499,139859,2026-04-13 10:39:35,starter_pouch,1.99,120,0
TX000007614,143141,2026-04-13 10:45:36,mega_vault,99.99,11000,0
TX000006043,101655,2026-04-13 11:09:07,medium_chest,9.99,800,0
TX000012856,135917,2026-04-13 11:18:16,vault,49.99,5000,0
TX000005183,116591,2026-04-13 11:18:17,large_chest,19.99,1800,0
TX000002715,130231,2026-04-13 11:22:55,small_pouch,4.99,350,0
TX000005701,122093,2026-04-13 11:29:36,large_chest,19.99,1800,0
TX000014684,146620,2026-04-13 11:30:47,starter_pouch,-1.99,-120,1
TX000013868,166349,2026-04-13 11:30:58,starter_pouch,1.99,120,0
TX000013716,118663,2026-04-13 11:31:06,small_pouch,4.99,350,0
TX000014589,163585,2026-04-13 11:48:49,small_pouch,4.99,350,0
TX000011994,160749,2026-04-13 11:59:06,starter_pouch,1.99,120,0
TX000008636,111493,2026-04-13 12:30:32,starter_pouch,1.99,120,0
TX000006547,151086,2026-04-13 12:31:48,large_chest,19.99,1800,0
TX000010536,109287,2026-04-13 12:34:14,large_chest,19.99,1800,0
TX000011930,123789,2026-04-13 12:43:33,large_chest,19.99,1800,0
TX000011503,136057,2026-04-13 12:45:45,starter_pouch,1.99,120,0
TX000007191,142710,2026-04-13 12:47:46,medium_chest,9.99,800,0
TX000002427,157837,2026-04-13 12:49:07,small_pouch,4.99,350,0
TX000008209,122109,2026-04-13 12:54:11,small_pouch,4.99,350,0
TX000012888,138074,2026-04-13 12:59:57,vault,49.99,5000,0
TX000014018,162470,2026-04-13 13:37:14,small_pouch,4.99,350,0
TX000001345,176918,2026-04-13 13:38:59,large_chest,19.99,1800,0
TX000015233,124608,2026-04-13 13:40:28,starter_pouch,1.99,120,0
TX000003600,151227,2026-04-13 13:40:38,vault,49.99,5000,0
TX000001963,179606,2026-04-13 13:45:47,starter_pouch,1.99,120,0
TX000001047,163475,2026-04-13 13:50:44,small_pouch,4.99,350,0
TX000008879,158155,2026-04-13 13:58:10,starter_pouch,1.99,120,0
TX000012948,175324,2026-04-13 14:05:37,large_chest,19.99,1800,0
TX000006206,143540,2026-04-13 14:18:43,starter_pouch,1.99,120,0
TX000003149,134102,2026-04-13 14:19:56,small_pouch,4.99,350,0
TX000002826,142431,2026-04-13 14:22:58,small_pouch,4.99,350,0
TX000013788,105358,2026-04-13 14:41:32,medium_chest,9.99,800,0
TX000002967,137574,2026-04-13 15:04:31,starter_pouch,1.99,120,0
TX000012136,107351,2026-04-13 15:05:10,mega_vault,99.99,11000,0
TX000013532,171528,2026-04-13 15:09:01,medium_chest,9.99,800,0
TX000007666,137142,2026-04-13 15:12:10,small_pouch,4.99,350,0
TX000012070,115273,2026-04-13 15:23:03,starter_pouch,-1.99,-120,1
TX000006317,172889,2026-04-13 15:31:24,small_pouch,4.99,350,0
TX000008644,147188,2026-04-13 15:43:11,starter_pouch,1.99,120,0
TX000010173,109900,2026-04-13 15:48:38,small_pouch,4.99,350,0
TX000005206,131483,2026-04-13 15:51:10,small_pouch,4.99,350,0
TX000003413,156220,2026-04-13 15:54:06,small_pouch,4.99,350,0
TX000006215,159862,2026-04-13 15:56:55,large_chest,19.99,1800,0
TX000009392,121944,2026-04-13 16:01:21,large_chest,19.99,1800,0
TX000010203,146611,2026-04-13 16:10:42,large_chest,19.99,1800,0
TX000003251,132364,2026-04-13 16:20:06,medium_chest,9.99,800,0
TX000003147,113037,2026-04-13 16:23:29,large_chest,19.99,1800,0
TX000013696,106587,2026-04-13 16:39:26,large_chest,-19.99,-1800,1
TX000007765,163194,2026-04-13 16:42:02,small_pouch,4.99,350,0
TX000004282,104714,2026-04-13 16:43:48,starter_pouch,1.99,120,0
TX000014398,150396,2026-04-13 16:46:06,large_chest,19.99,1800,0
TX000004835,152714,2026-04-13 16:46:08,large_chest,19.99,1800,0
TX000006625,114194,2026-04-13 16:49:12,small_pouch,4.99,350,0
TX000001706,110992,2026-04-13 16:50:23,vault,49.99,5000,0
TX000008939,111333,2026-04-13 17:05:22,starter_pouch,1.99,120,0
TX000003279,105019,2026-04-13 17:06:07,small_pouch,4.99,350,0
TX000008970,104406,2026-04-13 17:07:33,starter_pouch,1.99,120,0
TX000001445,149639,2026-04-13 17:08:30,small_pouch,4.99,350,0
TX000006000,148248,2026-04-13 17:09:59,medium_chest,9.99,800,0
TX000011809,111211,2026-04-13 17:10:52,small_pouch,4.99,350,0
TX000012700,118726,2026-04-13 17:12:36,mega_vault,99.99,11000,0
TX000003158,130128,2026-04-13 17:12:55,starter_pouch,1.99,120,0
TX000015207,178691,2026-04-13 17:20:30,small_pouch,4.99,350,0
TX000007688,147524,2026-04-13 17:23:00,medium_chest,9.99,800,0
TX000011662,156980,2026-04-13 17:31:23,large_chest,19.99,1800,0
TX000003339,128393,2026-04-13 17:35:27,starter_pouch,1.99,120,0
TX000014154,175768,2026-04-13 17:41:44,medium_chest,9.99,800,0
TX000003263,121197,2026-04-13 17:44:45,small_pouch,4.99,350,0
TX000001285,175713,2026-04-13 17:47:34,vault,49.99,5000,0
TX000004011,166824,2026-04-13 17:50:18,starter_pouch,1.99,120,0
TX000006652,171418,2026-04-13 17:51:20,large_chest,19.99,1800,0
TX000005181,118769,2026-04-13 17:51:38,medium_chest,9.99,800,0
TX000009807,101782,2026-04-13 17:53:45,starter_pouch,1.99,120,0
TX000003341,119054,2026-04-13 17:55:09,medium_chest,9.99,800,0
TX000014141,115703,2026-04-13 17:58:49,starter_pouch,1.99,120,0
TX000012838,161314,2026-04-13 18:00:27,mega_vault,99.99,11000,0
TX000011129,154638,2026-04-13 18:07:07,starter_pouch,1.99,120,0
TX000011640,100644,2026-04-13 18:07:53,mega_vault,99.99,11000,0
TX000007415,134531,2026-04-13 18:12:58,large_chest,19.99,1800,0
TX000010050,131105,2026-04-13 18:13:25,starter_pouch,1.99,120,0
TX000009718,136386,2026-04-13 18:14:56,starter_pouch,1.99,120,0
TX000009173,168879,2026-04-13 18:16:28,large_chest,19.99,1800,0
TX000004874,176441,2026-04-13 18:34:44,starter_pouch,1.99,120,0
TX000013311,166086,2026-04-13 18:35:03,starter_pouch,1.99,120,0
TX000002785,148121,2026-04-13 18:41:09,large_chest,19.99,1800,0
TX000002444,132986,2026-04-13 18:42:39,vault,49.99,5000,0
TX000006567,158204,2026-04-13 18:42:51,starter_pouch,1.99,120,0
TX000014154,175768,2026-04-13 18:46:14,medium_chest,9.99,800,0
TX000005519,119238,2026-04-13 18:51:25,large_chest,19.99,1800,0
TX000003384,172679,2026-04-13 18:53:50,starter_pouch,1.99,120,0
TX000004709,121941,2026-04-13 18:55:51,small_pouch,4.99,350,0
TX000005255,174456,2026-04-13 19:00:03,large_chest,19.99,1800,0
TX000008918,103201,2026-04-13 19:03:46,small_pouch,4.99,350,0
TX000006027,167099,2026-04-13 19:16:02,small_pouch,4.99,350,0
TX000000050,141869,2026-04-13 19:19:38,medium_chest,9.99,800,0
TX000012780,143701,2026-04-13 19:27:27,starter_pouch,1.99,120,0
TX000009880,174666,2026-04-13 19:28:37,small_pouch,4.99,350,0
TX000004762,117049,2026-04-13 19:30:03,mega_vault,99.99,11000,0
TX000010427,161695,2026-04-13 19:31:25,small_pouch,4.99,350,0
TX000009540,157314,2026-04-13 19:33:34,small_pouch,4.99,350,0
TX000001498,121226,2026-04-13 19:35:09,starter_pouch,1.99,120,0
TX000005149,149860,2026-04-13 19:36:22,small_pouch,4.99,350,0
TX000009328,165591,2026-04-13 19:43:59,small_pouch,4.99,350,0
TX000004352,134132,2026-04-13 19:50:02,small_pouch,4.99,350,0
TX000004460,178179,2026-04-13 19:52:42,small_pouch,4.99,350,0
TX000012077,106501,2026-04-13 19:54:50,small_pouch,4.99,350,0
TX000006217,112112,2026-04-13 19:57:24,starter_pouch,1.99,120,0
TX000003602,121025,2026-04-13 20:02:24,medium_chest,9.99,800,0
TX000003283,160423,2026-04-13 20:02:41,starter_pouch,1.99,120,0
TX000009407,155611,2026-04-13 20:05:07,medium_chest,9.99,800,0
TX000008520,142399,2026-04-13 20:09:04,starter_pouch,1.99,120,0
TX000002688,172965,2026-04-13 20:09:23,medium_chest,9.99,800,0
TX000012296,131845,2026-04-13 20:13:12,large_chest,19.99,1800,0
TX000010120,142176,2026-04-13 20:15:32,small_pouch,4.99,350,0
TX000004908,144447,2026-04-13 20:16:52,vault,49.99,5000,0
TX000013663,133258,2026-04-13 20:18:53,medium_chest,9.99,800,0
TX000001687,178952,2026-04-13 20:26:11,small_pouch,4.99,350,0
TX000014076,173928,2026-04-13 20:26:56,vault,49.99,5000,0
TX000011878,137963,2026-04-13 20:32:45,small_pouch,4.99,350,0
TX000014006,115678,2026-04-13 20:32:51,small_pouch,4.99,350,0
TX000000928,158999,2026-04-13 20:33:02,medium_chest,9.99,800,0
TX000001625,138387,2026-04-13 20:34:36,starter_pouch,1.99,120,0
TX000005290,138129,2026-04-13 20:41:08,small_pouch,4.99,350,0
TX000011945,152813,2026-04-13 20:41:29,small_pouch,4.99,350,0
TX000013867,105519,2026-04-13 20:47:33,vault,49.99,5000,0
TX000011916,168188,2026-04-13 20:50:26,large_chest,19.99,1800,0
TX000013658,153992,2026-04-13 20:52:39,starter_pouch,1.99,120,0
TX000003657,105153,2026-04-13 21:02:04,starter_pouch,1.99,120,0
TX000005124,100209,2026-04-13 21:12:40,large_chest,19.99,1800,0
TX000014792,169188,2026-04-13 21:16:54,small_pouch,4.99,350,0
TX000009147,172304,2026-04-13 21:17:07,medium_chest,9.99,800,0
TX000008276,130710,2026-04-13 21:18:40,vault,49.99,5000,0
TX000003015,160939,2026-04-13 21:25:04,small_pouch,4.99,350,0
TX000013773,124666,2026-04-13 21:28:50,medium_chest,9.99,800,0
TX000012963,164159,2026-04-13 21:43:22,starter_pouch,1.99,120,0
TX000003855,115925,2026-04-13 21:43:23,medium_chest,9.99,800,0
TX000000837,112731,2026-04-13 21:48:12,small_pouch,4.99,350,0
TX000002253,125167,2026-04-13 22:15:59,vault,49.99,5000,0
TX000009162,159940,2026-04-13 22:17:15,starter_pouch,1.99,120,0
TX000002326,150490,2026-04-13 22:18:42,mega_vault,99.99,11000,0
TX000014422,100351,2026-04-13 22:27:41,large_chest,19.99,1800,0
TX000001351,130610,2026-04-13 22:32:25,starter_pouch,1.99,120,0
TX000008163,160421,2026-04-13 22:35:09,starter_pouch,1.99,120,0
TX000001365,120149,2026-04-13 22:44:30,medium_chest,9.99,800,0
TX000000890,139892,2026-04-13 22:46:30,medium_chest,9.99,800,0
TX000011776,140910,2026-04-13 22:53:29,medium_chest,9.99,800,0
TX000007097,106784,2026-04-13 23:07:06,medium_chest,9.99,800,0
TX000004439,147205,2026-04-13 23:19:48,starter_pouch,1.99,120,0
TX000011815,178480,2026-04-13 23:24:54,small_pouch,4.99,350,0
TX000006235,164699,2026-04-13 23:29:01,medium_chest,9.99,800,0
TX000000291,156580,2026-04-13 23:33:19,starter_pouch,1.99,120,0
TX000007016,167128,2026-04-13 23:59:56,starter_pouch,1.99,120,0
TX000009112,170838,2026-04-13 23:59:56,small_pouch,4.99,350,0
TX000010813,108281,2026-04-13 23:59:56,mega_vault,99.99,11000,0
TX000008199,117703,2026-04-13 23:59:56,vault,49.99,5000,0
TX000010851,105555,2026-04-13 23:59:56,large_chest,19.99,1800,0
TX000003154,151130,2026-04-14 06:03:42,starter_pouch,1.99,120,0
TX000008451,106482,2026-04-14 06:32:02,starter_pouch,1.99,120,0
TX000006811,163000,2026-04-14 06:35:21,starter_pouch,1.99,120,0
TX000001752,114098,2026-04-14 06:39:24,medium_chest,9.99,800,0
TX000009137,160110,2026-04-14 06:44:02,starter_pouch,1.99,120,0
TX000002101,146367,2026-04-14 06:51:00,small_pouch,4.99,350,0
TX000003842,121750,2026-04-14 07:16:30,medium_chest,9.99,800,0
TX000002490,117246,2026-04-14 07:37:09,starter_pouch,1.99,120,0
TX000000429,146490,2026-04-14 08:00:15,starter_pouch,1.99,120,0
TX000007083,172572,2026-04-14 08:05:18,mega_vault,99.99,11000,0
TX000011498,140402,2026-04-14 08:30:14,small_pouch,4.99,350,0
TX000005249,114770,2026-04-14 08:42:40,medium_chest,9.99,800,0
TX000000491,152160,2026-04-14 08:48:35,small_pouch,4.99,350,0
TX000008859,102401,2026-04-14 08:49:50,large_chest,19.99,1800,0
TX000007224,102736,2026-04-14 08:53:05,starter_pouch,1.99,120,0
TX000012056,123073,2026-04-14 08:55:41,small_pouch,4.99,350,0
TX000001579,122864,2026-04-14 09:02:03,medium_chest,9.99,800,0
TX000003380,124693,2026-04-14 09:04:41,large_chest,19.99,1800,0
TX000010268,110423,2026-04-14 09:07:31,small_pouch,4.99,350,0
TX000012907,104406,2026-04-14 09:40:54,mega_vault,99.99,11000,0
TX000013918,119868,2026-04-14 09:42:12,starter_pouch,1.99,120,0
TX000014074,135613,2026-04-14 09:48:22,starter_pouch,1.99,120,0
TX000015062,171170,2026-04-14 09:48:57,large_chest,19.99,1800,0
TX000000806,160939,2026-04-14 10:05:59,large_chest,-19.99,-1800,0
TX000013818,119496,2026-04-14 10:15:26,starter_pouch,1.99,120,0
TX000011895,151238,2026-04-14 10:18:03,starter_pouch,1.99,120,0
TX000002654,174244,2026-04-14 10:21:31,starter_pouch,1.99,120,0
TX000008738,163614,2026-04-14 10:58:49,medium_chest,-9.99,-800,1
TX000001060,145468,2026-04-14 11:05:22,starter_pouch,1.99,120,0
TX000008593,150386,2026-04-14 11:05:28,starter_pouch,1.99,120,0
TX000011879,134245,2026-04-14 11:06:53,starter_pouch,1.99,120,0
TX000001588,138693,2026-04-14 11:22:20,starter_pouch,1.99,120,0
TX000007241,178985,2026-04-14 11:32:09,small_pouch,4.99,350,0
TX000008961,125608,2026-04-14 11:46:52,starter_pouch,1.99,120,0
TX000010787,177746,2026-04-14 11:48:50,medium_chest,9.99,800,0
TX000003523,129190,2026-04-14 11:58:03,medium_chest,9.99,800,0
TX000005642,101744,2026-04-14 12:02:10,starter_pouch,1.99,120,0
TX000014493,104199,2026-04-14 12:20:00,large_chest,19.99,1800,0
TX000002216,156565,2026-04-14 12:35:04,starter_pouch,1.99,120,0
TX000014668,118122,2026-04-14 12:39:02,starter_pouch,1.99,120,0
TX000006605,126128,2026-04-14 12:50:23,small_pouch,4.99,350,0
TX000007980,148949,2026-04-14 12:51:13,small_pouch,4.99,350,0
TX000001632,145856,2026-04-14 12:55:44,medium_chest,9.99,800,0
TX000013917,118292,2026-04-14 12:57:58,medium_chest,9.99,800,0
TX000009298,108814,2026-04-14 13:04:58,medium_chest,9.99,800,0
TX000011140,100514,2026-04-14 13:19:39,small_pouch,4.99,350,0
TX000014087,117604,2026-04-14 13:20:33,large_chest,19.99,1800,0
TX000014249,175108,2026-04-14 13:39:35,small_pouch,4.99,350,0
TX000001764,174567,2026-04-14 14:23:21,small_pouch,4.99,350,0
TX000010478,122304,2026-04-14 14:34:13,large_chest,19.99,1800,0
TX000002788,161026,2026-04-14 14:37:01,small_pouch,4.99,350,0
TX000013798,113311,2026-04-14 14:39:44,small_pouch,4.99,350,0
TX000006633,130516,2026-04-14 14:41:28,small_pouch,4.99,350,0
TX000000494,143596,2026-04-14 14:49:03,large_chest,19.99,1800,0
TX000010869,140406,2026-04-14 14:50:05,large_chest,19.99,1800,0
TX000003496,115754,2026-04-14 14:56:24,starter_pouch,1.99,120,0
TX000007903,179197,2026-04-14 15:01:37,starter_pouch,1.99,120,0
TX000000925,125186,2026-04-14 15:12:41,small_pouch,4.99,350,0
TX000015039,106956,2026-04-14 15:18:54,starter_pouch,1.99,120,0
TX000001006,162597,2026-04-14 15:22:40,large_chest,19.99,1800,0
TX000011642,127334,2026-04-14 15:26:24,large_chest,19.99,1800,0
TX000007640,135332,2026-04-14 15:28:46,starter_pouch,1.99,120,0
TX000003277,105699,2026-04-14 15:53:55,medium_chest,9.99,800,0
TX000001866,158757,2026-04-14 16:03:44,medium_chest,9.99,800,0
TX000012373,144403,2026-04-14 16:07:54,starter_pouch,1.99,120,0
TX000009049,119219,2026-04-14 16:08:53,small_pouch,4.99,350,0
TX000008234,174751,2026-04-14 16:15:30,small_pouch,4.99,350,0
TX000003220,109610,2026-04-14 16:17:48,vault,49.99,5000,0
TX000005905,135882,2026-04-14 16:30:31,small_pouch,4.99,350,0
TX000001075,139898,2026-04-14 16:31:55,starter_pouch,1.99,120,0
TX000003098,170770,2026-04-14 16:33:22,small_pouch,4.99,350,0
TX000009938,134154,2026-04-14 16:45:31,starter_pouch,1.99,120,0
TX000009944,114196,2026-04-14 16:46:44,vault,49.99,5000,0
TX000005834,141101,2026-04-14 16:46:59,vault,49.99,5000,0
TX000008031,140095,2026-04-14 16:48:31,starter_pouch,1.99,120,0
TX000012437,174640,2026-04-14 16:58:41,medium_chest,9.99,800,0
TX000013433,169627,2026-04-14 17:04:31,starter_pouch,1.99,120,0
TX000000576,125859,2026-04-14 17:07:35,starter_pouch,1.99,120,0
TX000000583,166566,2026-04-14 17:14:43,large_chest,19.99,1800,0
TX000012718,149677,2026-04-14 17:16:01,starter_pouch,1.99,120,0
TX000011314,100564,2026-04-14 17:18:07,starter_pouch,1.99,120,0
TX000014277,109487,2026-04-14 17:25:53,large_chest,19.99,1800,0
TX000004126,104204,2026-04-14 17:27:44,small_pouch,4.99,350,0
TX000013944,155630,2026-04-14 17:29:34,starter_pouch,1.99,120,0
TX000003105,171939,2026-04-14 17:29:34,vault,49.99,5000,0
TX000006466,142934,2026-04-14 17:30:32,starter_pouch,1.99,120,0
TX000005339,153897,2026-04-14 17:31:38,small_pouch,4.99,350,0
TX000014878,112248,2026-04-14 17:36:35,medium_chest,9.99,800,0
TX000013045,170089,2026-04-14 17:37:35,starter_pouch,1.99,120,0
TX000010915,104254,2026-04-14 17:38:51,small_pouch,4.99,350,0
TX000007849,137517,2026-04-14 17:39:22,vault,49.99,5000,0
TX000000442,174730,2026-04-14 17:40:26,small_pouch,4.99,350,0
TX000001651,112328,2026-04-14 17:41:19,starter_pouch,1.99,120,0
TX000002731,176530,2026-04-14 17:43:15,starter_pouch,1.99,120,0
TX000006313,122538,2026-04-14 17:44:21,small_pouch,4.99,350,0
TX000005156,100880,2026-04-14 17:45:06,small_pouch,4.99,350,0
TX000002390,155571,2026-04-14 17:45:29,small_pouch,4.99,350,0
TX000007045,102857,2026-04-14 17:49:01,small_pouch,4.99,350,0
TX000011313,117862,2026-04-14 17:59:06,large_chest,19.99,1800,0
TX000004246,125923,2026-04-14 18:00:53,vault,49.99,5000,0
TX000013641,113773,2026-04-14 18:02:00,large_chest,19.99,1800,0
TX000012625,110761,2026-04-14 18:02:17,starter_pouch,1.99,120,0
TX000011247,140711,2026-04-14 18:04:20,small_pouch,4.99,350,0
TX000012385,149384,2026-04-14 18:04:20,large_chest,19.99,1800,0
TX000001516,110405,2026-04-14 18:05:14,mega_vault,99.99,11000,0
TX000007668,170269,2026-04-14 18:07:00,starter_pouch,1.99,120,0
TX000014506,170787,2026-04-14 18:10:51,medium_chest,9.99,800,0
TX000002016,163151,2026-04-14 18:11:56,starter_pouch,1.99,120,0
TX000007240,169273,2026-04-14 18:21:31,starter_pouch,1.99,120,0
TX000006454,148103,2026-04-14 18:28:08,large_chest,19.99,1800,0
TX000011420,109510,2026-04-14 18:30:39,vault,49.99,5000,0
TX000005116,160023,2026-04-14 18:32:49,small_pouch,4.99,350,0
TX000015258,136418,2026-04-14 18:54:52,vault,49.99,5000,0
TX000013806,148871,2026-04-14 18:55:50,large_chest,19.99,1800,0
TX000014040,175867,2026-04-14 18:57:27,large_chest,19.99,1800,0
TX000005035,110602,2026-04-14 18:58:41,medium_chest,9.99,800,0
TX000003363,110801,2026-04-14 18:59:31,small_pouch,4.99,350,0
TX000010574,115848,2026-04-14 19:00:52,large_chest,19.99,1800,0
TX000012436,142716,2026-04-14 19:06:18,medium_chest,9.99,800,0
TX000005832,151901,2026-04-14 19:10:35,small_pouch,4.99,350,0
TX000008670,100344,2026-04-14 19:15:35,medium_chest,9.99,800,0
TX000014436,168245,2026-04-14 19:15:59,large_chest,19.99,1800,0
TX000006402,113582,2026-04-14 19:17:48,medium_chest,9.99,800,0
TX000007182,152219,2026-04-14 19:34:28,small_pouch,4.99,350,0
TX000009354,171174,2026-04-14 19:37:50,large_chest,19.99,1800,0
TX000014511,152109,2026-04-14 19:41:40,starter_pouch,1.99,120,0
TX000007027,161261,2026-04-14 19:43:01,small_pouch,4.99,350,0
TX000012127,107661,2026-04-14 19:45:34,starter_pouch,1.99,120,0
TX000014348,115229,2026-04-14 19:46:07,starter_pouch,1.99,120,0
TX000002170,148908,2026-04-14 19:51:02,starter_pouch,1.99,120,0
TX000013181,116333,2026-04-14 19:53:10,mega_vault,99.99,11000,0
TX000010774,148570,2026-04-14 19:53:42,starter_pouch,1.99,120,0
TX000008796,153326,2026-04-14 19:56:56,small_pouch,4.99,350,0
TX000013250,151975,2026-04-14 19:58:59,medium_chest,9.99,800,0
TX000008957,179324,2026-04-14 20:01:39,medium_chest,9.99,800,0
TX000001482,144872,2026-04-14 20:03:26,starter_pouch,1.99,120,0
TX000012113,176444,2026-04-14 20:04:46,vault,49.99,5000,0
TX000012286,152734,2026-04-14 20:07:05,mega_vault,99.99,11000,0
TX000000349,159102,2026-04-14 20:12:09,large_chest,19.99,1800,0
TX000008279,126522,2026-04-14 20:14:21,vault,49.99,5000,0
TX000013328,109590,2026-04-14 20:14:43,small_pouch,4.99,350,0
TX000009591,178800,2026-04-14 20:16:57,large_chest,19.99,1800,0
TX000004235,151333,2026-04-14 20:17:44,small_pouch,4.99,350,0
TX000002019,118735,2026-04-14 20:18:48,small_pouch,4.99,350,0
TX000008530,123366,2026-04-14 20:21:53,starter_pouch,1.99,120,0
TX000011009,102322,2026-04-14 20:26:26,medium_chest,9.99,800,0
TX000013556,126838,2026-04-14 20:26:52,starter_pouch,1.99,120,0
TX000010657,148798,2026-04-14 20:31:51,small_pouch,-4.99,-350,1
TX000000331,146183,2026-04-14 20:35:06,medium_chest,9.99,800,0
TX000000508,102987,2026-04-14 20:40:37,starter_pouch,1.99,120,0
TX000000055,167717,2026-04-14 20:41:15,starter_pouch,1.99,120,0
TX000007011,168306,2026-04-14 20:41:37,vault,49.99,5000,0
TX000007230,160153,2026-04-14 20:46:11,small_pouch,4.99,350,0
TX000001079,141661,2026-04-14 20:48:04,small_pouch,4.99,350,0
TX000012525,121436,2026-04-14 20:49:03,vault,49.99,5000,0
TX000006945,135898,2026-04-14 20:52:27,starter_pouch,1.99,120,0
TX000000041,117137,2026-04-14 20:57:13,medium_chest,9.99,800,0
TX000004398,131505,2026-04-14 20:58:47,mega_vault,99.99,11000,0
TX000011012,154931,2026-04-14 20:59:01,small_pouch,4.99,350,0
TX000001771,145958,2026-04-14 20:59:27,mega_vault,99.99,11000,0
TX000008120,152531,2026-04-14 21:04:22,starter_pouch,1.99,120,0
TX000010567,146560,2026-04-14 21:09:40,large_chest,19.99,1800,0
TX000010852,104330,2026-04-14 21:16:26,starter_pouch,1.99,120,0
TX000003964,155799,2026-04-14 21:26:09,vault,49.99,5000,0
TX000014786,142528,2026-04-14 21:27:14,medium_chest,9.99,800,0
TX000012637,147244,2026-04-14 21:30:48,large_chest,19.99,1800,0
TX000006906,117151,2026-04-14 21:31:12,medium_chest,9.99,800,0
TX000007786,137292,2026-04-14 21:34:12,large_chest,19.99,1800,0
TX000011235,163194,2026-04-14 21:38:01,large_chest,19.99,1800,0
TX000004876,106476,2026-04-14 21:39:28,starter_pouch,1.99,120,0
TX000005864,156517,2026-04-14 21:41:07,vault,49.99,5000,0
TX000000034,158066,2026-04-14 21:51:49,small_pouch,4.99,350,0
TX000007702,146060,2026-04-14 21:57:26,starter_pouch,1.99,120,0
TX000005672,115292,2026-04-14 22:11:50,large_chest,19.99,1800,0
TX000002220,150497,2026-04-14 22:12:24,starter_pouch,1.99,120,0
TX000006780,140458,2026-04-14 22:13:55,starter_pouch,1.99,120,0
TX000012055,141492,2026-04-14 22:26:49,small_pouch,4.99,350,0
TX000000480,112179,2026-04-14 22:30:10,medium_chest,9.99,800,0
TX000014533,148473,2026-04-14 22:32:45,medium_chest,9.99,800,0
TX000000406,143010,2026-04-14 22:39:32,starter_pouch,1.99,120,0
TX000007862,177476,2026-04-14 22:45:02,small_pouch,4.99,350,0
TX000010494,109117,2026-04-14 22:47:13,medium_chest,9.99,800,0
TX000000564,138638,2026-04-14 22:47:38,starter_pouch,1.99,120,0
TX000009703,139384,2026-04-14 22:58:46,starter_pouch,1.99,120,0
TX000010479,125968,2026-04-14 23:22:09,small_pouch,4.99,350,0
TX000004759,124860,2026-04-14 23:30:19,medium_chest,9.99,800,0
TX000010592,144501,2026-04-14 23:51:41,medium_chest,9.99,800,0
TX000011074,127112,2026-04-14 23:59:56,vault,49.99,5000,0
TX000003831,107223,2026-04-15 06:04:58,medium_chest,9.99,800,0
TX000012257,173273,2026-04-15 06:08:27,large_chest,19.99,1800,0
TX000010189,172654,2026-04-15 06:15:52,starter_pouch,1.99,120,0
TX000002559,106292,2026-04-15 06:20:42,small_pouch,4.99,350,0
TX000002771,126991,2026-04-15 06:21:54,medium_chest,9.99,800,0
TX000001690,125923,2026-04-15 06:22:49,large_chest,19.99,1800,0
TX000002970,104248,2026-04-15 06:41:05,medium_chest,9.99,800,0
TX000010285,106168,2026-04-15 06:48:57,starter_pouch,1.99,120,0
TX000004914,152160,2026-04-15 06:54:01,small_pouch,4.99,350,0
TX000007297,168316,2026-04-15 06:56:39,medium_chest,9.99,800,0
TX000000383,152562,2026-04-15 06:59:45,small_pouch,4.99,350,0
TX000003898,173227,2026-04-15 07:07:22,medium_chest,9.99,800,0
TX000013341,121833,2026-04-15 07:29:02,starter_pouch,1.99,120,0
TX000000977,165733,2026-04-15 07:43:23,medium_chest,9.99,800,0
TX000009116,155799,2026-04-15 07:49:18,medium_chest,9.99,800,0
TX000001353,112066,2026-04-15 07:54:27,small_pouch,4.99,350,0
TX000002599,140119,2026-04-15 08:01:43,large_chest,19.99,1800,0
TX000000596,173266,2026-04-15 08:07:27,starter_pouch,1.99,120,0
TX000009531,129173,2026-04-15 08:20:41,small_pouch,4.99,350,0
TX000000493,161629,2026-04-15 08:26:17,medium_chest,9.99,800,0
TX000011102,170965,2026-04-15 08:40:46,medium_chest,9.99,800,0
TX000003636,144304,2026-04-15 08:51:50,small_pouch,4.99,350,0
TX000011718,131285,2026-04-15 08:53:55,medium_chest,9.99,800,0
TX000010243,123115,2026-04-15 08:55:25,vault,49.99,5000,0
TX000002540,170426,2026-04-15 09:40:32,small_pouch,4.99,350,0
TX000015115,142839,2026-04-15 09:43:06,starter_pouch,1.99,120,0
TX000008098,179436,2026-04-15 09:47:58,small_pouch,4.99,350,0
TX000014984,174524,2026-04-15 09:50:20,starter_pouch,1.99,120,0
TX000011799,114875,2026-04-15 10:00:04,small_pouch,4.99,350,0
TX000012639,134106,2026-04-15 10:05:52,starter_pouch,1.99,120,0
TX000002204,110418,2026-04-15 10:07:34,large_chest,19.99,1800,0
TX000002310,156305,2026-04-15 10:16:46,starter_pouch,1.99,120,0
TX000002566,157122,2026-04-15 10:21:56,starter_pouch,1.99,120,0
TX000010637,169026,2026-04-15 10:44:08,medium_chest,9.99,800,0
TX000001973,141411,2026-04-15 10:49:17,small_pouch,4.99,350,0
TX000008480,142489,2026-04-15 10:53:59,medium_chest,9.99,800,0
TX000013695,118218,2026-04-15 10:54:01,starter_pouch,1.99,120,0
TX000009400,147654,2026-04-15 11:01:48,starter_pouch,1.99,120,0
TX000000193,174347,2026-04-15 11:36:58,large_chest,19.99,1800,0
TX000008931,154722,2026-04-15 11:57:00,vault,49.99,5000,0
TX000008944,102098,2026-04-15 11:58:45,starter_pouch,1.99,120,0
TX000014309,163993,2026-04-15 12:10:13,starter_pouch,1.99,120,0
TX000002237,129323,2026-04-15 12:10:21,small_pouch,4.99,350,0
TX000008906,126841,2026-04-15 12:29:59,medium_chest,9.99,800,0
TX000014624,114855,2026-04-15 12:34:25,small_pouch,4.99,350,0
TX000007294,134946,2026-04-15 12:44:44,large_chest,19.99,1800,0
TX000012793,138823,2026-04-15 12:47:45,medium_chest,9.99,800,0
TX000014732,112392,2026-04-15 13:12:44,starter_pouch,1.99,120,0
TX000013164,173850,2026-04-15 13:21:05,vault,49.99,5000,0
TX000008896,109107,2026-04-15 13:47:18,small_pouch,4.99,350,0
TX000004332,134420,2026-04-15 14:25:17,vault,49.99,5000,0
TX000011110,128622,2026-04-15 14:28:07,starter_pouch,1.99,120,0
TX000012458,174858,2026-04-15 14:28:26,medium_chest,9.99,800,0
TX000003765,113808,2026-04-15 14:44:46,starter_pouch,1.99,120,0
TX000000833,159477,2026-04-15 14:46:35,starter_pouch,1.99,120,0
TX000000359,117478,2026-04-15 14:57:33,small_pouch,4.99,350,0
TX000006758,108923,2026-04-15 14:57:43,medium_chest,9.99,800,0
TX000011349,105355,2026-04-15 15:02:21,vault,49.99,5000,0
TX000011609,164762,2026-04-15 15:09:35,medium_chest,9.99,800,0
TX000006742,135265,2026-04-15 15:31:29,small_pouch,4.99,350,0
TX000005721,170238,2026-04-15 15:38:24,starter_pouch,1.99,120,0
TX000004216,177919,2026-04-15 15:44:01,starter_pouch,1.99,120,0
TX000013352,103333,2026-04-15 15:46:27,medium_chest,9.99,800,0
TX000002071,164440,2026-04-15 15:48:37,medium_chest,9.99,800,0
TX000007881,105392,2026-04-15 15:58:42,small_pouch,4.99,350,0
TX000004732,166633,2026-04-15 16:03:58,small_pouch,4.99,350,0
TX000000937,159453,2026-04-15 16:08:04,medium_chest,9.99,800,0
TX000013498,118229,2026-04-15 16:15:47,medium_chest,9.99,800,0
TX000015014,147130,2026-04-15 16:16:05,vault,49.99,5000,0
TX000003406,107265,2026-04-15 16:19:05,small_pouch,4.99,350,0
TX000015004,174632,2026-04-15 16:19:36,starter_pouch,1.99,120,0
TX000009694,108891,2026-04-15 16:20:07,small_pouch,4.99,350,0
TX000010326,112992,2026-04-15 16:27:25,medium_chest,9.99,800,0
TX000001027,164936,2026-04-15 16:32:18,starter_pouch,1.99,120,0
TX000010296,114340,2026-04-15 16:32:37,vault,49.99,5000,0
TX000012509,111992,2026-04-15 16:39:49,small_pouch,4.99,350,0
TX000011273,139778,2026-04-15 16:45:27,large_chest,19.99,1800,0
TX000011893,136209,2026-04-15 16:57:12,starter_pouch,1.99,120,0
TX000011117,179661,2026-04-15 17:00:56,small_pouch,4.99,350,0
TX000011205,173168,2026-04-15 17:00:57,medium_chest,9.99,800,0
TX000002229,162950,2026-04-15 17:02:10,small_pouch,4.99,350,0
TX000004671,176938,2026-04-15 17:07:15,starter_pouch,1.99,120,0
TX000008833,125777,2026-04-15 17:08:08,medium_chest,9.99,800,0
TX000004502,120676,2026-04-15 17:11:28,vault,49.99,5000,0
TX000014282,100765,2026-04-15 17:15:00,vault,49.99,5000,0
TX000004952,172457,2026-04-15 17:17:49,starter_pouch,1.99,120,0
TX000000622,115834,2026-04-15 17:20:22,medium_chest,9.99,800,0
TX000006653,157027,2026-04-15 17:21:14,medium_chest,9.99,800,0
TX000012510,111534,2026-04-15 17:24:01,starter_pouch,1.99,120,0
TX000006661,157062,2026-04-15 17:26:56,large_chest,19.99,1800,0
TX000010873,143893,2026-04-15 17:33:19,large_chest,19.99,1800,0
TX000008602,173885,2026-04-15 17:36:26,medium_chest,9.99,800,0
TX000006174,117995,2026-04-15 17:36:50,starter_pouch,1.99,120,0
TX000004058,156373,2026-04-15 17:40:16,vault,49.99,5000,0
TX000002378,150653,2026-04-15 17:44:33,large_chest,19.99,1800,0
TX000013849,115292,2026-04-15 17:45:46,large_chest,-19.99,-1800,0
TX000004557,171126,2026-04-15 17:46:36,starter_pouch,1.99,120,0
TX000003295,122019,2026-04-15 17:48:56,mega_vault,99.99,11000,0
TX000008623,116354,2026-04-15 17:49:25,starter_pouch,1.99,120,0
TX000014105,158784,2026-04-15 17:52:12,starter_pouch,1.99,120,0
TX000012786,102824,2026-04-15 17:54:57,large_chest,19.99,1800,0
TX000011920,128476,2026-04-15 17:57:27,large_chest,19.99,1800,0
TX000010309,178016,2026-04-15 18:02:11,large_chest,19.99,1800,0
TX000004376,171354,2026-04-15 18:03:03,small_pouch,4.99,350,0
TX000002541,147286,2026-04-15 18:03:29,starter_pouch,1.99,120,0
TX000003895,136544,2026-04-15 18:05:23,starter_pouch,1.99,120,0
TX000008140,162412,2026-04-15 18:12:40,starter_pouch,1.99,120,0
TX000002541,147286,2026-04-15 18:19:25,starter_pouch,1.99,120,0
TX000002131,103386,2026-04-15 18:20:06,small_pouch,4.99,350,0
TX000010065,152391,2026-04-15 18:20:09,vault,49.99,5000,0
TX000011000,155619,2026-04-15 18:21:33,starter_pouch,1.99,120,0
TX000014297,126114,2026-04-15 18:25:34,small_pouch,4.99,350,0
TX000001502,164768,2026-04-15 18:35:54,large_chest,19.99,1800,0
TX000009057,141549,2026-04-15 18:44:15,large_chest,19.99,1800,0
TX000009682,129417,2026-04-15 18:50:10,starter_pouch,1.99,120,0
TX000013004,157566,2026-04-15 18:50:40,large_chest,19.99,1800,0
TX000002438,136917,2026-04-15 18:51:22,large_chest,19.99,1800,0
TX000003501,175413,2026-04-15 18:59:03,starter_pouch,1.99,120,0
TX000010286,119792,2026-04-15 19:07:38,starter_pouch,1.99,120,0
TX000000735,116379,2026-04-15 19:08:17,large_chest,19.99,1800,0
TX000007147,113866,2026-04-15 19:11:50,large_chest,19.99,1800,0
TX000015134,121817,2026-04-15 19:17:24,starter_pouch,1.99,120,0
TX000008913,101276,2026-04-15 19:20:54,medium_chest,9.99,800,0
TX000007294,134946,2026-04-15 19:36:33,large_chest,19.99,1800,0
TX000009073,171261,2026-04-15 19:43:41,small_pouch,4.99,350,0
TX000011913,135543,2026-04-15 19:47:28,medium_chest,9.99,800,0
TX000001494,180272,2026-04-15 19:51:51,starter_pouch,1.99,120,0
TX000001067,135141,2026-04-15 19:54:30,starter_pouch,1.99,120,0
TX000004670,107417,2026-04-15 19:56:51,medium_chest,9.99,800,0
TX000001118,135739,2026-04-15 20:06:04,starter_pouch,-1.99,-120,1
TX000003170,149659,2026-04-15 20:08:46,medium_chest,9.99,800,0
TX000004738,127726,2026-04-15 20:09:51,medium_chest,9.99,800,0
TX000006375,172512,2026-04-15 20:10:36,large_chest,19.99,1800,0
TX000010174,118757,2026-04-15 20:13:11,large_chest,19.99,1800,0
TX000003824,117078,2026-04-15 20:18:19,mega_vault,99.99,11000,0
TX000012793,138823,2026-04-15 20:18:45,medium_chest,9.99,800,0
TX000010311,169477,2026-04-15 20:23:58,small_pouch,4.99,350,0
TX000007498,111134,2026-04-15 20:25:01,medium_chest,9.99,800,0
TX000007663,141476,2026-04-15 20:26:48,small_pouch,4.99,350,0
TX000010793,125964,2026-04-15 20:29:28,small_pouch,4.99,350,0
TX000012042,178649,2026-04-15 20:29:35,small_pouch,4.99,350,0
TX000011827,123671,2026-04-15 20:34:46,medium_chest,9.99,800,0
TX000007159,171631,2026-04-15 20:35:03,small_pouch,4.99,350,0
TX000004290,131072,2026-04-15 20:35:36,starter_pouch,1.99,120,0
TX000013334,140315,2026-04-15 20:38:49,starter_pouch,1.99,120,0
TX000007521,179173,2026-04-15 20:39:23,small_pouch,4.99,350,0
TX000007031,145497,2026-04-15 20:40:35,medium_chest,9.99,800,0
TX000006723,116757,2026-04-15 20:51:46,starter_pouch,1.99,120,0
TX000007789,155016,2026-04-15 20:51:56,small_pouch,4.99,350,0
TX000008729,149360,2026-04-15 20:54:35,starter_pouch,1.99,120,0
TX000004678,162842,2026-04-15 21:04:27,vault,49.99,5000,0
TX000005471,177156,2026-04-15 21:04:38,medium_chest,9.99,800,0
TX000009512,162777,2026-04-15 21:04:39,medium_chest,9.99,800,0
TX000005241,118649,2026-04-15 21:05:17,starter_pouch,1.99,120,0
TX000001507,125144,2026-04-15 21:06:26,small_pouch,4.99,350,0
TX000011161,158113,2026-04-15 21:08:12,large_chest,19.99,1800,0
TX000011678,117472,2026-04-15 21:08:37,medium_chest,9.99,800,0
TX000006371,146676,2026-04-15 21:13:01,small_pouch,4.99,350,0
TX000007592,165153,2026-04-15 21:15:34,medium_chest,9.99,800,0
TX000011011,147827,2026-04-15 21:17:32,medium_chest,9.99,800,0
TX000008247,145129,2026-04-15 21:19:53,medium_chest,9.99,800,0
TX000005783,173315,2026-04-15 21:25:03,medium_chest,9.99,800,0
TX000005653,120503,2026-04-15 21:28:26,starter_pouch,1.99,120,0
TX000014596,164952,2026-04-15 21:28:59,small_pouch,4.99,350,0
TX000000482,133772,2026-04-15 21:43:07,starter_pouch,1.99,120,0
TX000009345,103363,2026-04-15 21:47:36,large_chest,19.99,1800,0
TX000002492,147251,2026-04-15 21:51:49,vault,49.99,5000,0
TX000005664,138501,2026-04-15 21:58:27,medium_chest,9.99,800,0
TX000006197,100784,2026-04-15 21:59:30,vault,49.99,5000,0
TX000000254,137724,2026-04-15 22:02:43,small_pouch,4.99,350,0
TX000003801,121768,2026-04-15 22:06:21,small_pouch,4.99,350,0
TX000007236,120012,2026-04-15 22:07:10,small_pouch,4.99,350,0
TX000012198,166952,2026-04-15 22:16:24,small_pouch,4.99,350,0
TX000001197,177134,2026-04-15 22:36:56,starter_pouch,1.99,120,0
TX000001779,128536,2026-04-15 22:51:20,medium_chest,9.99,800,0
TX000001644,109236,2026-04-15 22:53:49,small_pouch,4.99,350,0
TX000012915,129962,2026-04-15 23:00:30,small_pouch,4.99,350,0
TX000002304,118228,2026-04-15 23:02:41,medium_chest,9.99,800,0
TX000014179,115979,2026-04-15 23:08:17,starter_pouch,1.99,120,0
TX000011289,134389,2026-04-15 23:11:39,starter_pouch,1.99,120,0
TX000007403,169340,2026-04-15 23:18:25,starter_pouch,1.99,120,0
TX000005993,143274,2026-04-15 23:24:47,starter_pouch,1.99,120,0
TX000006394,138469,2026-04-15 23:47:46,small_pouch,4.99,350,0
TX000004170,129688,2026-04-15 23:49:53,starter_pouch,1.99,120,0
TX000007717,103920,2026-04-15 23:58:37,large_chest,19.99,1800,0
TX000012896,104467,2026-04-15 23:59:56,starter_pouch,1.99,120,0
TX000014207,128768,2026-04-15 23:59:56,vault,49.99,5000,0
TX000007009,145263,2026-04-15 23:59:56,starter_pouch,1.99,120,0
TX000013693,150949,2026-04-15 23:59:56,small_pouch,4.99,350,0
TX000002659,134820,2026-04-16 06:03:08,small_pouch,4.99,350,0
TX000009022,160534,2026-04-16 06:09:12,small_pouch,4.99,350,0
TX000002568,152987,2026-04-16 06:10:53,starter_pouch,1.99,120,0
TX000011052,157484,2026-04-16 06:14:06,vault,49.99,5000,0
TX000009584,141780,2026-04-16 06:18:59,small_pouch,4.99,350,0
TX000005966,134020,2026-04-16 06:19:48,starter_pouch,1.99,120,0
TX000006199,134945,2026-04-16 06:39:51,large_chest,19.99,1800,0
TX000000032,120970,2026-04-16 06:45:40,small_pouch,4.99,350,0
TX000011198,146920,2026-04-16 06:50:47,small_pouch,4.99,350,0
TX000011135,166422,2026-04-16 06:56:50,vault,49.99,5000,0
TX000012748,163046,2026-04-16 07:06:09,large_chest,19.99,1800,0
TX000013424,119148,2026-04-16 07:26:57,medium_chest,9.99,800,0
TX000006549,177591,2026-04-16 07:31:03,starter_pouch,1.99,120,0
TX000001216,105919,2026-04-16 07:47:44,small_pouch,4.99,350,0
TX000011320,149970,2026-04-16 07:55:42,medium_chest,9.99,800,0
TX000007361,110023,2026-04-16 07:57:41,small_pouch,4.99,350,0
TX000009387,165075,2026-04-16 08:12:26,small_pouch,4.99,350,0
TX000001433,174939,2026-04-16 08:22:39,small_pouch,4.99,350,0
TX000011405,111141,2026-04-16 08:34:24,medium_chest,9.99,800,0
TX000014635,169567,2026-04-16 08:36:51,starter_pouch,1.99,120,0
TX000000825,146198,2026-04-16 08:41:56,large_chest,19.99,1800,0
TX000010246,110278,2026-04-16 08:53:44,starter_pouch,1.99,120,0
TX000004902,132850,2026-04-16 09:21:25,starter_pouch,1.99,120,0
TX000006533,141327,2026-04-16 09:28:36,medium_chest,9.99,800,0
TX000001912,110405,2026-04-16 09:29:46,medium_chest,9.99,800,0
TX000004524,174011,2026-04-16 09:32:52,large_chest,19.99,1800,0
TX000000310,117399,2026-04-16 09:44:26,medium_chest,9.99,800,0
TX000001121,162983,2026-04-16 09:45:33,vault,49.99,5000,0
TX000008965,134752,2026-04-16 09:46:18,starter_pouch,1.99,120,0
TX000002638,117622,2026-04-16 09:47:05,vault,49.99,5000,0
TX000013298,163151,2026-04-16 09:48:06,mega_vault,99.99,11000,0
TX000014603,102052,2026-04-16 09:58:22,medium_chest,9.99,800,0
TX000008881,174912,2026-04-16 09:59:01,small_pouch,4.99,350,0
TX000004272,115503,2026-04-16 10:01:39,small_pouch,4.99,350,0
TX000002525,163553,2026-04-16 10:27:13,small_pouch,4.99,350,0
TX000015051,135360,2026-04-16 10:44:03,starter_pouch,1.99,120,0
TX000005887,115770,2026-04-16 10:56:41,mega_vault,99.99,11000,0
TX000000222,161765,2026-04-16 11:00:23,vault,49.99,5000,0
TX000014320,150396,2026-04-16 11:05:18,small_pouch,4.99,350,0
TX000009742,112607,2026-04-16 11:10:38,small_pouch,4.99,350,0
TX000013306,173365,2026-04-16 11:23:14,vault,49.99,5000,0
TX000005990,105776,2026-04-16 11:23:23,small_pouch,4.99,350,0
TX000009219,140702,2026-04-16 11:25:28,vault,49.99,5000,0
TX000009352,151113,2026-04-16 12:00:55,medium_chest,9.99,800,0
TX000003199,155744,2026-04-16 12:06:12,small_pouch,4.99,350,0
TX000011950,155683,2026-04-16 12:12:11,mega_vault,99.99,11000,0
TX000003456,106330,2026-04-16 12:25:01,medium_chest,9.99,800,0
TX000005182,122571,2026-04-16 12:38:45,small_pouch,4.99,350,0
TX000003427,169282,2026-04-16 13:04:08,starter_pouch,1.99,120,0
TX000010242,117553,2026-04-16 13:06:03,small_pouch,4.99,350,0
TX000001195,129641,2026-04-16 13:15:02,large_chest,19.99,1800,0
TX000013138,140417,2026-04-16 13:20:01,medium_chest,9.99,800,0
TX000003791,141888,2026-04-16 13:25:07,starter_pouch,1.99,120,0
TX000007265,103227,2026-04-16 13:39:38,vault,49.99,5000,0
TX000002658,126770,2026-04-16 13:45:41,small_pouch,4.99,350,0
TX000011754,107993,2026-04-16 14:00:59,medium_chest,9.99,800,0
TX000000301,148372,2026-04-16 14:01:37,starter_pouch,1.99,120,0
TX000001267,120676,2026-04-16 14:03:13,small_pouch,4.99,350,0
TX000006489,171001,2026-04-16 14:17:16,small_pouch,4.99,350,0
TX000008722,164159,2026-04-16 14:34:55,large_chest,19.99,1800,0
TX000000261,168753,2026-04-16 14:36:49,small_pouch,4.99,350,0
TX000000439,107966,2026-04-16 14:41:46,starter_pouch,1.99,120,0
TX000006968,179109,2026-04-16 14:56:19,starter_pouch,1.99,120,0
TX000011006,109863,2026-04-16 14:58:17,starter_pouch,1.99,120,0
TX000012261,119661,2026-04-16 15:09:58,small_pouch,4.99,350,0
TX000006332,138764,2026-04-16 15:28:40,starter_pouch,1.99,120,0
TX000014895,152040,2026-04-16 15:32:45,medium_chest,9.99,800,0
TX000015080,113572,2026-04-16 15:35:09,small_pouch,4.99,350,0
TX000010437,179849,2026-04-16 15:36:11,starter_pouch,1.99,120,0
TX000014966,175304,2026-04-16 15:42:52,starter_pouch,1.99,120,0
TX000013452,129624,2026-04-16 15:46:40,vault,49.99,5000,0
TX000001619,169062,2026-04-16 15:53:23,starter_pouch,1.99,120,0
TX000001208,125223,2026-04-16 15:54:01,small_pouch,4.99,350,0
TX000012374,145407,2026-04-16 15:55:50,small_pouch,4.99,350,0
TX000004153,108840,2026-04-16 16:13:45,medium_chest,9.99,800,0
TX000014325,128155,2026-04-16 16:22:34,starter_pouch,1.99,120,0
TX000002333,105802,2026-04-16 16:26:22,large_chest,19.99,1800,0
TX000009144,129046,2026-04-16 16:32:26,starter_pouch,1.99,120,0
TX000002184,127606,2026-04-16 16:35:26,starter_pouch,1.99,120,0
TX000014405,150437,2026-04-16 16:43:17,vault,49.99,5000,0
TX000002558,141462,2026-04-16 16:46:09,starter_pouch,1.99,120,0
TX000003530,179197,2026-04-16 16:47:30,starter_pouch,-1.99,-120,0
TX000010975,150823,2026-04-16 16:47:33,starter_pouch,1.99,120,0
TX000007137,136281,2026-04-16 16:54:35,starter_pouch,1.99,120,0
TX000008952,179815,2026-04-16 16:55:24,small_pouch,4.99,350,0
TX000011417,125995,2026-04-16 16:57:05,starter_pouch,1.99,120,0
TX000015118,116519,2026-04-16 17:01:23,medium_chest,9.99,800,0
TX000006198,170545,2026-04-16 17:11:24,vault,49.99,5000,0
TX000011822,179131,2026-04-16 17:12:48,small_pouch,4.99,350,0
TX000009592,127013,2026-04-16 17:16:08,small_pouch,4.99,350,0
TX000014979,169549,2026-04-16 17:16:52,small_pouch,4.99,350,0
TX000006947,140098,2026-04-16 17:17:04,small_pouch,4.99,350,0
TX000014139,134665,2026-04-16 17:32:12,starter_pouch,1.99,120,0
TX000000509,123718,2026-04-16 17:39:55,starter_pouch,1.99,120,0
TX000003443,161284,2026-04-16 17:42:42,large_chest,19.99,1800,0
TX000001216,105919,2026-04-16 17:47:50,small_pouch,4.99,350,0
TX000013208,130806,2026-04-16 17:50:04,small_pouch,4.99,350,0
TX000012395,135779,2026-04-16 17:51:46,starter_pouch,1.99,120,0
TX000007089,175955,2026-04-16 17:58:28,small_pouch,4.99,350,0
TX000014975,133955,2026-04-16 17:58:32,large_chest,19.99,1800,0
TX000013915,110404,2026-04-16 18:00:11,starter_pouch,1.99,120,0
TX000010911,146995,2026-04-16 18:05:09,large_chest,19.99,1800,0
TX000011342,138220,2026-04-16 18:07:01,medium_chest,9.99,800,0
TX000006589,120426,2026-04-16 18:20:49,small_pouch,4.99,350,0
TX000005096,166032,2026-04-16 18:22:46,vault,49.99,5000,0
TX000000533,167134,2026-04-16 18:29:42,large_chest,19.99,1800,0
TX000011234,145006,2026-04-16 18:35:05,large_chest,19.99,1800,0
TX000006871,177182,2026-04-16 18:44:30,small_pouch,4.99,350,0
TX000005698,144761,2026-04-16 18:50:03,large_chest,19.99,1800,0
TX000000272,163175,2026-04-16 18:54:16,small_pouch,4.99,350,0
TX000002534,143298,2026-04-16 18:58:56,small_pouch,4.99,350,0
TX000008965,134752,2026-04-16 19:00:38,starter_pouch,1.99,120,0
TX000001416,118557,2026-04-16 19:00:51,vault,49.99,5000,0
TX000014740,165059,2026-04-16 19:02:30,starter_pouch,1.99,120,0
TX000001028,133971,2026-04-16 19:06:26,vault,49.99,5000,0
TX000010162,160785,2026-04-16 19:08:27,medium_chest,9.99,800,0
TX000000570,129618,2026-04-16 19:08:52,starter_pouch,1.99,120,0
TX000002238,142857,2026-04-16 19:15:08,starter_pouch,1.99,120,0
TX000013362,166337,2026-04-16 19:15:53,starter_pouch,1.99,120,0
TX000014802,152078,2026-04-16 19:18:26,medium_chest,9.99,800,0
TX000007704,123163,2026-04-16 19:21:32,starter_pouch,1.99,120,0
TX000007723,148646,2026-04-16 19:24:44,large_chest,19.99,1800,0
TX000001229,175154,2026-04-16 19:25:02,large_chest,19.99,1800,0
TX000011254,125542,2026-04-16 19:25:19,large_chest,19.99,1800,0
TX000010906,109547,2026-04-16 19:35:59,vault,49.99,5000,0
TX000004213,100808,2026-04-16 19:36:07,vault,49.99,5000,0
TX000000465,174743,2026-04-16 19:39:29,small_pouch,-4.99,-350,1
TX000005974,107722,2026-04-16 19:40:39,starter_pouch,1.99,120,0
TX000010008,168303,2026-04-16 19:41:43,medium_chest,9.99,800,0
TX000001660,163808,2026-04-16 19:45:37,large_chest,19.99,1800,0
TX000008182,135985,2026-04-16 19:45:56,small_pouch,4.99,350,0
TX000004092,160667,2026-04-16 19:46:53,small_pouch,4.99,350,0
TX000011667,164700,2026-04-16 19:48:09,medium_chest,9.99,800,0
TX000004441,157328,2026-04-16 19:48:53,starter_pouch,1.99,120,0
TX000003480,113927,2026-04-16 19:53:35,starter_pouch,1.99,120,0
TX000005034,137387,2026-04-16 19:53:47,starter_pouch,1.99,120,0
TX000009758,116291,2026-04-16 19:54:56,starter_pouch,1.99,120,0
TX000005150,173351,2026-04-16 19:55:36,vault,49.99,5000,0
TX000005796,143822,2026-04-16 19:58:03,small_pouch,4.99,350,0
TX000011628,114489,2026-04-16 19:59:43,large_chest,19.99,1800,0
TX000008803,176012,2026-04-16 19:59:47,medium_chest,9.99,800,0
TX000003104,173301,2026-04-16 19:59:57,starter_pouch,1.99,120,0
TX000007526,113175,2026-04-16 20:01:14,starter_pouch,1.99,120,0
TX000004589,106987,2026-04-16 20:04:18,small_pouch,4.99,350,0
TX000013701,149813,2026-04-16 20:09:04,small_pouch,-4.99,-350,1
TX000008399,138889,2026-04-16 20:10:35,vault,49.99,5000,0
TX000005258,170753,2026-04-16 20:16:10,medium_chest,9.99,800,0
TX000006483,109215,2026-04-16 20:17:40,large_chest,19.99,1800,0
TX000008566,169594,2026-04-16 20:19:08,mega_vault,99.99,11000,0
TX000012935,119639,2026-04-16 20:24:32,small_pouch,4.99,350,0
TX000010527,169141,2026-04-16 20:25:08,starter_pouch,1.99,120,0
TX000012779,156207,2026-04-16 20:26:55,starter_pouch,1.99,120,0
TX000008064,157417,2026-04-16 20:27:10,large_chest,19.99,1800,0
TX000002674,122940,2026-04-16 20:27:40,small_pouch,4.99,350,0
TX000015215,120170,2026-04-16 20:28:23,vault,49.99,5000,0
TX000009199,133088,2026-04-16 20:31:59,medium_chest,9.99,800,0
TX000012170,167939,2026-04-16 20:33:54,starter_pouch,1.99,120,0
TX000008467,144921,2026-04-16 20:41:12,large_chest,19.99,1800,0
TX000011779,165982,2026-04-16 20:43:46,starter_pouch,1.99,120,0
TX000001805,174174,2026-04-16 20:46:23,mega_vault,99.99,11000,0
TX000002707,151219,2026-04-16 20:51:28,small_pouch,4.99,350,0
TX000013149,161052,2026-04-16 20:51:46,starter_pouch,1.99,120,0
TX000000816,120499,2026-04-16 20:53:40,large_chest,19.99,1800,0
TX000013717,120976,2026-04-16 20:54:03,medium_chest,9.99,800,0
TX000012478,107265,2026-04-16 20:55:45,small_pouch,-4.99,-350,0
TX000010750,135487,2026-04-16 20:57:50,medium_chest,9.99,800,0
TX000013951,163988,2026-04-16 20:59:14,large_chest,19.99,1800,0
TX000008485,118105,2026-04-16 21:01:54,small_pouch,4.99,350,0
TX000001280,179313,2026-04-16 21:01:58,medium_chest,9.99,800,0
TX000014426,133140,2026-04-16 21:02:03,medium_chest,9.99,800,0
TX000003660,108777,2026-04-16 21:02:07,starter_pouch,1.99,120,0
TX000005516,165194,2026-04-16 21:03:12,medium_chest,9.99,800,0
TX000000543,151304,2026-04-16 21:06:35,starter_pouch,1.99,120,0
TX000014788,108417,2026-04-16 21:07:56,starter_pouch,1.99,120,0
TX000005981,168626,2026-04-16 21:08:31,small_pouch,4.99,350,0
TX000010514,132724,2026-04-16 21:08:53,medium_chest,9.99,800,0
TX000012745,102192,2026-04-16 21:16:50,large_chest,19.99,1800,0
TX000006620,113949,2026-04-16 21:20:33,small_pouch,4.99,350,0
TX000007993,163434,2026-04-16 21:24:48,large_chest,19.99,1800,0
TX000002943,101008,2026-04-16 21:40:42,starter_pouch,1.99,120,0
TX000003986,158386,2026-04-16 21:49:45,small_pouch,4.99,350,0
TX000006905,106129,2026-04-16 22:02:44,large_chest,19.99,1800,0
TX000011917,178470,2026-04-16 22:10:50,vault,49.99,5000,0
TX000014738,112366,2026-04-16 22:14:27,vault,49.99,5000,0
TX000008137,173056,2026-04-16 22:22:20,mega_vault,99.99,11000,0
TX000008673,114689,2026-04-16 22:24:47,medium_chest,9.99,800,0
TX000008058,134277,2026-04-16 22:30:14,starter_pouch,1.99,120,0
TX000006333,122340,2026-04-16 22:30:36,medium_chest,9.99,800,0
TX000001232,145993,2026-04-16 22:33:49,small_pouch,4.99,350,0
TX000002073,132648,2026-04-16 22:45:12,starter_pouch,1.99,120,0
TX000001097,167849,2026-04-16 22:53:00,small_pouch,4.99,350,0
TX000006450,162895,2026-04-16 22:53:27,mega_vault,99.99,11000,0
TX000003208,119425,2026-04-16 22:55:32,starter_pouch,1.99,120,0
TX000014427,109462,2026-04-16 22:55:38,starter_pouch,1.99,120,0
TX000001743,143899,2026-04-16 22:58:14,medium_chest,9.99,800,0
TX000011316,138933,2026-04-16 22:59:05,small_pouch,4.99,350,0
TX000001589,102108,2026-04-16 23:06:13,small_pouch,4.99,350,0
TX000002925,146251,2026-04-16 23:14:11,vault,49.99,5000,0
TX000002119,155997,2026-04-16 23:14:12,medium_chest,9.99,800,0
TX000012466,148304,2026-04-16 23:18:28,large_chest,19.99,1800,0
TX000000496,169272,2026-04-16 23:26:24,small_pouch,4.99,350,0
TX000015018,166571,2026-04-16 23:44:03,starter_pouch,1.99,120,0
TX000007398,147636,2026-04-16 23:51:21,starter_pouch,1.99,120,0
TX000001816,124199,2026-04-16 23:51:30,medium_chest,9.99,800,0
TX000005645,159191,2026-04-16 23:54:09,mega_vault,99.99,11000,0
TX000001002,142559,2026-04-16 23:54:10,starter_pouch,1.99,120,0
TX000006161,155286,2026-04-16 23:59:56,starter_pouch,1.99,120,0
TX000005318,107070,2026-04-16 23:59:56,starter_pouch,1.99,120,0
TX000004229,104409,2026-04-16 23:59:56,small_pouch,4.99,350,0
TX000010636,173117,2026-04-16 23:59:56,starter_pouch,1.99,120,0
TX000005341,171939,2026-04-16 23:59:56,medium_chest,9.99,800,0
TX000007794,132328,2026-04-17 06:06:32,large_chest,19.99,1800,0
TX000009613,167455,2026-04-17 06:23:13,starter_pouch,1.99,120,0
TX000013526,119318,2026-04-17 06:27:59,medium_chest,9.99,800,0
TX000014034,121207,2026-04-17 06:39:58,starter_pouch,1.99,120,0
TX000010405,127606,2026-04-17 06:43:23,large_chest,19.99,1800,0
TX000009977,164673,2026-04-17 06:47:10,vault,49.99,5000,0
TX000011523,153620,2026-04-17 07:07:31,small_pouch,4.99,350,0
TX000012738,124495,2026-04-17 07:10:28,medium_chest,9.99,800,0
TX000014611,167318,2026-04-17 07:28:10,medium_chest,9.99,800,0
TX000011083,148562,2026-04-17 07:29:51,medium_chest,9.99,800,0
TX000009580,165410,2026-04-17 07:30:44,mega_vault,99.99,11000,0
TX000003228,165393,2026-04-17 07:36:22,starter_pouch,1.99,120,0
TX000012648,129955,2026-04-17 07:44:02,medium_chest,9.99,800,0
TX000012892,178803,2026-04-17 07:44:40,small_pouch,4.99,350,0
TX000001246,115478,2026-04-17 07:45:06,large_chest,19.99,1800,0
TX000011763,136904,2026-04-17 07:55:50,small_pouch,4.99,350,0
TX000014717,169837,2026-04-17 08:04:46,large_chest,19.99,1800,0
TX000007865,110668,2026-04-17 08:13:58,small_pouch,4.99,350,0
TX000014421,162827,2026-04-17 08:17:57,small_pouch,4.99,350,0
TX000014053,127787,2026-04-17 08:34:22,medium_chest,9.99,800,0
TX000003608,100203,2026-04-17 09:02:17,mega_vault,99.99,11000,0
TX000003540,179017,2026-04-17 09:35:23,small_pouch,4.99,350,0
TX000009415,128687,2026-04-17 10:02:42,vault,49.99,5000,0
TX000015183,159955,2026-04-17 10:10:23,vault,49.99,5000,0
TX000003526,123899,2026-04-17 10:12:54,medium_chest,9.99,800,0
TX000012581,165160,2026-04-17 10:38:47,large_chest,19.99,1800,0
TX000009099,155993,2026-04-17 10:47:06,medium_chest,9.99,800,0
TX000010950,135893,2026-04-17 10:48:19,medium_chest,9.99,800,0
TX000013977,123596,2026-04-17 10:51:08,small_pouch,4.99,350,0
TX000012132,142237,2026-04-17 11:11:06,large_chest,19.99,1800,0
TX000006750,126273,2026-04-17 11:16:55,starter_pouch,1.99,120,0
TX000003031,167496,2026-04-17 11:19:03,small_pouch,4.99,350,0
TX000000765,154307,2026-04-17 11:22:29,small_pouch,4.99,350,0
TX000008252,120152,2026-04-17 11:23:50,large_chest,19.99,1800,0
TX000008748,107830,2026-04-17 11:36:32,large_chest,19.99,1800,0
TX000012532,129461,2026-04-17 11:48:49,medium_chest,9.99,800,0
TX000006842,154073,2026-04-17 11:59:29,large_chest,19.99,1800,0
TX000006535,139117,2026-04-17 12:00:55,mega_vault,99.99,11000,0
TX000014713,163570,2026-04-17 12:07:26,starter_pouch,1.99,120,0
TX000010080,143926,2026-04-17 12:21:09,mega_vault,99.99,11000,0
TX000005871,132533,2026-04-17 12:35:23,small_pouch,4.99,350,0
TX000000116,134662,2026-04-17 12:42:06,starter_pouch,1.99,120,0
TX000013920,143506,2026-04-17 12:44:16,vault,49.99,5000,0
TX000010294,138708,2026-04-17 12:52:49,starter_pouch,1.99,120,0
TX000013883,123948,2026-04-17 13:16:11,starter_pouch,1.99,120,0
TX000008968,178505,2026-04-17 13:28:06,medium_chest,9.99,800,0
TX000006816,137589,2026-04-17 13:52:24,large_chest,19.99,1800,0
TX000012567,143502,2026-04-17 13:56:00,medium_chest,9.99,800,0
TX000012787,155034,2026-04-17 13:59:45,small_pouch,4.99,350,0
TX000000707,172434,2026-04-17 14:04:49,medium_chest,-9.99,-800,1
TX000002048,175186,2026-04-17 14:09:47,small_pouch,4.99,350,0
TX000003272,158623,2026-04-17 14:21:50,small_pouch,4.99,350,0
TX000008590,118454,2026-04-17 14:22:48,starter_pouch,1.99,120,0
TX000006057,168368,2026-04-17 14:24:41,small_pouch,4.99,350,0
TX000008767,164353,2026-04-17 14:28:17,small_pouch,4.99,350,0
TX000006213,165156,2026-04-17 14:33:02,starter_pouch,1.99,120,0
TX000006850,161811,2026-04-17 14:37:59,mega_vault,99.99,11000,0
TX000002001,124372,2026-04-17 14:40:58,starter_pouch,1.99,120,0
TX000007284,105392,2026-04-17 15:00:20,starter_pouch,1.99,120,0
TX000001872,175627,2026-04-17 15:01:03,vault,49.99,5000,0
TX000001503,119455,2026-04-17 15:24:22,large_chest,19.99,1800,0
TX000012541,169646,2026-04-17 15:25:01,vault,49.99,5000,0
TX000000965,116107,2026-04-17 15:34:59,starter_pouch,1.99,120,0
TX000008084,103937,2026-04-17 15:38:09,small_pouch,4.99,350,0
TX000012354,125434,2026-04-17 15:38:48,medium_chest,9.99,800,0
TX000014776,134888,2026-04-17 15:39:52,starter_pouch,1.99,120,0
TX000010827,168898,2026-04-17 15:49:17,medium_chest,9.99,800,0
TX000007280,126783,2026-04-17 15:49:35,vault,49.99,5000,0
TX000010546,173213,2026-04-17 15:58:10,large_chest,19.99,1800,0
TX000000998,171931,2026-04-17 16:08:47,starter_pouch,1.99,120,0
TX000004872,144202,2026-04-17 16:14:20,vault,49.99,5000,0
TX000006119,153189,2026-04-17 16:16:36,starter_pouch,1.99,120,0
TX000013603,158009,2026-04-17 16:17:43,vault,49.99,5000,0
TX000000438,150031,2026-04-17 16:25:17,small_pouch,4.99,350,0
TX000005580,150427,2026-04-17 16:26:21,medium_chest,9.99,800,0
TX000003089,104518,2026-04-17 16:28:59,vault,49.99,5000,0
TX000004830,109645,2026-04-17 16:32:58,vault,49.99,5000,0
TX000007060,106352,2026-04-17 16:35:52,vault,49.99,5000,0
TX000014602,131452,2026-04-17 16:39:48,starter_pouch,1.99,120,0
TX000005345,141329,2026-04-17 16:41:06,medium_chest,9.99,800,0
TX000003748,108487,2026-04-17 16:42:31,mega_vault,99.99,11000,0
TX000000971,116350,2026-04-17 16:55:29,large_chest,19.99,1800,0
TX000002289,103053,2026-04-17 16:59:04,vault,49.99,5000,0
TX000005382,104697,2026-04-17 17:00:59,starter_pouch,1.99,120,0
TX000000282,133509,2026-04-17 17:15:54,medium_chest,9.99,800,0
TX000009132,135211,2026-04-17 17:20:42,medium_chest,9.99,800,0
TX000012960,146929,2026-04-17 17:27:11,vault,49.99,5000,0
TX000008819,168748,2026-04-17 17:28:44,large_chest,19.99,1800,0
TX000013710,171124,2026-04-17 17:29:12,starter_pouch,1.99,120,0
TX000001288,106635,2026-04-17 17:29:47,large_chest,19.99,1800,0
TX000009506,175691,2026-04-17 17:32:15,small_pouch,4.99,350,0
TX000012004,128273,2026-04-17 17:37:28,small_pouch,4.99,350,0
TX000015174,104030,2026-04-17 17:39:39,large_chest,19.99,1800,0
TX000010180,155210,2026-04-17 17:41:25,medium_chest,9.99,800,0
TX000015025,123902,2026-04-17 17:43:47,starter_pouch,1.99,120,0
TX000003909,102497,2026-04-17 17:47:20,small_pouch,4.99,350,0
TX000013799,101782,2026-04-17 17:48:33,small_pouch,4.99,350,0
TX000009206,136932,2026-04-17 18:03:12,medium_chest,9.99,800,0
TX000008500,146646,2026-04-17 18:06:45,vault,49.99,5000,0
TX000011364,107686,2026-04-17 18:06:45,starter_pouch,1.99,120,0
TX000008121,125369,2026-04-17 18:13:54,starter_pouch,1.99,120,0
TX000012576,169989,2026-04-17 18:15:00,vault,49.99,5000,0
TX000003333,112644,2026-04-17 18:19:10,starter_pouch,-1.99,-120,0
TX000005570,100263,2026-04-17 18:23:52,large_chest,19.99,1800,0
TX000010456,129707,2026-04-17 18:24:43,starter_pouch,1.99,120,0
TX000014580,118229,2026-04-17 18:30:27,small_pouch,4.99,350,0
TX000008898,165673,2026-04-17 18:38:44,small_pouch,4.99,350,0
TX000014484,161540,2026-04-17 18:47:54,medium_chest,9.99,800,0
TX000003428,155796,2026-04-17 18:49:03,starter_pouch,1.99,120,0
TX000013316,165118,2026-04-17 18:49:11,small_pouch,4.99,350,0
TX000003382,154992,2026-04-17 18:50:12,small_pouch,4.99,350,0
TX000009615,109519,2026-04-17 18:58:41,medium_chest,9.99,800,0
TX000009212,163248,2026-04-17 18:58:50,large_chest,19.99,1800,0
TX000006462,142681,2026-04-17 19:05:03,large_chest,19.99,1800,0
TX000001388,113057,2026-04-17 19:09:28,starter_pouch,1.99,120,0
TX000010818,137172,2026-04-17 19:15:04,starter_pouch,1.99,120,0
TX000008421,137681,2026-04-17 19:16:53,small_pouch,4.99,350,0
TX000005875,154030,2026-04-17 19:17:01,medium_chest,9.99,800,0
TX000006503,175258,2026-04-17 19:19:07,large_chest,19.99,1800,0
TX000002251,176659,2026-04-17 19:20:16,starter_pouch,1.99,120,0
TX000004901,149440,2026-04-17 19:24:48,small_pouch,4.99,350,0
TX000013569,166973,2026-04-17 19:25:45,medium_chest,9.99,800,0
TX000003839,168435,2026-04-17 19:32:19,starter_pouch,1.99,120,0
TX000013700,132756,2026-04-17 19:34:46,starter_pouch,1.99,120,0
TX000014749,116284,2026-04-17 19:38:05,medium_chest,9.99,800,0
TX000001094,153631,2026-04-17 19:44:04,large_chest,19.99,1800,0
TX000008134,112570,2026-04-17 19:44:23,small_pouch,4.99,350,0
TX000010094,101974,2026-04-17 19:52:56,starter_pouch,1.99,120,0
TX000005932,150056,2026-04-17 19:54:06,medium_chest,9.99,800,0
TX000000796,158860,2026-04-17 19:56:52,starter_pouch,1.99,120,0
TX000010703,114442,2026-04-17 19:56:57,medium_chest,9.99,800,0
TX000010354,116733,2026-04-17 19:59:41,medium_chest,9.99,800,0
TX000003622,161345,2026-04-17 20:00:27,large_chest,19.99,1800,0
TX000011436,103549,2026-04-17 20:07:08,small_pouch,4.99,350,0
TX000004158,163081,2026-04-17 20:13:30,medium_chest,9.99,800,0
TX000010658,105083,2026-04-17 20:14:58,small_pouch,4.99,350,0
TX000008959,163329,2026-04-17 20:15:06,medium_chest,9.99,800,0
TX000001806,101365,2026-04-17 20:15:23,starter_pouch,1.99,120,0
TX000012471,167361,2026-04-17 20:16:30,large_chest,19.99,1800,0
TX000006064,114402,2026-04-17 20:19:35,small_pouch,4.99,350,0
TX000004686,115329,2026-04-17 20:20:09,medium_chest,9.99,800,0
TX000012692,145237,2026-04-17 20:21:58,medium_chest,9.99,800,0
TX000006835,173436,2026-04-17 20:22:53,small_pouch,4.99,350,0
TX000004808,160432,2026-04-17 20:25:35,large_chest,19.99,1800,0
TX000011750,101023,2026-04-17 20:26:16,starter_pouch,1.99,120,0
TX000011713,105220,2026-04-17 20:36:22,medium_chest,9.99,800,0
TX000009837,172196,2026-04-17 20:36:48,large_chest,19.99,1800,0
TX000002514,139433,2026-04-17 20:37:05,mega_vault,99.99,11000,0
TX000008847,117601,2026-04-17 20:38:05,starter_pouch,1.99,120,0
TX000004959,124860,2026-04-17 20:38:39,starter_pouch,1.99,120,0
TX000013210,126876,2026-04-17 20:47:09,medium_chest,9.99,800,0
TX000006048,113825,2026-04-17 20:48:05,vault,49.99,5000,0
TX000000114,113868,2026-04-17 20:48:32,starter_pouch,1.99,120,0
TX000010526,174199,2026-04-17 20:49:51,small_pouch,4.99,350,0
TX000009246,172082,2026-04-17 20:53:40,medium_chest,9.99,800,0
TX000000436,100507,2026-04-17 20:53:49,small_pouch,4.99,350,0
TX000010340,101307,2026-04-17 21:07:28,small_pouch,4.99,350,0
TX000005311,152778,2026-04-17 21:12:12,medium_chest,9.99,800,0
TX000008488,160583,2026-04-17 21:22:17,vault,49.99,5000,0
TX000001298,110721,2026-04-17 21:23:35,starter_pouch,1.99,120,0
TX000006196,136580,2026-04-17 21:26:40,medium_chest,9.99,800,0
TX000014839,149016,2026-04-17 21:35:24,large_chest,19.99,1800,0
TX000008699,153888,2026-04-17 21:36:09,starter_pouch,1.99,120,0
TX000004349,173097,2026-04-17 21:37:23,starter_pouch,1.99,120,0
TX000010152,161830,2026-04-17 21:38:16,medium_chest,9.99,800,0
TX000013015,148545,2026-04-17 21:43:14,large_chest,19.99,1800,0
TX000008272,146754,2026-04-17 21:44:55,vault,-49.99,-5000,1
TX000011517,113911,2026-04-17 21:45:21,vault,49.99,5000,0
TX000009141,129656,2026-04-17 21:47:22,starter_pouch,1.99,120,0
TX000005573,146035,2026-04-17 21:49:18,medium_chest,9.99,800,0
TX000011125,120982,2026-04-17 21:50:57,starter_pouch,1.99,120,0
TX000006938,127746,2026-04-17 21:51:06,small_pouch,4.99,350,0
TX000013687,118209,2026-04-17 21:54:00,starter_pouch,1.99,120,0
TX000000499,139939,2026-04-17 21:57:51,small_pouch,4.99,350,0
TX000011633,116374,2026-04-17 21:58:39,starter_pouch,1.99,120,0
TX000003475,151048,2026-04-17 21:59:26,starter_pouch,1.99,120,0
TX000013866,122797,2026-04-17 22:02:27,vault,49.99,5000,0
TX000004218,170582,2026-04-17 22:27:37,small_pouch,4.99,350,0
TX000000643,129290,2026-04-17 22:31:21,starter_pouch,1.99,120,0
TX000010747,175214,2026-04-17 22:31:50,small_pouch,4.99,350,0
TX000009705,165733,2026-04-17 22:51:51,large_chest,19.99,1800,0
TX000000820,152114,2026-04-17 22:55:12,medium_chest,9.99,800,0
TX000011036,133894,2026-04-17 22:56:06,starter_pouch,1.99,120,0
TX000007354,145380,2026-04-17 23:14:58,medium_chest,9.99,800,0
TX000013409,170387,2026-04-17 23:24:37,vault,49.99,5000,0
TX000014835,170965,2026-04-17 23:31:04,starter_pouch,1.99,120,0
TX000014567,103227,2026-04-17 23:40:04,vault,-49.99,-5000,0
TX000000974,144871,2026-04-17 23:47:02,small_pouch,4.99,350,0
TX000010802,114832,2026-04-17 23:47:49,starter_pouch,1.99,120,0
TX000014871,102088,2026-04-17 23:59:56,vault,49.99,5000,0
TX000012530,125170,2026-04-17 23:59:56,large_chest,19.99,1800,0
TX000005197,161428,2026-04-18 06:03:35,medium_chest,9.99,800,0
TX000005431,143304,2026-04-18 06:13:51,large_chest,19.99,1800,0
TX000014941,151654,2026-04-18 06:15:57,mega_vault,99.99,11000,0
TX000011365,143208,2026-04-18 06:39:35,starter_pouch,1.99,120,0
TX000001575,133192,2026-04-18 06:40:10,vault,49.99,5000,0
TX000005476,159002,2026-04-18 06:40:58,medium_chest,9.99,800,0
TX000000252,140453,2026-04-18 06:43:00,small_pouch,4.99,350,0
TX000007943,178211,2026-04-18 07:18:22,small_pouch,4.99,350,0
TX000006815,109344,2026-04-18 07:30:25,starter_pouch,1.99,120,0
TX000011388,129624,2026-04-18 07:43:26,medium_chest,9.99,800,0
TX000007319,110489,2026-04-18 07:48:31,large_chest,19.99,1800,0
TX000004106,152295,2026-04-18 07:49:42,large_chest,19.99,1800,0
TX000001831,143249,2026-04-18 07:55:08,starter_pouch,1.99,120,0
TX000002857,101784,2026-04-18 08:02:57,starter_pouch,1.99,120,0
TX000000899,137590,2026-04-18 08:08:41,small_pouch,4.99,350,0
TX000014280,147204,2026-04-18 08:08:56,small_pouch,4.99,350,0
TX000001077,116467,2026-04-18 08:14:22,small_pouch,4.99,350,0
TX000004365,113328,2026-04-18 08:28:39,mega_vault,99.99,11000,0
TX000007984,166627,2026-04-18 08:33:07,large_chest,19.99,1800,0
TX000010500,114775,2026-04-18 08:38:35,starter_pouch,1.99,120,0
TX000003688,141094,2026-04-18 08:41:37,medium_chest,9.99,800,0
TX000000580,135326,2026-04-18 08:45:01,large_chest,19.99,1800,0
TX000011352,176012,2026-04-18 08:49:20,mega_vault,99.99,11000,0
TX000012431,115882,2026-04-18 08:51:39,large_chest,19.99,1800,0
TX000000586,153434,2026-04-18 09:02:25,small_pouch,4.99,350,0
TX000009525,159536,2026-04-18 09:07:32,large_chest,19.99,1800,0
TX000015224,107726,2026-04-18 09:22:22,large_chest,19.99,1800,0
TX000006636,115464,2026-04-18 09:36:18,starter_pouch,1.99,120,0
TX000003996,160089,2026-04-18 09:37:00,vault,49.99,5000,0
TX000014944,158060,2026-04-18 09:37:15,medium_chest,9.99,800,0
TX000006541,178671,2026-04-18 09:42:12,small_pouch,4.99,350,0
TX000001584,141515,2026-04-18 09:54:45,small_pouch,4.99,350,0
TX000011650,170681,2026-04-18 10:05:32,starter_pouch,1.99,120,0
TX000005162,110683,2026-04-18 10:06:58,starter_pouch,1.99,120,0
TX000008869,169728,2026-04-18 10:08:57,vault,49.99,5000,0
TX000009790,171644,2026-04-18 10:23:53,large_chest,19.99,1800,0
TX000001647,129772,2026-04-18 10:30:33,starter_pouch,1.99,120,0
TX000007936,156222,2026-04-18 10:40:12,starter_pouch,1.99,120,0
TX000007973,128914,2026-04-18 10:52:35,medium_chest,9.99,800,0
TX000000167,170099,2026-04-18 10:54:25,starter_pouch,1.99,120,0
TX000004599,120843,2026-04-18 11:06:27,large_chest,19.99,1800,0
TX000004913,125093,2026-04-18 11:17:41,starter_pouch,1.99,120,0
TX000011131,153021,2026-04-18 11:30:57,small_pouch,4.99,350,0
TX000001266,120688,2026-04-18 11:52:01,medium_chest,9.99,800,0
TX000009491,170001,2026-04-18 11:58:43,starter_pouch,1.99,120,0
TX000006358,170835,2026-04-18 12:04:32,starter_pouch,1.99,120,0
TX000007730,163582,2026-04-18 12:07:30,large_chest,19.99,1800,0
TX000013385,179467,2026-04-18 12:09:07,large_chest,19.99,1800,0
TX000001623,155522,2026-04-18 12:44:41,mega_vault,99.99,11000,0
TX000005937,121897,2026-04-18 12:45:20,small_pouch,4.99,350,0
TX000013769,146298,2026-04-18 13:06:54,medium_chest,9.99,800,0
TX000000600,156036,2026-04-18 13:13:59,vault,49.99,5000,0
TX000012236,167966,2026-04-18 13:14:09,small_pouch,4.99,350,0
TX000012015,108679,2026-04-18 13:14:58,large_chest,19.99,1800,0
TX000009978,128872,2026-04-18 13:19:32,large_chest,19.99,1800,0
TX000013655,113927,2026-04-18 13:29:14,starter_pouch,-1.99,-120,0
TX000002502,110962,2026-04-18 13:33:42,small_pouch,4.99,350,0
TX000014390,117113,2026-04-18 13:49:50,medium_chest,9.99,800,0
TX000005702,129539,2026-04-18 14:03:38,small_pouch,4.99,350,0
TX000011922,150490,2026-04-18 14:03:40,vault,49.99,5000,0
TX000009285,122865,2026-04-18 14:10:30,large_chest,19.99,1800,0
TX000007414,111335,2026-04-18 14:20:07,medium_chest,9.99,800,0
TX000002931,151776,2026-04-18 14:35:48,small_pouch,4.99,350,0
TX000005616,151697,2026-04-18 14:54:05,starter_pouch,1.99,120,0
TX000004491,166296,2026-04-18 15:21:14,small_pouch,4.99,350,0
TX000012627,148639,2026-04-18 15:29:52,small_pouch,4.99,350,0
TX000000325,123132,2026-04-18 15:30:15,small_pouch,4.99,350,0
TX000010743,139283,2026-04-18 15:32:34,starter_pouch,1.99,120,0
TX000013899,109786,2026-04-18 15:36:18,medium_chest,9.99,800,0
TX000006447,101383,2026-04-18 15:37:33,small_pouch,4.99,350,0
TX000011233,130970,2026-04-18 15:58:43,large_chest,19.99,1800,0
TX000005935,165951,2026-04-18 16:02:56,small_pouch,4.99,350,0
TX000012149,167285,2026-04-18 16:05:42,starter_pouch,1.99,120,0
TX000008310,144872,2026-04-18 16:10:29,starter_pouch,-1.99,-120,0
TX000006487,145103,2026-04-18 16:11:35,medium_chest,9.99,800,0
TX000010271,101301,2026-04-18 16:14:29,medium_chest,9.99,800,0
TX000000067,143855,2026-04-18 16:23:46,medium_chest,9.99,800,0
TX000001039,103004,2026-04-18 16:27:34,starter_pouch,1.99,120,0
TX000000911,119424,2026-04-18 16:31:13,medium_chest,9.99,800,0
TX000000729,158507,2026-04-18 16:33:18,medium_chest,9.99,800,0
TX000011465,176656,2026-04-18 16:39:54,starter_pouch,1.99,120,0
TX000010458,163312,2026-04-18 16:56:50,medium_chest,9.99,800,0
TX000001851,171645,2026-04-18 16:57:03,starter_pouch,1.99,120,0
TX000007755,144447,2026-04-18 16:59:02,starter_pouch,1.99,120,0
TX000000238,117496,2026-04-18 17:00:33,medium_chest,-9.99,-800,0
TX000000198,101359,2026-04-18 17:00:40,starter_pouch,1.99,120,0
TX000006461,147970,2026-04-18 17:02:51,small_pouch,4.99,350,0
TX000000797,170919,2026-04-18 17:06:56,large_chest,19.99,1800,0
TX000010565,147506,2026-04-18 17:10:26,large_chest,19.99,1800,0
TX000001311,126253,2026-04-18 17:10:39,large_chest,19.99,1800,0
TX000012175,143818,2026-04-18 17:11:09,large_chest,19.99,1800,0
TX000010589,104450,2026-04-18 17:13:03,medium_chest,9.99,800,0
TX000009680,128119,2026-04-18 17:13:13,small_pouch,4.99,350,0
TX000012066,130931,2026-04-18 17:16:51,small_pouch,4.99,350,0
TX000010748,150429,2026-04-18 17:21:18,small_pouch,4.99,350,0
TX000002605,128155,2026-04-18 17:26:39,starter_pouch,-1.99,-120,0
TX000012694,101276,2026-04-18 17:27:55,vault,49.99,5000,0
TX000008036,171134,2026-04-18 17:28:43,medium_chest,9.99,800,0
TX000010766,164664,2026-04-18 17:36:44,small_pouch,4.99,350,0
TX000003107,110382,2026-04-18 17:39:51,small_pouch,4.99,350,0
TX000000623,108861,2026-04-18 17:40:29,vault,49.99,5000,0
TX000000524,168626,2026-04-18 17:42:15,medium_chest,9.99,800,0
TX000003546,151411,2026-04-18 17:45:04,small_pouch,4.99,350,0
TX000014578,155808,2026-04-18 17:46:23,starter_pouch,1.99,120,0
TX000012347,177944,2026-04-18 17:48:01,medium_chest,9.99,800,0
TX000012776,107750,2026-04-18 17:48:13,starter_pouch,1.99,120,0
TX000002164,176522,2026-04-18 17:50:36,medium_chest,9.99,800,0
TX000009700,161296,2026-04-18 17:54:52,medium_chest,9.99,800,0
TX000003003,179938,2026-04-18 18:01:05,starter_pouch,1.99,120,0
TX000010572,118212,2026-04-18 18:11:10,medium_chest,9.99,800,0
TX000013691,179017,2026-04-18 18:11:41,medium_chest,9.99,800,0
TX000014702,146197,2026-04-18 18:12:16,starter_pouch,1.99,120,0
TX000011688,177407,2026-04-18 18:17:36,starter_pouch,1.99,120,0
TX000009085,155571,2026-04-18 18:19:10,medium_chest,9.99,800,0
TX000007729,162475,2026-04-18 18:22:46,starter_pouch,1.99,120,0
TX000014798,113385,2026-04-18 18:28:43,starter_pouch,1.99,120,0
TX000011077,140950,2026-04-18 18:30:08,medium_chest,9.99,800,0
TX000009186,150800,2026-04-18 18:36:17,large_chest,19.99,1800,0
TX000012653,146525,2026-04-18 18:38:05,medium_chest,9.99,800,0
TX000004768,142752,2026-04-18 18:41:10,vault,49.99,5000,0
TX000004406,160232,2026-04-18 18:44:58,starter_pouch,1.99,120,0
TX000006939,136172,2026-04-18 18:56:04,medium_chest,9.99,800,0
TX000009810,106634,2026-04-18 18:57:24,medium_chest,9.99,800,0
TX000002634,161459,2026-04-18 19:03:52,medium_chest,9.99,800,0
TX000010828,109533,2026-04-18 19:04:34,small_pouch,4.99,350,0
TX000009908,116106,2026-04-18 19:05:09,starter_pouch,1.99,120,0
TX000012029,129930,2026-04-18 19:05:20,vault,49.99,5000,0
TX000011762,164781,2026-04-18 19:08:40,large_chest,19.99,1800,0
TX000011816,115320,2026-04-18 19:19:36,vault,49.99,5000,0
TX000000484,106501,2026-04-18 19:29:15,small_pouch,-4.99,-350,0
TX000005690,124843,2026-04-18 19:33:12,starter_pouch,1.99,120,0
TX000009794,173909,2026-04-18 19:33:57,small_pouch,4.99,350,0
TX000015156,100185,2026-04-18 19:38:22,starter_pouch,1.99,120,0
TX000006045,175200,2026-04-18 19:39:03,starter_pouch,1.99,120,0
TX000006757,104500,2026-04-18 19:42:54,medium_chest,9.99,800,0
TX000005805,140668,2026-04-18 19:43:01,small_pouch,4.99,350,0
TX000012770,141401,2026-04-18 19:44:03,vault,49.99,5000,0
TX000007305,144136,2026-04-18 19:44:06,vault,49.99,5000,0
TX000005419,111801,2026-04-18 19:47:03,medium_chest,9.99,800,0
TX000008235,123163,2026-04-18 19:47:56,medium_chest,9.99,800,0
TX000008499,165487,2026-04-18 19:50:22,small_pouch,4.99,350,0
TX000014557,154975,2026-04-18 19:58:50,starter_pouch,1.99,120,0
TX000003558,140098,2026-04-18 20:00:23,starter_pouch,1.99,120,0
TX000012874,180050,2026-04-18 20:01:13,large_chest,19.99,1800,0
TX000008704,160917,2026-04-18 20:06:22,large_chest,19.99,1800,0
TX000011533,150293,2026-04-18 20:08:27,starter_pouch,1.99,120,0
TX000006700,117572,2026-04-18 20:13:59,vault,49.99,5000,0
TX000008902,151117,2026-04-18 20:18:12,small_pouch,4.99,350,0
TX000013119,115392,2026-04-18 20:21:28,large_chest,19.99,1800,0
TX000011446,124920,2026-04-18 20:21:50,large_chest,19.99,1800,0
TX000009625,168818,2026-04-18 20:29:33,large_chest,19.99,1800,0
TX000012913,120770,2026-04-18 20:32:02,vault,49.99,5000,0
TX000001117,130405,2026-04-18 20:33:49,medium_chest,9.99,800,0
TX000005973,157652,2026-04-18 20:34:42,small_pouch,4.99,350,0
TX000006144,119880,2026-04-18 20:38:35,small_pouch,4.99,350,0
TX000011460,148480,2026-04-18 20:39:06,vault,49.99,5000,0
TX000000725,130701,2026-04-18 20:45:02,small_pouch,4.99,350,0
TX000003049,135288,2026-04-18 20:47:34,vault,49.99,5000,0
TX000002269,164660,2026-04-18 20:50:34,starter_pouch,1.99,120,0
TX000014438,172782,2026-04-18 20:53:23,medium_chest,9.99,800,0
TX000011019,110880,2026-04-18 20:55:20,medium_chest,9.99,800,0
TX000009001,160746,2026-04-18 20:58:22,small_pouch,4.99,350,0
TX000011309,167055,2026-04-18 21:01:05,starter_pouch,1.99,120,0
TX000012752,167361,2026-04-18 21:03:04,small_pouch,4.99,350,0
TX000009151,109316,2026-04-18 21:04:10,small_pouch,4.99,350,0
TX000007696,150873,2026-04-18 21:05:34,small_pouch,4.99,350,0
TX000007712,161894,2026-04-18 21:05:45,vault,49.99,5000,0
TX000003321,137951,2026-04-18 21:06:08,large_chest,19.99,1800,0
TX000006632,137809,2026-04-18 21:10:59,large_chest,19.99,1800,0
TX000015099,105259,2026-04-18 21:21:28,small_pouch,4.99,350,0
TX000003449,169842,2026-04-18 21:23:17,starter_pouch,1.99,120,0
TX000000440,119710,2026-04-18 21:25:00,medium_chest,9.99,800,0
TX000008632,177493,2026-04-18 21:25:54,starter_pouch,1.99,120,0
TX000010255,119582,2026-04-18 21:30:46,large_chest,19.99,1800,0
TX000002708,109508,2026-04-18 21:51:35,starter_pouch,1.99,120,0
TX000003539,145727,2026-04-18 21:52:23,medium_chest,9.99,800,0
TX000003131,161702,2026-04-18 22:04:32,medium_chest,9.99,800,0
TX000000530,156006,2026-04-18 22:13:29,starter_pouch,1.99,120,0
TX000014996,113993,2026-04-18 22:15:59,small_pouch,4.99,350,0
TX000001341,149347,2026-04-18 22:23:54,small_pouch,4.99,350,0
TX000010138,122469,2026-04-18 22:29:42,small_pouch,4.99,350,0
TX000007752,161939,2026-04-18 22:30:01,small_pouch,4.99,350,0
TX000002685,172363,2026-04-18 22:40:13,vault,49.99,5000,0
TX000000719,106951,2026-04-18 22:44:50,small_pouch,4.99,350,0
TX000003873,101493,2026-04-18 22:45:47,medium_chest,9.99,800,0
TX000008709,156183,2026-04-18 22:53:28,medium_chest,9.99,800,0
TX000003334,137690,2026-04-18 22:54:21,vault,49.99,5000,0
TX000015121,104060,2026-04-18 22:54:34,medium_chest,9.99,800,0
TX000014686,175725,2026-04-18 23:00:30,small_pouch,4.99,350,0
TX000007886,143450,2026-04-18 23:13:19,large_chest,19.99,1800,0
TX000009545,176460,2026-04-18 23:18:32,starter_pouch,1.99,120,0
TX000000328,135898,2026-04-18 23:20:30,starter_pouch,1.99,120,0
TX000011986,177810,2026-04-18 23:23:08,mega_vault,99.99,11000,0
TX000005032,178807,2026-04-18 23:23:48,medium_chest,9.99,800,0
TX000012642,108204,2026-04-18 23:38:06,small_pouch,4.99,350,0
TX000011416,100612,2026-04-18 23:39:12,medium_chest,9.99,800,0
TX000002228,120895,2026-04-18 23:42:37,starter_pouch,1.99,120,0
TX000004169,125061,2026-04-18 23:46:37,small_pouch,4.99,350,0
TX000002518,176668,2026-04-18 23:59:43,vault,49.99,5000,0
TX000009163,129117,2026-04-18 23:59:56,vault,49.99,5000,0
TX000004422,107978,2026-04-18 23:59:56,starter_pouch,1.99,120,0
TX000007585,134008,2026-04-18 23:59:56,vault,49.99,5000,0
TX000007239,131845,2026-04-18 23:59:56,large_chest,19.99,1800,0
TX000000700,115989,2026-04-18 23:59:56,large_chest,19.99,1800,0
TX000014604,152325,2026-04-18 23:59:56,small_pouch,4.99,350,0
TX000013145,130044,2026-04-18 23:59:56,starter_pouch,1.99,120,0
TX000006093,157624,2026-04-18 23:59:56,small_pouch,4.99,350,0
TX000004096,155506,2026-04-19 06:13:12,starter_pouch,1.99,120,0
TX000005988,151388,2026-04-19 07:08:50,starter_pouch,1.99,120,0
TX000004573,115599,2026-04-19 07:09:24,medium_chest,9.99,800,0
TX000015125,131420,2026-04-19 07:39:02,medium_chest,9.99,800,0
TX000010422,121631,2026-04-19 08:00:54,vault,49.99,5000,0
TX000008703,106829,2026-04-19 08:43:32,starter_pouch,1.99,120,0
TX000010777,137143,2026-04-19 08:53:01,starter_pouch,1.99,120,0
TX000003654,127592,2026-04-19 09:27:34,small_pouch,4.99,350,0
TX000008589,144399,2026-04-19 09:58:09,starter_pouch,1.99,120,0
TX000005632,127009,2026-04-19 10:02:14,vault,49.99,5000,0
TX000004177,128135,2026-04-19 11:33:16,small_pouch,4.99,350,0
TX000003185,169104,2026-04-19 12:25:53,small_pouch,4.99,350,0
TX000009445,128407,2026-04-19 12:44:52,starter_pouch,1.99,120,0
TX000007441,128985,2026-04-19 13:04:30,small_pouch,4.99,350,0
TX000008024,134132,2026-04-19 13:12:09,small_pouch,-4.99,-350,0
TX000006523,166741,2026-04-19 13:21:15,medium_chest,9.99,800,0
TX000000634,169471,2026-04-19 13:52:59,medium_chest,9.99,800,0
TX000008647,108025,2026-04-19 14:21:41,large_chest,19.99,1800,0
TX000004996,143822,2026-04-19 14:25:29,small_pouch,-4.99,-350,0
TX000014173,177873,2026-04-19 14:34:01,small_pouch,4.99,350,0
TX000003662,159074,2026-04-19 14:42:12,medium_chest,9.99,800,0
TX000004648,174651,2026-04-19 15:45:09,medium_chest,9.99,800,0
TX000014555,122276,2026-04-19 16:14:31,medium_chest,9.99,800,0
TX000007781,149229,2026-04-19 16:21:23,medium_chest,9.99,800,0
TX000006728,161052,2026-04-19 16:27:55,starter_pouch,-1.99,-120,0
TX000014213,118278,2026-04-19 16:28:59,starter_pouch,1.99,120,0
TX000007605,129891,2026-04-19 16:30:52,small_pouch,4.99,350,0
TX000001080,171104,2026-04-19 16:35:32,small_pouch,4.99,350,0
TX000011682,134518,2026-04-19 16:36:22,small_pouch,4.99,350,0
TX000006444,145063,2026-04-19 16:36:56,mega_vault,99.99,11000,0
TX000009091,103400,2026-04-19 16:41:23,medium_chest,9.99,800,0
TX000003988,168589,2026-04-19 16:42:03,mega_vault,99.99,11000,0
TX000002127,106548,2026-04-19 16:46:36,small_pouch,4.99,350,0
TX000008146,150541,2026-04-19 16:52:25,vault,49.99,5000,0
TX000006577,147608,2026-04-19 17:03:01,small_pouch,4.99,350,0
TX000008281,173616,2026-04-19 17:06:19,medium_chest,9.99,800,0
TX000013882,101531,2026-04-19 17:42:14,large_chest,19.99,1800,0
TX000007974,101479,2026-04-19 17:50:28,small_pouch,4.99,350,0
TX000012734,104495,2026-04-19 18:07:49,medium_chest,9.99,800,0
TX000013725,161524,2026-04-19 18:10:27,large_chest,19.99,1800,0
TX000007107,142352,2026-04-19 18:10:51,small_pouch,4.99,350,0
TX000012906,137025,2026-04-19 18:21:27,medium_chest,9.99,800,0
TX000013459,133236,2026-04-19 18:25:35,medium_chest,9.99,800,0
TX000013275,145407,2026-04-19 18:48:52,small_pouch,-4.99,-350,0
TX000013457,155874,2026-04-19 18:56:59,starter_pouch,1.99,120,0
TX000003201,125166,2026-04-19 18:59:50,medium_chest,9.99,800,0
TX000004990,178820,2026-04-19 19:00:28,large_chest,-19.99,-1800,0
TX000015299,106200,2026-04-19 19:02:51,starter_pouch,1.99,120,0
TX000007351,150777,2026-04-19 19:16:42,small_pouch,4.99,350,0
TX000001822,103504,2026-04-19 19:20:22,small_pouch,4.99,350,0
TX000012303,165650,2026-04-19 19:20:42,medium_chest,9.99,800,0
TX000013891,142925,2026-04-19 19:26:57,small_pouch,4.99,350,0
TX000002554,149302,2026-04-19 19:28:20,small_pouch,4.99,350,0
TX000013394,176553,2026-04-19 19:32:23,starter_pouch,1.99,120,0
TX000012134,161472,2026-04-19 19:41:38,large_chest,19.99,1800,0
TX000012325,117002,2026-04-19 19:46:31,medium_chest,9.99,800,0
TX000010435,139676,2026-04-19 19:47:53,medium_chest,9.99,800,0
TX000002738,157974,2026-04-19 19:51:16,medium_chest,9.99,800,0
TX000003474,112992,2026-04-19 20:01:41,small_pouch,-4.99,-350,0
TX000004679,127763,2026-04-19 20:03:06,starter_pouch,1.99,120,0
TX000005750,139711,2026-04-19 20:08:17,vault,49.99,5000,0
TX000010701,140462,2026-04-19 20:10:28,small_pouch,4.99,350,0
TX000008974,142575,2026-04-19 20:32:15,starter_pouch,1.99,120,0
TX000004070,165449,2026-04-19 20:38:13,starter_pouch,1.99,120,0
TX000009510,109692,2026-04-19 21:01:58,medium_chest,9.99,800,0
TX000004135,159214,2026-04-19 21:05:15,medium_chest,9.99,800,0
TX000013746,151233,2026-04-19 21:13:19,starter_pouch,1.99,120,0
TX000012291,115124,2026-04-19 21:15:17,medium_chest,9.99,800,0
TX000011813,107205,2026-04-19 21:40:16,starter_pouch,1.99,120,0
TX000008037,135017,2026-04-19 21:50:04,starter_pouch,1.99,120,0
TX000013937,139433,2026-04-19 22:11:17,large_chest,19.99,1800,0
TX000002221,153043,2026-04-19 22:19:17,vault,49.99,5000,0
TX000011811,109404,2026-04-19 22:40:36,small_pouch,4.99,350,0
TX000001493,136816,2026-04-19 22:51:29,large_chest,19.99,1800,0
TX000012204,169079,2026-04-19 22:54:37,vault,49.99,5000,0
TX000013984,161499,2026-04-19 23:36:55,vault,49.99,5000,0
TX000005092,171447,2026-04-19 23:41:35,vault,49.99,5000,0
TX000011742,165533,2026-04-19 23:44:24,starter_pouch,1.99,120,0
TX000006133,172793,2026-04-19 23:59:56,large_chest,19.99,1800,0
TX000012001,128562,2026-04-20 06:00:37,medium_chest,9.99,800,0
TX000012037,103661,2026-04-20 06:08:02,medium_chest,9.99,800,0
TX000002408,134102,2026-04-20 06:49:40,small_pouch,-4.99,-350,0
TX000012271,174264,2026-04-20 06:54:09,starter_pouch,1.99,120,0
TX000006865,123138,2026-04-20 07:01:53,small_pouch,4.99,350,0
TX000008905,112992,2026-04-20 07:14:38,vault,49.99,5000,0
TX000001981,120457,2026-04-20 07:25:30,medium_chest,9.99,800,0
TX000010698,101531,2026-04-20 07:44:34,small_pouch,4.99,350,0
TX000006667,142151,2026-04-20 08:30:12,starter_pouch,1.99,120,0
TX000012729,136057,2026-04-20 08:34:23,starter_pouch,-1.99,-120,0
TX000008256,154073,2026-04-20 09:25:07,large_chest,19.99,1800,0
TX000013551,149857,2026-04-20 10:24:09,large_chest,19.99,1800,0
TX000010376,129426,2026-04-20 10:59:56,large_chest,19.99,1800,0
TX000008204,115302,2026-04-20 11:43:29,starter_pouch,1.99,120,0
TX000008579,121812,2026-04-20 11:59:10,mega_vault,99.99,11000,0
TX000009035,166384,2026-04-20 11:59:53,medium_chest,9.99,800,0
TX000001193,146989,2026-04-20 12:59:45,medium_chest,9.99,800,0
TX000009431,126863,2026-04-20 13:04:17,medium_chest,9.99,800,0
TX000008107,160162,2026-04-20 13:24:09,starter_pouch,1.99,120,0
TX000011766,131879,2026-04-20 13:27:47,starter_pouch,1.99,120,0
TX000009817,116646,2026-04-20 13:54:32,medium_chest,9.99,800,0
TX000010586,149739,2026-04-20 15:27:15,small_pouch,4.99,350,0
TX000007899,132364,2026-04-20 15:46:26,vault,49.99,5000,0
TX000007473,139151,2026-04-20 16:22:24,starter_pouch,1.99,120,0
TX000004363,131190,2026-04-20 16:26:56,starter_pouch,1.99,120,0
TX000001291,148888,2026-04-20 16:27:13,starter_pouch,1.99,120,0
TX000000790,169425,2026-04-20 16:46:13,medium_chest,9.99,800,0
TX000013269,125368,2026-04-20 17:10:55,medium_chest,9.99,800,0
TX000002726,150672,2026-04-20 17:12:07,medium_chest,9.99,800,0
TX000004595,100519,2026-04-20 17:22:07,small_pouch,4.99,350,0
TX000000495,146755,2026-04-20 17:24:57,small_pouch,4.99,350,0
TX000002736,126516,2026-04-20 17:30:12,small_pouch,4.99,350,0
TX000008192,137923,2026-04-20 17:42:01,starter_pouch,1.99,120,0
TX000003800,134148,2026-04-20 17:57:44,starter_pouch,1.99,120,0
TX000007710,169854,2026-04-20 18:02:08,small_pouch,4.99,350,0
TX000003525,111730,2026-04-20 18:04:00,starter_pouch,1.99,120,0
TX000002381,166023,2026-04-20 18:04:10,mega_vault,99.99,11000,0
TX000008086,130648,2026-04-20 18:04:56,large_chest,19.99,1800,0
TX000012489,166704,2026-04-20 18:08:07,small_pouch,4.99,350,0
TX000009917,127769,2026-04-20 18:08:46,small_pouch,4.99,350,0
TX000013244,157173,2026-04-20 18:30:18,small_pouch,4.99,350,0
TX000003150,132623,2026-04-20 18:33:39,medium_chest,9.99,800,0
TX000004965,150458,2026-04-20 18:43:25,small_pouch,4.99,350,0
TX000005773,130758,2026-04-20 18:49:56,starter_pouch,1.99,120,0
TX000008882,176695,2026-04-20 18:55:58,starter_pouch,1.99,120,0
TX000014334,134570,2026-04-20 18:59:45,small_pouch,4.99,350,0
TX000012578,132569,2026-04-20 19:04:00,starter_pouch,1.99,120,0
TX000000740,146325,2026-04-20 19:08:09,large_chest,19.99,1800,0
TX000008613,137912,2026-04-20 19:08:56,small_pouch,4.99,350,0
TX000014263,100382,2026-04-20 19:19:06,starter_pouch,1.99,120,0
TX000011149,100884,2026-04-20 19:28:24,small_pouch,4.99,350,0
TX000007015,154781,2026-04-20 19:31:35,starter_pouch,1.99,120,0
TX000014685,125068,2026-04-20 19:37:35,starter_pouch,1.99,120,0
TX000007624,173764,2026-04-20 19:40:13,starter_pouch,1.99,120,0
TX000011613,133644,2026-04-20 19:48:12,medium_chest,9.99,800,0
TX000008213,172013,2026-04-20 19:52:21,starter_pouch,1.99,120,0
TX000013991,169168,2026-04-20 20:11:04,small_pouch,4.99,350,0
TX000013784,161830,2026-04-20 20:19:57,mega_vault,99.99,11000,0
TX000004483,153007,2026-04-20 20:21:26,medium_chest,9.99,800,0
TX000000357,144294,2026-04-20 20:26:52,small_pouch,-4.99,-350,0
TX000014521,140032,2026-04-20 20:36:29,medium_chest,9.99,800,0
TX000014456,138588,2026-04-20 20:38:28,mega_vault,99.99,11000,0
TX000004601,115817,2026-04-20 20:39:40,vault,49.99,5000,0
TX000001420,122431,2026-04-20 20:56:24,starter_pouch,1.99,120,0
TX000013819,166225,2026-04-20 20:57:23,small_pouch,4.99,350,0
TX000002728,112179,2026-04-20 20:57:26,starter_pouch,1.99,120,0
TX000001790,135405,2026-04-20 20:57:27,medium_chest,9.99,800,0
TX000013028,160137,2026-04-20 21:01:50,large_chest,19.99,1800,0
TX000008427,121049,2026-04-20 21:03:30,medium_chest,9.99,800,0
TX000009650,177768,2026-04-20 21:20:06,large_chest,19.99,1800,0
TX000011093,109710,2026-04-20 21:31:56,vault,49.99,5000,0
TX000005625,171534,2026-04-20 21:32:47,small_pouch,4.99,350,0
TX000012871,142381,2026-04-20 21:35:49,small_pouch,4.99,350,0
TX000004098,170615,2026-04-20 21:39:40,large_chest,19.99,1800,0
TX000004660,116096,2026-04-20 21:50:18,medium_chest,9.99,800,0
TX000008789,115460,2026-04-20 22:02:18,small_pouch,4.99,350,0
TX000015077,141865,2026-04-20 22:08:24,starter_pouch,1.99,120,0
TX000008788,123002,2026-04-20 22:10:48,vault,49.99,5000,0
TX000009569,113893,2026-04-20 22:22:04,starter_pouch,1.99,120,0
TX000007367,122065,2026-04-20 22:28:10,large_chest,19.99,1800,0
TX000008192,137923,2026-04-20 22:35:08,starter_pouch,1.99,120,0
TX000003961,129536,2026-04-20 22:35:21,starter_pouch,1.99,120,0
TX000000926,115704,2026-04-20 22:44:47,medium_chest,9.99,800,0
TX000012403,165144,2026-04-20 23:05:07,starter_pouch,1.99,120,0
TX000007244,107226,2026-04-20 23:16:35,starter_pouch,1.99,120,0
TX000006049,135651,2026-04-20 23:31:55,starter_pouch,1.99,120,0
TX000005366,163081,2026-04-20 23:45:59,medium_chest,-9.99,-800,0
TX000001808,144796,2026-04-20 23:59:56,starter_pouch,1.99,120,0
TX000012037,103661,2026-04-20 23:59:56,medium_chest,9.99,800,0
TX000008618,144870,2026-04-21 06:04:42,starter_pouch,1.99,120,0
TX000005718,163187,2026-04-21 06:04:51,starter_pouch,1.99,120,0
TX000008822,148248,2026-04-21 06:33:23,small_pouch,4.99,350,0
TX000010640,121168,2026-04-21 06:35:46,large_chest,19.99,1800,0
TX000002812,143372,2026-04-21 07:15:32,starter_pouch,1.99,120,0
TX000005176,154468,2026-04-21 07:27:51,starter_pouch,1.99,120,0
TX000009788,176244,2026-04-21 08:33:49,large_chest,19.99,1800,0
TX000004498,137327,2026-04-21 09:12:58,starter_pouch,1.99,120,0
TX000005368,171464,2026-04-21 09:29:22,small_pouch,4.99,350,0
TX000007877,170674,2026-04-21 09:37:01,small_pouch,4.99,350,0
TX000014537,113909,2026-04-21 09:40:15,vault,49.99,5000,0
TX000005187,163614,2026-04-21 09:52:20,medium_chest,9.99,800,0
TX000007530,120697,2026-04-21 10:39:51,medium_chest,9.99,800,0
TX000006374,157564,2026-04-21 11:59:59,large_chest,19.99,1800,0
TX000012173,148403,2026-04-21 12:52:06,starter_pouch,1.99,120,0
TX000003359,150273,2026-04-21 13:17:19,mega_vault,99.99,11000,0
TX000003030,177897,2026-04-21 13:29:42,medium_chest,9.99,800,0
TX000012230,170624,2026-04-21 13:33:44,starter_pouch,1.99,120,0
TX000010095,142975,2026-04-21 13:54:59,small_pouch,4.99,350,0
TX000009500,112309,2026-04-21 13:59:55,medium_chest,9.99,800,0
TX000011347,178528,2026-04-21 14:29:01,small_pouch,4.99,350,0
TX000002214,121764,2026-04-21 14:43:00,starter_pouch,1.99,120,0
TX000008810,163952,2026-04-21 14:48:22,small_pouch,4.99,350,0
TX000007843,144055,2026-04-21 15:09:26,starter_pouch,1.99,120,0
TX000014366,119220,2026-04-21 15:33:07,large_chest,19.99,1800,0
TX000006130,176878,2026-04-21 15:33:45,large_chest,19.99,1800,0
TX000005108,118445,2026-04-21 16:09:35,starter_pouch,1.99,120,0
TX000006439,106967,2026-04-21 16:09:58,medium_chest,9.99,800,0
TX000007213,114366,2026-04-21 16:33:16,medium_chest,9.99,800,0
TX000013946,158832,2026-04-21 16:33:37,small_pouch,4.99,350,0
TX000003700,119448,2026-04-21 16:44:45,medium_chest,9.99,800,0
TX000000912,126504,2026-04-21 16:46:23,medium_chest,9.99,800,0
TX000002279,140950,2026-04-21 16:56:53,mega_vault,99.99,11000,0
TX000013094,136782,2026-04-21 17:05:50,large_chest,19.99,1800,0
TX000011419,106805,2026-04-21 17:09:42,small_pouch,4.99,350,0
TX000006291,176014,2026-04-21 17:14:26,small_pouch,4.99,350,0
TX000003221,160820,2026-04-21 17:21:14,large_chest,19.99,1800,0
TX000014133,122797,2026-04-21 17:30:25,vault,-49.99,-5000,0
TX000012343,178434,2026-04-21 17:31:25,medium_chest,9.99,800,0
TX000000606,178723,2026-04-21 17:31:27,vault,49.99,5000,0
TX000008713,153994,2026-04-21 17:31:59,starter_pouch,1.99,120,0
TX000008696,144984,2026-04-21 18:04:48,small_pouch,4.99,350,0
TX000004948,125353,2026-04-21 18:11:04,small_pouch,4.99,350,0
TX000005582,105484,2026-04-21 18:17:25,large_chest,19.99,1800,0
TX000010322,156270,2026-04-21 18:17:44,small_pouch,4.99,350,0
TX000004062,109023,2026-04-21 18:30:19,medium_chest,9.99,800,0
TX000012867,167431,2026-04-21 18:31:32,small_pouch,4.99,350,0
TX000001082,109747,2026-04-21 18:37:20,vault,49.99,5000,0
TX000005018,177932,2026-04-21 18:38:24,small_pouch,4.99,350,0
TX000013998,147182,2026-04-21 18:44:42,small_pouch,4.99,350,0
TX000002897,140985,2026-04-21 18:45:35,large_chest,19.99,1800,0
TX000011654,162421,2026-04-21 18:49:17,medium_chest,9.99,800,0
TX000004426,137665,2026-04-21 18:49:52,small_pouch,4.99,350,0
TX000013992,164214,2026-04-21 19:15:56,large_chest,19.99,1800,0
TX000010699,171268,2026-04-21 19:33:08,medium_chest,9.99,800,0
TX000014955,179920,2026-04-21 19:36:25,small_pouch,4.99,350,0
TX000013630,114045,2026-04-21 19:42:40,starter_pouch,1.99,120,0
TX000005986,105342,2026-04-21 19:47:46,starter_pouch,1.99,120,0
TX000002582,144252,2026-04-21 19:58:42,medium_chest,9.99,800,0
TX000003593,143458,2026-04-21 20:11:22,large_chest,19.99,1800,0
TX000001137,139861,2026-04-21 20:13:40,small_pouch,4.99,350,0
TX000001606,122978,2026-04-21 20:15:25,vault,49.99,5000,0
TX000008264,157179,2026-04-21 20:15:40,small_pouch,4.99,350,0
TX000015179,176646,2026-04-21 20:16:53,large_chest,19.99,1800,0
TX000004184,155076,2026-04-21 20:23:19,small_pouch,4.99,350,0
TX000002670,178179,2026-04-21 20:24:29,small_pouch,4.99,350,0
TX000012399,109671,2026-04-21 20:39:32,starter_pouch,1.99,120,0
TX000013293,132179,2026-04-21 20:49:40,small_pouch,4.99,350,0
TX000000077,175487,2026-04-21 20:50:28,small_pouch,4.99,350,0
TX000014242,154847,2026-04-21 21:10:58,large_chest,19.99,1800,0
TX000006943,172026,2026-04-21 21:15:01,large_chest,19.99,1800,0
TX000001106,153322,2026-04-21 21:18:40,starter_pouch,1.99,120,0
TX000004034,131759,2026-04-21 21:25:14,starter_pouch,1.99,120,0
TX000010652,158799,2026-04-21 21:29:14,vault,49.99,5000,0
TX000010409,112523,2026-04-21 21:48:15,small_pouch,4.99,350,0
TX000002283,170607,2026-04-21 22:04:08,starter_pouch,1.99,120,0
TX000001240,145685,2026-04-21 22:05:13,vault,49.99,5000,0
TX000007532,179002,2026-04-21 22:36:35,medium_chest,9.99,800,0
TX000006556,155032,2026-04-21 22:41:20,medium_chest,9.99,800,0
TX000002399,101845,2026-04-21 22:47:01,small_pouch,4.99,350,0
TX000012656,105202,2026-04-21 22:50:15,large_chest,19.99,1800,0
TX000012495,103047,2026-04-21 23:00:08,starter_pouch,1.99,120,0
TX000010672,154488,2026-04-21 23:03:15,starter_pouch,1.99,120,0
TX000011430,141327,2026-04-21 23:12:06,medium_chest,-9.99,-800,0
TX000012294,137889,2026-04-21 23:17:56,starter_pouch,1.99,120,0
TX000014455,122688,2026-04-21 23:31:19,medium_chest,9.99,800,0
TX000003174,145915,2026-04-21 23:59:56,starter_pouch,1.99,120,0
TX000004942,119021,2026-04-21 23:59:56,large_chest,19.99,1800,0
TX000014062,166664,2026-04-22 06:17:38,mega_vault,99.99,11000,0
TX000007852,124135,2026-04-22 06:36:06,starter_pouch,1.99,120,0
TX000015124,115349,2026-04-22 06:36:43,medium_chest,9.99,800,0
TX000000935,170956,2026-04-22 07:23:03,medium_chest,9.99,800,0
TX000007907,137324,2026-04-22 07:29:04,starter_pouch,1.99,120,0
TX000013988,121049,2026-04-22 07:49:47,medium_chest,9.99,800,0
TX000013686,154290,2026-04-22 08:24:20,small_pouch,4.99,350,0
TX000001281,147179,2026-04-22 09:05:25,vault,49.99,5000,0
TX000013861,130195,2026-04-22 09:07:09,small_pouch,4.99,350,0
TX000013924,150853,2026-04-22 10:04:20,small_pouch,4.99,350,0
TX000013756,178986,2026-04-22 10:40:33,small_pouch,4.99,350,0
TX000011138,160137,2026-04-22 10:49:39,starter_pouch,1.99,120,0
TX000010036,132988,2026-04-22 10:57:43,starter_pouch,1.99,120,0
TX000006504,126415,2026-04-22 11:13:11,small_pouch,4.99,350,0
TX000007257,163145,2026-04-22 11:35:35,mega_vault,99.99,11000,0
TX000009460,174251,2026-04-22 11:45:08,starter_pouch,1.99,120,0
TX000009412,120349,2026-04-22 12:11:26,vault,49.99,5000,0
TX000005833,153714,2026-04-22 12:12:05,medium_chest,9.99,800,0
TX000004674,172104,2026-04-22 12:59:25,small_pouch,4.99,350,0
TX000007589,138593,2026-04-22 13:01:52,medium_chest,9.99,800,0
TX000000092,165410,2026-04-22 13:28:49,medium_chest,9.99,800,0
TX000009530,112034,2026-04-22 13:45:34,large_chest,19.99,1800,0
TX000011820,109822,2026-04-22 13:56:59,medium_chest,9.99,800,0
TX000010244,170567,2026-04-22 13:58:10,large_chest,19.99,1800,0
TX000003893,127334,2026-04-22 14:08:33,large_chest,19.99,1800,0
TX000008928,119868,2026-04-22 14:55:31,large_chest,19.99,1800,0
TX000002471,150192,2026-04-22 14:56:05,starter_pouch,1.99,120,0
TX000009721,169465,2026-04-22 14:59:46,large_chest,19.99,1800,0
TX000002450,148641,2026-04-22 15:03:54,small_pouch,4.99,350,0
TX000009335,176456,2026-04-22 15:12:39,starter_pouch,1.99,120,0
TX000010903,140165,2026-04-22 15:32:24,small_pouch,4.99,350,0
TX000002807,171224,2026-04-22 15:32:39,medium_chest,9.99,800,0
TX000001826,136142,2026-04-22 15:48:41,vault,49.99,5000,0
TX000001257,123976,2026-04-22 15:53:04,small_pouch,4.99,350,0
TX000009262,101579,2026-04-22 15:55:09,medium_chest,9.99,800,0
TX000005434,175294,2026-04-22 16:19:55,medium_chest,9.99,800,0
TX000014264,122787,2026-04-22 17:04:34,small_pouch,4.99,350,0
TX000002379,173487,2026-04-22 17:10:47,medium_chest,9.99,800,0
TX000008564,145006,2026-04-22 17:23:27,large_chest,-19.99,-1800,0
TX000007969,123997,2026-04-22 17:23:39,starter_pouch,1.99,120,0
TX000006886,133574,2026-04-22 17:26:52,large_chest,19.99,1800,0
TX000010720,136376,2026-04-22 17:38:18,starter_pouch,1.99,120,0
TX000008642,163088,2026-04-22 17:38:26,small_pouch,4.99,350,0
TX000014195,100474,2026-04-22 17:42:30,starter_pouch,1.99,120,0
TX000002410,106501,2026-04-22 17:43:49,medium_chest,9.99,800,0
TX000008349,135971,2026-04-22 17:52:15,small_pouch,4.99,350,0
TX000005511,153274,2026-04-22 17:58:10,large_chest,19.99,1800,0
TX000005232,101525,2026-04-22 18:08:10,large_chest,19.99,1800,0
TX000003120,138155,2026-04-22 18:09:10,medium_chest,9.99,800,0
TX000004654,101210,2026-04-22 18:12:55,vault,49.99,5000,0
TX000000856,151928,2026-04-22 18:18:10,starter_pouch,1.99,120,0
TX000015198,100351,2026-04-22 18:19:30,vault,49.99,5000,0
TX000007689,157372,2026-04-22 18:24:10,medium_chest,9.99,800,0
TX000007678,130650,2026-04-22 18:30:05,small_pouch,4.99,350,0
TX000006994,159671,2026-04-22 18:42:42,small_pouch,4.99,350,0
TX000009075,177954,2026-04-22 18:58:36,small_pouch,4.99,350,0
TX000014925,142404,2026-04-22 19:09:11,medium_chest,9.99,800,0
TX000007556,112992,2026-04-22 19:12:07,small_pouch,4.99,350,0
TX000014062,166664,2026-04-22 19:27:03,mega_vault,99.99,11000,0
TX000012090,101947,2026-04-22 19:27:57,vault,49.99,5000,0
TX000003122,114362,2026-04-22 19:36:11,small_pouch,4.99,350,0
TX000007428,166422,2026-04-22 19:42:08,vault,-49.99,-5000,0
TX000003533,171835,2026-04-22 19:48:01,starter_pouch,1.99,120,0
TX000011341,147182,2026-04-22 19:49:24,vault,49.99,5000,0
TX000010178,170539,2026-04-22 19:50:05,small_pouch,4.99,350,0
TX000006078,179023,2026-04-22 20:03:39,starter_pouch,1.99,120,0
TX000002637,175583,2026-04-22 20:03:52,mega_vault,99.99,11000,0
TX000005272,126997,2026-04-22 20:03:55,starter_pouch,1.99,120,0
TX000000676,141123,2026-04-22 20:10:55,small_pouch,4.99,350,0
TX000004357,153734,2026-04-22 20:14:10,vault,49.99,5000,0
TX000005478,177055,2026-04-22 20:18:38,medium_chest,9.99,800,0
TX000013324,131622,2026-04-22 20:27:28,small_pouch,4.99,350,0
TX000002953,116136,2026-04-22 20:37:18,large_chest,19.99,1800,0
TX000008298,109606,2026-04-22 20:40:13,starter_pouch,1.99,120,0
TX000007907,137324,2026-04-22 20:40:53,starter_pouch,1.99,120,0
TX000005269,130661,2026-04-22 20:48:15,small_pouch,4.99,350,0
TX000012452,160821,2026-04-22 20:54:30,vault,49.99,5000,0
TX000004507,138835,2026-04-22 20:54:41,large_chest,19.99,1800,0
TX000006051,109446,2026-04-22 21:03:24,starter_pouch,1.99,120,0
TX000008578,102526,2026-04-22 21:05:42,large_chest,19.99,1800,0
TX000008958,125302,2026-04-22 21:13:42,vault,49.99,5000,0
TX000011197,163249,2026-04-22 21:22:18,medium_chest,9.99,800,0
TX000010842,128463,2026-04-22 21:24:58,starter_pouch,1.99,120,0
TX000000456,125628,2026-04-22 21:26:02,starter_pouch,1.99,120,0
TX000013530,175470,2026-04-22 21:28:31,starter_pouch,1.99,120,0
TX000003611,159884,2026-04-22 21:30:00,medium_chest,9.99,800,0
TX000012706,106044,2026-04-22 21:35:45,medium_chest,9.99,800,0
TX000000443,142142,2026-04-22 21:40:59,starter_pouch,1.99,120,0
TX000007257,163145,2026-04-22 21:45:31,mega_vault,99.99,11000,0
TX000008495,138557,2026-04-22 21:50:23,medium_chest,9.99,800,0
TX000011949,144588,2026-04-22 21:53:09,small_pouch,4.99,350,0
TX000001315,122161,2026-04-22 22:07:19,starter_pouch,1.99,120,0
TX000013157,123436,2026-04-22 22:13:08,mega_vault,99.99,11000,0
TX000005437,112915,2026-04-22 22:17:28,mega_vault,99.99,11000,0
TX000006341,101639,2026-04-22 22:20:09,small_pouch,4.99,350,0
TX000005648,151886,2026-04-22 22:27:39,starter_pouch,1.99,120,0
TX000002043,157510,2026-04-22 22:39:24,starter_pouch,1.99,120,0
TX000014165,162049,2026-04-22 22:56:26,large_chest,19.99,1800,0
TX000003481,162536,2026-04-22 22:58:53,small_pouch,4.99,350,0
TX000009504,130364,2026-04-22 23:10:08,starter_pouch,1.99,120,0
TX000009268,115288,2026-04-22 23:13:10,small_pouch,4.99,350,0
TX000008611,170615,2026-04-22 23:59:56,small_pouch,4.99,350,0
TX000001844,108623,2026-04-23 06:00:27,small_pouch,4.99,350,1
TX000004797,113814,2026-04-23 06:03:37,vault,49.99,5000,1
TX000014444,133466,2026-04-23 06:06:26,medium_chest,9.99,800,1
TX000005936,145723,2026-04-23 06:07:58,small_pouch,4.99,350,1
TX000014744,102380,2026-04-23 06:09:03,large_chest,19.99,1800,1
TX000010986,100789,2026-04-23 06:11:55,starter_pouch,1.99,120,1
TX000008307,118823,2026-04-23 06:18:53,medium_chest,9.99,800,1
TX000007377,174731,2026-04-23 06:20:35,starter_pouch,1.99,120,1
TX000001560,101178,2026-04-23 06:23:26,small_pouch,4.99,350,1
TX000014795,143795,2026-04-23 06:25:48,starter_pouch,1.99,120,1
TX000001930,107155,2026-04-23 06:25:58,small_pouch,4.99,350,1
TX000015142,128887,2026-04-23 06:29:10,starter_pouch,1.99,120,1
TX000013735,103359,2026-04-23 06:36:09,medium_chest,9.99,800,1
TX000002169,165102,2026-04-23 06:37:35,starter_pouch,1.99,120,1
TX000012435,173143,2026-04-23 06:37:40,small_pouch,4.99,350,1
TX000010983,141780,2026-04-23 06:38:05,starter_pouch,1.99,120,1
TX000006930,179904,2026-04-23 06:39:01,starter_pouch,1.99,120,1
TX000013146,174662,2026-04-23 06:45:59,vault,49.99,5000,1
TX000002980,150946,2026-04-23 06:48:44,vault,49.99,5000,1
TX000005904,115615,2026-04-23 06:50:14,starter_pouch,1.99,120,1
TX000008091,126636,2026-04-23 06:51:19,medium_chest,9.99,800,1
TX000003186,178852,2026-04-23 06:55:21,mega_vault,99.99,11000,1
TX000000470,107700,2026-04-23 06:57:58,small_pouch,4.99,350,1
TX000003383,172545,2026-04-23 07:00:30,medium_chest,9.99,800,1
TX000013168,146398,2026-04-23 07:03:49,medium_chest,9.99,800,1
TX000006208,111860,2026-04-23 07:04:18,small_pouch,4.99,350,1
TX000007728,171213,2026-04-23 07:05:32,large_chest,19.99,1800,1
TX000007434,110683,2026-04-23 07:10:48,starter_pouch,1.99,120,1
TX000004161,144855,2026-04-23 07:13:35,large_chest,19.99,1800,1
TX000012234,170615,2026-04-23 07:14:04,vault,49.99,5000,1
TX000003931,110962,2026-04-23 07:15:52,large_chest,19.99,1800,1
TX000014982,102240,2026-04-23 07:21:26,small_pouch,4.99,350,1
TX000009702,121085,2026-04-23 07:22:02,starter_pouch,1.99,120,1
TX000006140,122441,2026-04-23 07:26:11,starter_pouch,1.99,120,1
TX000010172,135510,2026-04-23 07:26:22,large_chest,19.99,1800,1
TX000009612,177892,2026-04-23 07:26:37,small_pouch,4.99,350,1
TX000011397,166704,2026-04-23 07:27:54,small_pouch,4.99,350,1
TX000009520,179571,2026-04-23 07:32:50,vault,49.99,5000,1
TX000004735,176156,2026-04-23 07:32:55,small_pouch,4.99,350,1
TX000011783,122825,2026-04-23 07:33:02,medium_chest,9.99,800,1
TX000005073,149029,2026-04-23 07:35:51,small_pouch,4.99,350,1
TX000003514,123052,2026-04-23 07:38:07,small_pouch,4.99,350,1
TX000001839,118025,2026-04-23 07:38:33,small_pouch,4.99,350,1
TX000012331,178753,2026-04-23 07:39:23,starter_pouch,1.99,120,1
TX000009321,101869,2026-04-23 07:41:25,vault,49.99,5000,1
TX000012308,131785,2026-04-23 07:41:54,large_chest,19.99,1800,1
TX000011122,137693,2026-04-23 07:45:52,starter_pouch,1.99,120,1
TX000013286,151227,2026-04-23 07:47:46,starter_pouch,1.99,120,1
TX000000415,117704,2026-04-23 07:49:08,medium_chest,9.99,800,1
TX000004598,152596,2026-04-23 07:53:40,vault,49.99,5000,1
TX000000692,114187,2026-04-23 08:00:52,medium_chest,9.99,800,1
TX000015225,170655,2026-04-23 08:06:30,starter_pouch,1.99,120,1
TX000011769,170902,2026-04-23 08:07:51,small_pouch,4.99,350,1
TX000012491,118231,2026-04-23 08:08:17,starter_pouch,1.99,120,1
TX000009020,160529,2026-04-23 08:10:09,medium_chest,9.99,800,1
TX000010780,122423,2026-04-23 08:19:25,large_chest,19.99,1800,1
TX000005794,126951,2026-04-23 08:23:16,large_chest,19.99,1800,1
TX000004277,150916,2026-04-23 08:25:29,starter_pouch,1.99,120,1
TX000010854,148721,2026-04-23 08:30:12,small_pouch,4.99,350,1
TX000011053,146491,2026-04-23 08:31:34,medium_chest,9.99,800,1
TX000010415,100182,2026-04-23 08:31:41,large_chest,19.99,1800,1
TX000006353,132538,2026-04-23 08:32:15,starter_pouch,1.99,120,1
TX000014554,111363,2026-04-23 08:32:24,mega_vault,99.99,11000,1
TX000006092,148874,2026-04-23 08:40:03,vault,49.99,5000,1
TX000012684,172267,2026-04-23 08:44:06,starter_pouch,1.99,120,1
TX000014670,172049,2026-04-23 08:44:38,starter_pouch,1.99,120,1
TX000006059,103363,2026-04-23 08:48:45,starter_pouch,1.99,120,1
TX000012428,115302,2026-04-23 08:49:00,vault,49.99,5000,1
TX000008355,134477,2026-04-23 08:50:27,vault,49.99,5000,1
TX000003102,115723,2026-04-23 08:51:00,medium_chest,9.99,800,1
TX000006441,171251,2026-04-23 08:51:40,small_pouch,4.99,350,1
TX000006290,116753,2026-04-23 08:58:12,mega_vault,99.99,11000,1
TX000014826,129752,2026-04-23 09:03:46,starter_pouch,1.99,120,1
TX000005316,144237,2026-04-23 09:06:50,small_pouch,4.99,350,1
TX000000081,156029,2026-04-23 09:07:58,small_pouch,4.99,350,1
TX000014923,153849,2026-04-23 09:12:05,vault,49.99,5000,1
TX000000850,130645,2026-04-23 09:17:31,starter_pouch,1.99,120,1
TX000000821,174264,2026-04-23 09:18:22,large_chest,19.99,1800,1
TX000000754,126823,2026-04-23 09:18:45,large_chest,19.99,1800,1
TX000004001,161382,2026-04-23 09:19:27,small_pouch,4.99,350,1
TX000008189,113886,2026-04-23 09:22:11,medium_chest,9.99,800,1
TX000012371,102519,2026-04-23 09:23:10,starter_pouch,1.99,120,1
TX000003298,132489,2026-04-23 09:24:22,starter_pouch,1.99,120,1
TX000007884,111363,2026-04-23 09:26:13,starter_pouch,1.99,120,1
TX000012282,123762,2026-04-23 09:27:57,large_chest,19.99,1800,1
TX000006438,163491,2026-04-23 09:32:14,medium_chest,9.99,800,1
TX000011705,135137,2026-04-23 09:32:57,medium_chest,9.99,800,1
TX000006433,175614,2026-04-23 09:33:29,small_pouch,4.99,350,1
TX000003108,116196,2026-04-23 09:34:43,small_pouch,4.99,350,1
TX000014368,135595,2026-04-23 09:38:41,medium_chest,9.99,800,1
TX000005770,132767,2026-04-23 09:44:23,small_pouch,4.99,350,1
TX000003614,120539,2026-04-23 09:47:03,starter_pouch,1.99,120,1
TX000005407,169963,2026-04-23 09:47:39,small_pouch,4.99,350,1
TX000001312,161582,2026-04-23 09:53:55,medium_chest,9.99,800,1
TX000006703,159901,2026-04-23 09:54:04,medium_chest,9.99,800,1
TX000010627,132881,2026-04-23 09:54:58,small_pouch,4.99,350,1
TX000003056,146607,2026-04-23 09:56:28,medium_chest,9.99,800,1
TX000010753,122734,2026-04-23 09:58:47,medium_chest,9.99,800,1
TX000013193,148421,2026-04-23 09:59:23,mega_vault,99.99,11000,1
TX000007044,128866,2026-04-23 10:00:51,large_chest,19.99,1800,1
TX000002126,109410,2026-04-23 10:03:46,small_pouch,4.99,350,1
TX000004211,121416,2026-04-23 10:05:11,starter_pouch,1.99,120,1
TX000003847,175293,2026-04-23 10:07:32,medium_chest,9.99,800,1
TX000013198,164479,2026-04-23 10:14:30,small_pouch,4.99,350,1
TX000001165,161963,2026-04-23 10:21:05,starter_pouch,1.99,120,1
TX000007115,133736,2026-04-23 10:21:20,medium_chest,9.99,800,1
TX000006465,151557,2026-04-23 10:23:48,medium_chest,9.99,800,1
TX000014470,175906,2026-04-23 10:24:08,small_pouch,4.99,350,1
TX000010209,170226,2026-04-23 10:25:40,small_pouch,4.99,350,1
TX000007270,125641,2026-04-23 10:27:02,starter_pouch,1.99,120,1
TX000013607,130443,2026-04-23 10:39:57,medium_chest,9.99,800,1
TX000001699,140971,2026-04-23 10:40:38,starter_pouch,1.99,120,1
TX000009827,102216,2026-04-23 10:42:32,small_pouch,4.99,350,1
TX000004504,135994,2026-04-23 10:47:41,starter_pouch,1.99,120,1
TX000007018,148815,2026-04-23 10:47:59,large_chest,19.99,1800,1
TX000006847,146060,2026-04-23 10:48:12,vault,49.99,5000,1
TX000013844,125036,2026-04-23 10:49:41,starter_pouch,1.99,120,1
TX000002630,104912,2026-04-23 10:53:59,small_pouch,4.99,350,1
TX000002295,127231,2026-04-23 10:56:06,large_chest,19.99,1800,1
TX000014601,132958,2026-04-23 10:56:19,starter_pouch,1.99,120,1
TX000010910,152771,2026-04-23 11:05:04,small_pouch,4.99,350,1
TX000004127,102600,2026-04-23 11:12:44,small_pouch,4.99,350,1
TX000015241,110770,2026-04-23 11:13:26,small_pouch,4.99,350,1
TX000015270,101476,2026-04-23 11:13:27,starter_pouch,1.99,120,1
TX000008997,154290,2026-04-23 11:16:54,small_pouch,4.99,350,1
TX000010822,104043,2026-04-23 11:21:30,medium_chest,9.99,800,1
TX000015283,123508,2026-04-23 11:21:43,small_pouch,4.99,350,1
TX000012026,107470,2026-04-23 11:26:12,medium_chest,9.99,800,1
TX000010772,178697,2026-04-23 11:27:47,starter_pouch,1.99,120,1
TX000014540,112848,2026-04-23 11:28:15,vault,49.99,5000,1
TX000005593,121633,2026-04-23 11:31:20,medium_chest,9.99,800,1
TX000009215,151671,2026-04-23 11:34:06,medium_chest,9.99,800,1
TX000014705,144065,2026-04-23 11:36:00,small_pouch,4.99,350,1
TX000003730,152198,2026-04-23 11:36:24,small_pouch,4.99,350,1
TX000004281,165732,2026-04-23 11:38:34,medium_chest,9.99,800,1
TX000012504,132934,2026-04-23 11:42:10,small_pouch,4.99,350,1
TX000014119,174632,2026-04-23 11:42:47,large_chest,19.99,1800,1
TX000002802,171472,2026-04-23 11:47:20,starter_pouch,1.99,120,1
TX000000389,118442,2026-04-23 11:49:15,medium_chest,9.99,800,1
TX000004283,112992,2026-04-23 11:49:25,large_chest,19.99,1800,1
TX000000658,109174,2026-04-23 11:49:56,large_chest,19.99,1800,1
TX000001405,119696,2026-04-23 11:53:08,small_pouch,4.99,350,1
TX000010550,140357,2026-04-23 11:58:31,small_pouch,4.99,350,1
TX000007164,166614,2026-04-23 11:58:46,medium_chest,9.99,800,1
TX000013035,172905,2026-04-23 11:59:54,medium_chest,9.99,800,1
TX000004493,137366,2026-04-23 12:00:55,small_pouch,4.99,350,1
TX000008685,172500,2026-04-23 12:01:37,starter_pouch,1.99,120,1
TX000000404,152195,2026-04-23 12:02:29,medium_chest,9.99,800,1
TX000000350,150153,2026-04-23 12:03:00,medium_chest,9.99,800,1
TX000009565,164104,2026-04-23 12:07:14,starter_pouch,1.99,120,1
TX000004031,173449,2026-04-23 12:07:15,large_chest,19.99,1800,1
TX000008572,177864,2026-04-23 12:10:37,starter_pouch,1.99,120,1
TX000012067,101907,2026-04-23 12:11:10,large_chest,19.99,1800,1
TX000010905,118769,2026-04-23 12:13:49,vault,49.99,5000,1
TX000013558,179889,2026-04-23 12:14:21,vault,49.99,5000,1
TX000009900,156801,2026-04-23 12:18:21,small_pouch,4.99,350,1
TX000014812,168306,2026-04-23 12:20:31,large_chest,19.99,1800,1
TX000009489,131080,2026-04-23 12:24:39,starter_pouch,1.99,120,1
TX000012254,133754,2026-04-23 12:25:12,starter_pouch,1.99,120,1
TX000009396,163052,2026-04-23 12:25:18,large_chest,19.99,1800,1
TX000005953,118838,2026-04-23 12:25:21,starter_pouch,1.99,120,1
TX000007349,131803,2026-04-23 12:29:16,small_pouch,4.99,350,1
TX000006674,115532,2026-04-23 12:31:35,starter_pouch,1.99,120,1
TX000009290,162975,2026-04-23 12:36:23,small_pouch,4.99,350,1
TX000000878,118526,2026-04-23 12:42:21,medium_chest,9.99,800,1
TX000012807,147296,2026-04-23 12:42:28,starter_pouch,1.99,120,1
TX000010206,141514,2026-04-23 12:42:48,medium_chest,9.99,800,1
TX000011358,179936,2026-04-23 12:43:24,starter_pouch,1.99,120,1
TX000010992,164233,2026-04-23 12:53:51,mega_vault,99.99,11000,1
TX000000588,175992,2026-04-23 12:55:18,medium_chest,9.99,800,1
TX000001070,168091,2026-04-23 12:56:41,starter_pouch,1.99,120,1
TX000008225,178869,2026-04-23 12:58:58,starter_pouch,1.99,120,1
TX000007316,116632,2026-04-23 13:02:20,vault,49.99,5000,1
TX000012697,180286,2026-04-23 13:05:01,starter_pouch,1.99,120,1
TX000013462,175900,2026-04-23 13:05:39,large_chest,19.99,1800,1
TX000014864,123080,2026-04-23 13:07:44,vault,49.99,5000,1
TX000002647,162801,2026-04-23 13:10:52,large_chest,19.99,1800,1
TX000001466,114933,2026-04-23 13:12:12,medium_chest,9.99,800,1
TX000012898,146408,2026-04-23 13:15:30,small_pouch,4.99,350,1
TX000003949,105750,2026-04-23 13:18:14,small_pouch,4.99,350,1
TX000013009,130165,2026-04-23 13:23:20,starter_pouch,1.99,120,1
TX000002984,150777,2026-04-23 13:24:16,starter_pouch,1.99,120,1
TX000011228,176718,2026-04-23 13:27:27,small_pouch,4.99,350,1
TX000008875,177225,2026-04-23 13:29:28,small_pouch,4.99,350,1
TX000008132,121871,2026-04-23 13:34:21,starter_pouch,1.99,120,1
TX000013666,113328,2026-04-23 13:37:06,small_pouch,4.99,350,1
TX000006137,132193,2026-04-23 13:42:20,small_pouch,4.99,350,1
TX000005952,173928,2026-04-23 13:43:20,large_chest,19.99,1800,1
TX000011629,172434,2026-04-23 13:56:57,starter_pouch,1.99,120,1
TX000013827,148389,2026-04-23 14:00:34,starter_pouch,1.99,120,1
TX000014559,121322,2026-04-23 14:00:46,starter_pouch,1.99,120,1
TX000004680,175245,2026-04-23 14:00:55,medium_chest,9.99,800,1
TX000012824,176028,2026-04-23 14:00:58,large_chest,19.99,1800,1
TX000001418,124209,2026-04-23 14:02:56,medium_chest,9.99,800,1
TX000010871,133509,2026-04-23 14:11:17,small_pouch,4.99,350,1
TX000015254,172572,2026-04-23 14:11:48,mega_vault,99.99,11000,1
TX000000418,167833,2026-04-23 14:13:49,starter_pouch,1.99,120,1
TX000011243,122960,2026-04-23 14:16:06,starter_pouch,1.99,120,1
TX000010928,123945,2026-04-23 14:19:01,small_pouch,4.99,350,1
TX000004173,148520,2026-04-23 14:23:47,starter_pouch,1.99,120,1
TX000004032,156705,2026-04-23 14:28:02,starter_pouch,1.99,120,1
TX000007916,115829,2026-04-23 14:34:36,medium_chest,9.99,800,1
TX000014898,116273,2026-04-23 14:36:19,starter_pouch,1.99,120,1
TX000001309,117244,2026-04-23 14:38:04,large_chest,19.99,1800,1
TX000002861,126441,2026-04-23 14:38:30,starter_pouch,1.99,120,1
TX000000868,117480,2026-04-23 14:39:07,small_pouch,4.99,350,1
TX000003772,102326,2026-04-23 14:40:20,small_pouch,4.99,350,1
TX000000120,179002,2026-04-23 14:42:00,small_pouch,4.99,350,1
TX000000593,137298,2026-04-23 14:48:17,large_chest,19.99,1800,1
TX000003084,179155,2026-04-23 14:53:58,vault,49.99,5000,1
TX000003445,103920,2026-04-23 14:56:17,mega_vault,99.99,11000,1
TX000001184,109657,2026-04-23 14:59:30,starter_pouch,1.99,120,1
TX000011278,116003,2026-04-23 15:01:49,starter_pouch,1.99,120,1
TX000012092,144406,2026-04-23 15:03:24,starter_pouch,1.99,120,1
TX000007774,113342,2026-04-23 15:03:57,medium_chest,9.99,800,1
TX000012314,150135,2026-04-23 15:05:58,medium_chest,9.99,800,1
TX000011562,167939,2026-04-23 15:06:26,starter_pouch,-1.99,-120,0
TX000006381,179609,2026-04-23 15:06:35,starter_pouch,1.99,120,1
TX000015279,144225,2026-04-23 15:08:39,small_pouch,4.99,350,1
TX000005352,175068,2026-04-23 15:08:41,starter_pouch,1.99,120,1
TX000010796,105519,2026-04-23 15:09:30,small_pouch,4.99,350,1
TX000011589,149642,2026-04-23 15:12:04,medium_chest,9.99,800,1
TX000010644,168163,2026-04-23 15:12:05,small_pouch,4.99,350,1
TX000008286,117320,2026-04-23 15:15:21,mega_vault,99.99,11000,1
TX000009764,122685,2026-04-23 15:15:44,small_pouch,4.99,350,1
TX000004445,169638,2026-04-23 15:26:16,starter_pouch,1.99,120,1
TX000007731,178701,2026-04-23 15:27:24,starter_pouch,1.99,120,1
TX000007379,173002,2026-04-23 15:31:26,large_chest,19.99,1800,1
TX000008108,116915,2026-04-23 15:32:17,small_pouch,4.99,350,1
TX000012719,129297,2026-04-23 15:39:06,small_pouch,4.99,350,1
TX000014064,145318,2026-04-23 15:39:41,mega_vault,99.99,11000,1
TX000005758,168452,2026-04-23 15:41:15,starter_pouch,1.99,120,1
TX000005317,170763,2026-04-23 15:41:48,medium_chest,9.99,800,1
TX000000510,165635,2026-04-23 15:41:56,mega_vault,99.99,11000,1
TX000007705,164306,2026-04-23 15:42:47,small_pouch,4.99,350,1
TX000003051,121740,2026-04-23 15:44:13,small_pouch,4.99,350,1
TX000001191,122440,2026-04-23 15:49:00,small_pouch,4.99,350,1
TX000012356,115668,2026-04-23 15:49:23,medium_chest,9.99,800,1
TX000014116,144136,2026-04-23 15:54:16,medium_chest,9.99,800,1
TX000010129,154004,2026-04-23 16:00:03,vault,49.99,5000,1
TX000004627,111493,2026-04-23 16:03:46,large_chest,19.99,1800,1
TX000012011,110770,2026-04-23 16:04:09,starter_pouch,1.99,120,1
TX000011186,156444,2026-04-23 16:08:56,small_pouch,4.99,350,1
TX000006982,111919,2026-04-23 16:11:45,large_chest,19.99,1800,1
TX000006125,165449,2026-04-23 16:15:13,mega_vault,99.99,11000,1
TX000001398,149534,2026-04-23 16:16:24,starter_pouch,1.99,120,1
TX000001162,103745,2026-04-23 16:16:30,mega_vault,99.99,11000,1
TX000014778,136193,2026-04-23 16:18:46,starter_pouch,1.99,120,1
TX000009384,171807,2026-04-23 16:19:00,small_pouch,4.99,350,1
TX000007326,171191,2026-04-23 16:20:10,small_pouch,4.99,350,1
TX000014347,130708,2026-04-23 16:20:49,small_pouch,4.99,350,1
TX000009982,160647,2026-04-23 16:20:59,small_pouch,4.99,350,1
TX000011196,148121,2026-04-23 16:21:11,medium_chest,9.99,800,1
TX000015210,120421,2026-04-23 16:21:35,small_pouch,4.99,350,1
TX000013379,171468,2026-04-23 16:21:56,mega_vault,99.99,11000,1
TX000000860,104633,2026-04-23 16:22:21,small_pouch,4.99,350,1
TX000011457,139856,2026-04-23 16:27:09,large_chest,19.99,1800,1
TX000004225,164045,2026-04-23 16:31:09,large_chest,19.99,1800,1
TX000008432,150679,2026-04-23 16:32:53,vault,49.99,5000,1
TX000000595,148421,2026-04-23 16:34:12,starter_pouch,1.99,120,1
TX000002996,160603,2026-04-23 16:34:25,small_pouch,4.99,350,1
TX000005927,155535,2026-04-23 16:35:12,mega_vault,99.99,11000,1
TX000011468,167778,2026-04-23 16:38:19,starter_pouch,1.99,120,1
TX000004851,107978,2026-04-23 16:39:17,starter_pouch,-1.99,-120,0
TX000002621,143946,2026-04-23 16:43:21,large_chest,19.99,1800,1
TX000009372,173560,2026-04-23 16:44:43,starter_pouch,1.99,120,1
TX000007444,176055,2026-04-23 16:45:06,vault,49.99,5000,1
TX000000962,133210,2026-04-23 16:45:55,small_pouch,4.99,350,1
TX000008396,161428,2026-04-23 16:48:44,medium_chest,9.99,800,1
TX000008233,134976,2026-04-23 16:51:35,small_pouch,4.99,350,1
TX000003366,177102,2026-04-23 16:53:09,medium_chest,9.99,800,1
TX000008925,179833,2026-04-23 16:53:15,large_chest,19.99,1800,1
TX000010418,100133,2026-04-23 16:55:03,medium_chest,9.99,800,1
TX000010726,144485,2026-04-23 16:57:09,large_chest,19.99,1800,1
TX000004956,154442,2026-04-23 16:57:59,large_chest,19.99,1800,1
TX000002163,133753,2026-04-23 16:58:35,vault,49.99,5000,1
TX000009779,105266,2026-04-23 16:59:14,starter_pouch,1.99,120,1
TX000008916,176906,2026-04-23 16:59:40,mega_vault,99.99,11000,1
TX000001175,178825,2026-04-23 16:59:46,small_pouch,4.99,350,1
TX000010295,157541,2026-04-23 16:59:54,starter_pouch,1.99,120,1
TX000011703,110462,2026-04-23 17:00:46,starter_pouch,1.99,120,1
TX000005163,142251,2026-04-23 17:01:31,starter_pouch,1.99,120,1
TX000009004,141704,2026-04-23 17:02:39,medium_chest,9.99,800,1
TX000014355,173286,2026-04-23 17:03:14,small_pouch,4.99,350,1
TX000003115,152576,2026-04-23 17:04:04,large_chest,19.99,1800,1
TX000007870,157767,2026-04-23 17:05:16,large_chest,19.99,1800,1
TX000002679,143248,2026-04-23 17:06:19,medium_chest,9.99,800,1
TX000006044,136853,2026-04-23 17:08:24,starter_pouch,1.99,120,1
TX000000147,168246,2026-04-23 17:08:31,vault,49.99,5000,1
TX000013151,150102,2026-04-23 17:09:32,large_chest,19.99,1800,1
TX000014913,128234,2026-04-23 17:10:57,starter_pouch,1.99,120,1
TX000011232,134087,2026-04-23 17:11:25,large_chest,19.99,1800,1
TX000010716,166525,2026-04-23 17:11:32,vault,49.99,5000,1
TX000009690,168335,2026-04-23 17:11:40,mega_vault,99.99,11000,1
TX000003301,135828,2026-04-23 17:12:11,starter_pouch,1.99,120,1
TX000000803,165523,2026-04-23 17:12:13,small_pouch,4.99,350,1
TX000001627,142966,2026-04-23 17:13:01,small_pouch,4.99,350,1
TX000007508,112837,2026-04-23 17:15:26,small_pouch,4.99,350,1
TX000009386,152326,2026-04-23 17:16:25,starter_pouch,1.99,120,1
TX000007231,106877,2026-04-23 17:17:37,medium_chest,9.99,800,1
TX000004514,106635,2026-04-23 17:21:22,medium_chest,9.99,800,1
TX000003702,109424,2026-04-23 17:22:06,medium_chest,9.99,800,1
TX000012425,110398,2026-04-23 17:22:32,small_pouch,4.99,350,1
TX000002693,125952,2026-04-23 17:24:55,medium_chest,9.99,800,1
TX000003230,177821,2026-04-23 17:25:13,small_pouch,4.99,350,1
TX000002686,157243,2026-04-23 17:26:30,medium_chest,9.99,800,1
TX000001300,176752,2026-04-23 17:27:11,large_chest,19.99,1800,1
TX000008435,131563,2026-04-23 17:27:17,medium_chest,9.99,800,1
TX000003130,173472,2026-04-23 17:27:57,small_pouch,4.99,350,1
TX000002570,158962,2026-04-23 17:29:04,large_chest,19.99,1800,1
TX000012619,123163,2026-04-23 17:29:20,small_pouch,4.99,350,1
TX000013027,146182,2026-04-23 17:30:27,large_chest,19.99,1800,1
TX000010384,124391,2026-04-23 17:32:22,small_pouch,4.99,350,1
TX000000454,114315,2026-04-23 17:33:57,large_chest,19.99,1800,1
TX000011540,158832,2026-04-23 17:34:28,small_pouch,4.99,350,1
TX000004407,118877,2026-04-23 17:34:58,starter_pouch,1.99,120,1
TX000006792,146449,2026-04-23 17:35:09,large_chest,19.99,1800,1
TX000006459,105036,2026-04-23 17:35:13,starter_pouch,1.99,120,1
TX000002287,175195,2026-04-23 17:36:41,small_pouch,4.99,350,1
TX000014038,126079,2026-04-23 17:36:59,starter_pouch,1.99,120,1
TX000012796,125340,2026-04-23 17:37:47,medium_chest,9.99,800,1
TX000007387,143707,2026-04-23 17:38:26,starter_pouch,1.99,120,1
TX000004215,110352,2026-04-23 17:39:56,starter_pouch,1.99,120,1
TX000009915,142223,2026-04-23 17:40:29,large_chest,19.99,1800,1
TX000005561,132212,2026-04-23 17:41:18,small_pouch,4.99,350,1
TX000008919,121585,2026-04-23 17:43:15,large_chest,19.99,1800,1
TX000001863,147884,2026-04-23 17:46:56,small_pouch,4.99,350,1
TX000012397,129145,2026-04-23 17:47:03,medium_chest,9.99,800,1
TX000014274,176695,2026-04-23 17:47:38,large_chest,19.99,1800,1
TX000001548,163052,2026-04-23 17:49:13,large_chest,19.99,1800,1
TX000007269,149730,2026-04-23 17:49:19,small_pouch,4.99,350,1
TX000012777,128833,2026-04-23 17:49:52,starter_pouch,1.99,120,1
TX000011159,158755,2026-04-23 17:50:25,small_pouch,4.99,350,1
TX000001670,123233,2026-04-23 17:50:25,vault,49.99,5000,1
TX000006631,166567,2026-04-23 17:50:25,small_pouch,4.99,350,1
TX000002903,103186,2026-04-23 17:50:45,small_pouch,4.99,350,1
TX000004931,114814,2026-04-23 17:50:59,large_chest,19.99,1800,1
TX000001490,163538,2026-04-23 17:53:31,small_pouch,4.99,350,1
TX000011575,150429,2026-04-23 17:54:08,medium_chest,9.99,800,1
TX000010495,111509,2026-04-23 17:54:33,small_pouch,4.99,350,1
TX000011476,152238,2026-04-23 17:55:10,starter_pouch,1.99,120,1
TX000006187,174562,2026-04-23 17:55:13,medium_chest,9.99,800,1
TX000008061,150653,2026-04-23 17:55:32,vault,49.99,5000,1
TX000006385,119472,2026-04-23 17:56:20,medium_chest,9.99,800,1
TX000002090,136478,2026-04-23 17:57:47,small_pouch,4.99,350,1
TX000010966,151384,2026-04-23 17:59:06,starter_pouch,1.99,120,1
TX000006121,172694,2026-04-23 17:59:24,vault,49.99,5000,1
TX000012333,135176,2026-04-23 17:59:27,small_pouch,4.99,350,1
TX000010580,150671,2026-04-23 18:00:18,small_pouch,4.99,350,1
TX000005824,151015,2026-04-23 18:01:23,starter_pouch,1.99,120,1
TX000013408,148990,2026-04-23 18:02:23,starter_pouch,1.99,120,1
TX000007203,129249,2026-04-23 18:02:46,small_pouch,4.99,350,1
TX000003865,163707,2026-04-23 18:03:54,medium_chest,9.99,800,1
TX000004710,120688,2026-04-23 18:04:22,small_pouch,4.99,350,1
TX000009855,158666,2026-04-23 18:05:38,starter_pouch,1.99,120,1
TX000000040,118091,2026-04-23 18:06:12,large_chest,19.99,1800,1
TX000007719,113115,2026-04-23 18:07:01,small_pouch,4.99,350,1
TX000006100,147076,2026-04-23 18:07:48,starter_pouch,1.99,120,1
TX000010779,101933,2026-04-23 18:08:22,small_pouch,4.99,350,1
TX000005837,109024,2026-04-23 18:09:10,small_pouch,4.99,350,1
TX000008625,139277,2026-04-23 18:11:00,starter_pouch,1.99,120,1
TX000010292,117492,2026-04-23 18:12:03,small_pouch,4.99,350,1
TX000000121,125326,2026-04-23 18:12:20,vault,49.99,5000,1
TX000014354,151379,2026-04-23 18:13:54,vault,49.99,5000,1
TX000010119,128872,2026-04-23 18:15:01,small_pouch,4.99,350,1
TX000004932,114221,2026-04-23 18:15:59,starter_pouch,1.99,120,1
TX000015293,124479,2026-04-23 18:16:08,vault,49.99,5000,1
TX000000257,145946,2026-04-23 18:16:30,medium_chest,9.99,800,1
TX000002243,174925,2026-04-23 18:17:18,starter_pouch,1.99,120,1
TX000013330,124582,2026-04-23 18:18:52,vault,49.99,5000,1
TX000011701,130586,2026-04-23 18:20:29,small_pouch,4.99,350,1
TX000003733,174691,2026-04-23 18:21:52,small_pouch,4.99,350,1
TX000003850,144938,2026-04-23 18:22:32,starter_pouch,1.99,120,1
TX000005675,137739,2026-04-23 18:23:46,starter_pouch,1.99,120,1
TX000000834,174749,2026-04-23 18:25:21,large_chest,19.99,1800,1
TX000006370,151557,2026-04-23 18:25:45,vault,49.99,5000,1
TX000009078,138054,2026-04-23 18:28:13,vault,49.99,5000,1
TX000010928,123945,2026-04-23 18:28:38,small_pouch,4.99,350,1
TX000010558,117093,2026-04-23 18:29:59,vault,49.99,5000,1
TX000002114,154254,2026-04-23 18:30:07,large_chest,19.99,1800,1
TX000011898,157793,2026-04-23 18:30:11,small_pouch,4.99,350,1
TX000007826,172691,2026-04-23 18:30:23,medium_chest,9.99,800,1
TX000009453,161284,2026-04-23 18:30:59,starter_pouch,1.99,120,1
TX000010601,171439,2026-04-23 18:32:46,vault,49.99,5000,1
TX000014523,136873,2026-04-23 18:34:13,starter_pouch,1.99,120,1
TX000004559,104450,2026-04-23 18:34:14,large_chest,19.99,1800,1
TX000003508,158628,2026-04-23 18:34:19,large_chest,19.99,1800,1
TX000012148,126994,2026-04-23 18:35:26,vault,49.99,5000,1
TX000001861,127934,2026-04-23 18:36:43,starter_pouch,1.99,120,1
TX000000166,124067,2026-04-23 18:36:59,small_pouch,4.99,350,1
TX000010509,162273,2026-04-23 18:37:29,starter_pouch,1.99,120,1
TX000005797,150575,2026-04-23 18:38:11,small_pouch,4.99,350,1
TX000005604,177985,2026-04-23 18:39:17,starter_pouch,1.99,120,1
TX000012921,165323,2026-04-23 18:39:35,small_pouch,4.99,350,1
TX000006899,156728,2026-04-23 18:39:40,medium_chest,9.99,800,1
TX000005539,143093,2026-04-23 18:40:04,medium_chest,9.99,800,1
TX000000952,161273,2026-04-23 18:40:59,small_pouch,4.99,350,1
TX000014653,121163,2026-04-23 18:41:30,medium_chest,9.99,800,1
TX000011068,139117,2026-04-23 18:41:45,starter_pouch,1.99,120,1
TX000010463,148750,2026-04-23 18:42:34,large_chest,19.99,1800,1
TX000002810,132083,2026-04-23 18:45:26,small_pouch,4.99,350,1
TX000003946,135113,2026-04-23 18:45:29,medium_chest,9.99,800,1
TX000005440,125062,2026-04-23 18:45:43,vault,49.99,5000,1
TX000007490,178995,2026-04-23 18:46:27,starter_pouch,1.99,120,1
TX000014216,120457,2026-04-23 18:47:15,medium_chest,9.99,800,1
TX000010260,152591,2026-04-23 18:49:11,vault,49.99,5000,1
TX000004980,115971,2026-04-23 18:51:16,medium_chest,9.99,800,1
TX000004733,139004,2026-04-23 18:51:29,starter_pouch,1.99,120,1
TX000002519,152858,2026-04-23 18:52:25,starter_pouch,1.99,120,1
TX000006726,127782,2026-04-23 18:52:27,starter_pouch,1.99,120,1
TX000012733,168450,2026-04-23 18:54:07,starter_pouch,1.99,120,1
TX000000476,108504,2026-04-23 18:54:39,small_pouch,4.99,350,1
TX000004337,138773,2026-04-23 18:54:50,small_pouch,4.99,350,1
TX000005170,172545,2026-04-23 18:55:54,large_chest,19.99,1800,1
TX000007901,101572,2026-04-23 18:56:57,large_chest,19.99,1800,1
TX000014259,110977,2026-04-23 18:58:52,starter_pouch,1.99,120,1
TX000006281,158489,2026-04-23 18:59:44,small_pouch,4.99,350,1
TX000013631,152753,2026-04-23 18:59:55,large_chest,19.99,1800,1
TX000001153,107058,2026-04-23 19:01:37,vault,49.99,5000,1
TX000011641,160773,2026-04-23 19:03:19,small_pouch,4.99,350,1
TX000005618,135849,2026-04-23 19:03:19,starter_pouch,1.99,120,1
TX000004130,110366,2026-04-23 19:03:43,starter_pouch,1.99,120,1
TX000014627,170196,2026-04-23 19:03:45,large_chest,19.99,1800,1
TX000003080,120278,2026-04-23 19:04:09,starter_pouch,1.99,120,1
TX000001337,173755,2026-04-23 19:07:14,starter_pouch,1.99,120,1
TX000012278,113941,2026-04-23 19:07:59,small_pouch,4.99,350,1
TX000009896,108816,2026-04-23 19:08:45,medium_chest,9.99,800,1
TX000006107,135796,2026-04-23 19:09:03,small_pouch,4.99,350,1
TX000002448,104980,2026-04-23 19:09:27,large_chest,19.99,1800,1
TX000001330,147469,2026-04-23 19:11:14,medium_chest,9.99,800,1
TX000014954,132486,2026-04-23 19:11:32,starter_pouch,1.99,120,1
TX000004245,149286,2026-04-23 19:11:46,starter_pouch,1.99,120,1
TX000014461,163193,2026-04-23 19:13:54,small_pouch,4.99,350,1
TX000001000,109130,2026-04-23 19:15:49,mega_vault,99.99,11000,1
TX000008158,125777,2026-04-23 19:15:50,large_chest,19.99,1800,1
TX000004005,151154,2026-04-23 19:16:02,medium_chest,9.99,800,1
TX000008304,104670,2026-04-23 19:16:50,small_pouch,4.99,350,1
TX000012544,137403,2026-04-23 19:16:52,starter_pouch,1.99,120,1
TX000006086,132241,2026-04-23 19:19:20,medium_chest,9.99,800,1
TX000009686,105448,2026-04-23 19:20:45,medium_chest,9.99,800,1
TX000008937,125951,2026-04-23 19:21:01,small_pouch,4.99,350,1
TX000000544,126573,2026-04-23 19:21:07,starter_pouch,1.99,120,1
TX000013531,106458,2026-04-23 19:21:45,medium_chest,9.99,800,1
TX000002965,168217,2026-04-23 19:21:47,small_pouch,4.99,350,1
TX000008144,118460,2026-04-23 19:22:20,starter_pouch,1.99,120,1
TX000003656,155042,2026-04-23 19:23:44,starter_pouch,1.99,120,1
TX000003432,104474,2026-04-23 19:25:59,medium_chest,9.99,800,1
TX000007252,166666,2026-04-23 19:28:16,starter_pouch,1.99,120,1
TX000011907,167289,2026-04-23 19:28:23,small_pouch,4.99,350,1
TX000014089,156072,2026-04-23 19:31:28,medium_chest,9.99,800,1
TX000014845,143533,2026-04-23 19:33:07,small_pouch,4.99,350,1
TX000014677,136328,2026-04-23 19:33:24,medium_chest,9.99,800,1
TX000010414,133807,2026-04-23 19:36:46,large_chest,19.99,1800,1
TX000015138,178869,2026-04-23 19:37:12,starter_pouch,1.99,120,1
TX000011299,109416,2026-04-23 19:39:11,large_chest,19.99,1800,1
TX000005163,142251,2026-04-23 19:40:09,starter_pouch,1.99,120,1
TX000006519,172030,2026-04-23 19:41:02,medium_chest,9.99,800,1
TX000004760,133492,2026-04-23 19:41:57,small_pouch,4.99,350,1
TX000005857,157323,2026-04-23 19:43:01,small_pouch,4.99,350,1
TX000013399,147233,2026-04-23 19:44:03,starter_pouch,1.99,120,1
TX000011537,167365,2026-04-23 19:44:54,starter_pouch,1.99,120,1
TX000003194,113814,2026-04-23 19:45:07,small_pouch,4.99,350,1
TX000009372,173560,2026-04-23 19:46:00,starter_pouch,1.99,120,1
TX000006860,123127,2026-04-23 19:46:03,medium_chest,9.99,800,1
TX000002177,124025,2026-04-23 19:48:03,starter_pouch,1.99,120,1
TX000014645,150112,2026-04-23 19:49:00,medium_chest,9.99,800,1
TX000002346,173768,2026-04-23 19:49:32,small_pouch,4.99,350,1
TX000001595,173290,2026-04-23 19:52:06,small_pouch,4.99,350,1
TX000012290,136888,2026-04-23 19:54:15,starter_pouch,1.99,120,1
TX000006180,107155,2026-04-23 19:54:56,small_pouch,4.99,350,1
TX000008687,168609,2026-04-23 19:57:20,starter_pouch,1.99,120,1
TX000009253,111086,2026-04-23 19:57:23,small_pouch,4.99,350,1
TX000003638,155086,2026-04-23 19:57:51,vault,49.99,5000,1
TX000003297,120094,2026-04-23 19:59:31,medium_chest,9.99,800,1
TX000006295,105858,2026-04-23 19:59:58,small_pouch,4.99,350,1
TX000013948,171207,2026-04-23 20:00:33,large_chest,19.99,1800,1
TX000008380,175806,2026-04-23 20:02:11,small_pouch,4.99,350,1
TX000005408,130683,2026-04-23 20:02:45,large_chest,19.99,1800,1
TX000000635,179849,2026-04-23 20:04:03,medium_chest,9.99,800,1
TX000014816,110663,2026-04-23 20:05:25,small_pouch,4.99,350,1
TX000007034,175373,2026-04-23 20:05:55,small_pouch,4.99,350,1
TX000003440,101609,2026-04-23 20:06:10,starter_pouch,1.99,120,1
TX000004497,109631,2026-04-23 20:06:48,medium_chest,9.99,800,1
TX000008532,113013,2026-04-23 20:08:37,medium_chest,9.99,800,1
TX000001081,102595,2026-04-23 20:09:42,vault,49.99,5000,1
TX000005184,116594,2026-04-23 20:13:37,starter_pouch,1.99,120,1
TX000011676,115939,2026-04-23 20:14:56,medium_chest,9.99,800,1
TX000015185,107292,2026-04-23 20:16:37,small_pouch,4.99,350,1
TX000003364,173743,2026-04-23 20:16:59,small_pouch,4.99,350,1
TX000000697,147233,2026-04-23 20:19:20,large_chest,19.99,1800,1
TX000000296,144655,2026-04-23 20:21:33,starter_pouch,1.99,120,1
TX000005941,155066,2026-04-23 20:21:38,small_pouch,4.99,350,1
TX000001449,165319,2026-04-23 20:22:18,starter_pouch,1.99,120,1
TX000009069,158553,2026-04-23 20:25:19,small_pouch,4.99,350,1
TX000008750,160941,2026-04-23 20:25:58,small_pouch,4.99,350,1
TX000012040,101166,2026-04-23 20:25:58,vault,49.99,5000,1
TX000011996,149040,2026-04-23 20:26:31,mega_vault,99.99,11000,1
TX000014486,124203,2026-04-23 20:26:49,medium_chest,9.99,800,1
TX000001272,127784,2026-04-23 20:32:48,large_chest,19.99,1800,1
TX000008601,164774,2026-04-23 20:33:03,medium_chest,9.99,800,1
TX000006908,143955,2026-04-23 20:33:31,medium_chest,9.99,800,1
TX000006477,158838,2026-04-23 20:35:08,small_pouch,4.99,350,1
TX000006881,120094,2026-04-23 20:35:36,mega_vault,99.99,11000,1
TX000007401,131946,2026-04-23 20:38:40,vault,49.99,5000,1
TX000008541,165627,2026-04-23 20:39:16,starter_pouch,1.99,120,1
TX000008422,143753,2026-04-23 20:40:03,medium_chest,9.99,800,1
TX000003000,133492,2026-04-23 20:41:15,small_pouch,4.99,350,1
TX000004008,164648,2026-04-23 20:42:01,medium_chest,9.99,800,1
TX000008523,147233,2026-04-23 20:42:17,vault,49.99,5000,1
TX000009902,118049,2026-04-23 20:43:12,starter_pouch,1.99,120,1
TX000010395,125805,2026-04-23 20:44:21,small_pouch,4.99,350,1
TX000002817,132981,2026-04-23 20:44:47,starter_pouch,1.99,120,1
TX000015098,178480,2026-04-23 20:45:10,large_chest,19.99,1800,1
TX000004797,113814,2026-04-23 20:45:35,vault,49.99,5000,1
TX000003082,131461,2026-04-23 20:48:11,starter_pouch,1.99,120,1
TX000002718,142176,2026-04-23 20:49:28,small_pouch,4.99,350,1
TX000009638,103879,2026-04-23 20:50:07,starter_pouch,1.99,120,1
TX000011113,174618,2026-04-23 20:50:34,medium_chest,9.99,800,1
TX000002079,171079,2026-04-23 20:53:04,small_pouch,4.99,350,1
TX000000466,111141,2026-04-23 20:53:16,medium_chest,9.99,800,1
TX000001546,147225,2026-04-23 20:54:14,starter_pouch,1.99,120,1
TX000008743,102814,2026-04-23 20:54:37,large_chest,19.99,1800,1
TX000003207,153536,2026-04-23 20:55:23,medium_chest,9.99,800,1
TX000014683,159724,2026-04-23 20:55:45,small_pouch,4.99,350,1
TX000003759,143013,2026-04-23 20:55:59,medium_chest,9.99,800,1
TX000006179,130825,2026-04-23 20:56:42,large_chest,19.99,1800,1
TX000005488,167624,2026-04-23 20:56:52,medium_chest,9.99,800,1
TX000003899,140421,2026-04-23 20:57:02,large_chest,19.99,1800,1
TX000005055,160624,2026-04-23 20:57:07,vault,49.99,5000,1
TX000006413,126328,2026-04-23 20:58:13,starter_pouch,1.99,120,1
TX000003689,112154,2026-04-23 20:58:17,small_pouch,4.99,350,1
TX000012835,105321,2026-04-23 20:58:34,starter_pouch,1.99,120,1
TX000014789,107905,2026-04-23 20:59:20,large_chest,19.99,1800,1
TX000006384,172606,2026-04-23 21:00:57,medium_chest,9.99,800,1
TX000013834,107553,2026-04-23 21:01:52,starter_pouch,1.99,120,1
TX000010836,147561,2026-04-23 21:02:06,starter_pouch,1.99,120,1
TX000009882,105487,2026-04-23 21:02:09,large_chest,19.99,1800,1
TX000011383,142836,2026-04-23 21:03:39,vault,49.99,5000,1
TX000005892,146897,2026-04-23 21:08:32,large_chest,19.99,1800,1
TX000013733,133264,2026-04-23 21:08:36,starter_pouch,1.99,120,1
TX000002013,130814,2026-04-23 21:08:57,small_pouch,4.99,350,1
TX000005321,108301,2026-04-23 21:10:29,starter_pouch,1.99,120,1
TX000008529,170293,2026-04-23 21:11:07,large_chest,19.99,1800,1
TX000005774,105221,2026-04-23 21:11:12,small_pouch,4.99,350,1
TX000009346,177613,2026-04-23 21:11:12,mega_vault,99.99,11000,1
TX000012609,143479,2026-04-23 21:11:48,small_pouch,4.99,350,1
TX000004112,165880,2026-04-23 21:12:42,medium_chest,9.99,800,1
TX000008343,152221,2026-04-23 21:15:40,starter_pouch,1.99,120,1
TX000015262,150798,2026-04-23 21:16:03,small_pouch,4.99,350,1
TX000004277,150916,2026-04-23 21:16:34,starter_pouch,1.99,120,1
TX000002774,149036,2026-04-23 21:16:55,medium_chest,9.99,800,1
TX000007698,122706,2026-04-23 21:17:02,starter_pouch,1.99,120,1
TX000015008,166976,2026-04-23 21:17:11,starter_pouch,1.99,120,1
TX000003574,114877,2026-04-23 21:17:17,medium_chest,9.99,800,1
TX000014425,108764,2026-04-23 21:17:47,starter_pouch,1.99,120,1
TX000008245,133902,2026-04-23 21:17:49,large_chest,19.99,1800,1
TX000002234,123193,2026-04-23 21:18:53,vault,49.99,5000,1
TX000000565,100077,2026-04-23 21:19:00,vault,49.99,5000,1
TX000014515,137708,2026-04-23 21:20:03,small_pouch,4.99,350,1
TX000002275,157191,2026-04-23 21:20:30,large_chest,19.99,1800,1
TX000014000,106946,2026-04-23 21:23:02,large_chest,19.99,1800,1
TX000006984,157056,2026-04-23 21:23:04,vault,49.99,5000,1
TX000005592,151308,2026-04-23 21:23:35,small_pouch,4.99,350,1
TX000007680,179595,2026-04-23 21:26:20,medium_chest,9.99,800,1
TX000010259,113572,2026-04-23 21:28:00,vault,49.99,5000,1
TX000006366,134485,2026-04-23 21:29:20,large_chest,19.99,1800,1
TX000003632,150986,2026-04-23 21:29:26,starter_pouch,1.99,120,1
TX000004844,121219,2026-04-23 21:30:08,small_pouch,4.99,350,1
TX000000460,113608,2026-04-23 21:32:43,small_pouch,4.99,350,1
TX000015238,124215,2026-04-23 21:32:51,starter_pouch,1.99,120,1
TX000009677,101468,2026-04-23 21:32:59,medium_chest,9.99,800,1
TX000013679,138430,2026-04-23 21:33:54,vault,49.99,5000,1
TX000013186,154116,2026-04-23 21:35:12,starter_pouch,1.99,120,1
TX000012164,169712,2026-04-23 21:35:21,medium_chest,9.99,800,1
TX000014276,120403,2026-04-23 21:37:23,starter_pouch,1.99,120,1
TX000008705,113890,2026-04-23 21:41:09,starter_pouch,1.99,120,1
TX000008025,109631,2026-04-23 21:41:17,vault,49.99,5000,1
TX000008910,160125,2026-04-23 21:43:30,starter_pouch,1.99,120,1
TX000008260,123004,2026-04-23 21:45:59,small_pouch,4.99,350,1
TX000010420,100307,2026-04-23 21:46:16,starter_pouch,1.99,120,1
TX000008631,106796,2026-04-23 21:46:37,small_pouch,4.99,350,1
TX000010931,101302,2026-04-23 21:48:02,starter_pouch,1.99,120,1
TX000013545,169362,2026-04-23 21:49:17,starter_pouch,1.99,120,1
TX000012003,121621,2026-04-23 21:51:47,medium_chest,9.99,800,1
TX000005425,121838,2026-04-23 21:53:52,large_chest,19.99,1800,1
TX000003790,114233,2026-04-23 21:54:02,starter_pouch,1.99,120,1
TX000010697,119285,2026-04-23 21:55:10,starter_pouch,1.99,120,1
TX000014462,112095,2026-04-23 21:55:56,medium_chest,9.99,800,1
TX000014790,133757,2026-04-23 21:56:01,medium_chest,9.99,800,1
TX000000358,140029,2026-04-23 21:56:25,small_pouch,4.99,350,1
TX000013712,136799,2026-04-23 21:58:39,starter_pouch,1.99,120,1
TX000000048,109281,2026-04-23 22:00:45,starter_pouch,1.99,120,1
TX000014592,172724,2026-04-23 22:01:31,medium_chest,9.99,800,1
TX000014489,153764,2026-04-23 22:01:52,small_pouch,4.99,350,1
TX000001407,164978,2026-04-23 22:02:08,medium_chest,9.99,800,1
TX000013315,135141,2026-04-23 22:03:25,large_chest,19.99,1800,1
TX000001212,165858,2026-04-23 22:07:10,starter_pouch,1.99,120,1
TX000008481,147445,2026-04-23 22:08:39,vault,49.99,5000,1
TX000001309,117244,2026-04-23 22:09:32,large_chest,19.99,1800,1
TX000012212,142352,2026-04-23 22:11:12,small_pouch,-4.99,-350,0
TX000000680,171847,2026-04-23 22:11:35,medium_chest,9.99,800,1
TX000011210,128630,2026-04-23 22:15:11,vault,49.99,5000,1
TX000003916,132915,2026-04-23 22:15:30,starter_pouch,1.99,120,1
TX000007792,177182,2026-04-23 22:17:44,small_pouch,-4.99,-350,0
TX000005059,104725,2026-04-23 22:19:01,starter_pouch,1.99,120,1
TX000000599,136817,2026-04-23 22:19:51,starter_pouch,1.99,120,1
TX000010846,138749,2026-04-23 22:20:05,starter_pouch,1.99,120,1
TX000007277,167842,2026-04-23 22:21:07,starter_pouch,1.99,120,1
TX000002609,148350,2026-04-23 22:22:13,starter_pouch,1.99,120,1
TX000000184,159115,2026-04-23 22:23:52,large_chest,19.99,1800,1
TX000007819,149918,2026-04-23 22:24:16,medium_chest,9.99,800,1
TX000012072,132547,2026-04-23 22:24:38,small_pouch,4.99,350,1
TX000014818,147369,2026-04-23 22:25:06,starter_pouch,1.99,120,1
TX000006727,128054,2026-04-23 22:28:16,starter_pouch,1.99,120,1
TX000002697,134059,2026-04-23 22:28:37,medium_chest,9.99,800,1
TX000007429,178550,2026-04-23 22:29:43,small_pouch,4.99,350,1
TX000014244,159174,2026-04-23 22:30:09,mega_vault,99.99,11000,1
TX000014478,105802,2026-04-23 22:31:49,large_chest,19.99,1800,1
TX000012351,129489,2026-04-23 22:31:52,small_pouch,4.99,350,1
TX000014579,172246,2026-04-23 22:35:46,starter_pouch,1.99,120,1
TX000003455,165028,2026-04-23 22:38:42,starter_pouch,1.99,120,1
TX000006042,157625,2026-04-23 22:38:42,vault,49.99,5000,1
TX000011136,111145,2026-04-23 22:39:14,starter_pouch,1.99,120,1
TX000004107,126575,2026-04-23 22:39:41,medium_chest,9.99,800,1
TX000007919,154614,2026-04-23 22:42:42,mega_vault,99.99,11000,1
TX000009086,154012,2026-04-23 22:43:45,mega_vault,99.99,11000,1
TX000003818,136971,2026-04-23 22:46:59,small_pouch,4.99,350,1
TX000014052,101854,2026-04-23 22:48:42,small_pouch,4.99,350,1
TX000013369,162310,2026-04-23 22:48:53,small_pouch,4.99,350,1
TX000011172,111211,2026-04-23 22:53:30,medium_chest,9.99,800,1
TX000002245,106635,2026-04-23 22:56:20,large_chest,19.99,1800,1
TX000003448,155616,2026-04-23 22:58:30,small_pouch,4.99,350,1
TX000013332,160167,2026-04-23 22:58:39,starter_pouch,1.99,120,1
TX000008993,147813,2026-04-23 23:01:13,starter_pouch,1.99,120,1
TX000001629,105827,2026-04-23 23:03:25,starter_pouch,1.99,120,1
TX000005863,150113,2026-04-23 23:03:49,small_pouch,4.99,350,1
TX000001031,145962,2026-04-23 23:06:46,large_chest,19.99,1800,1
TX000003905,154465,2026-04-23 23:08:11,small_pouch,4.99,350,1
TX000011401,115708,2026-04-23 23:08:36,starter_pouch,1.99,120,1
TX000006022,179704,2026-04-23 23:09:37,starter_pouch,1.99,120,1
TX000007777,112169,2026-04-23 23:16:21,small_pouch,4.99,350,1
TX000011649,119381,2026-04-23 23:30:44,starter_pouch,1.99,120,1
TX000005336,172468,2026-04-23 23:31:32,starter_pouch,1.99,120,1
TX000008257,133043,2026-04-23 23:35:55,vault,49.99,5000,1
TX000001829,100017,2026-04-23 23:38:24,small_pouch,4.99,350,1
TX000006830,110960,2026-04-23 23:39:54,starter_pouch,1.99,120,1
TX000003162,104359,2026-04-23 23:42:20,large_chest,19.99,1800,1
TX000003076,130792,2026-04-23 23:44:58,vault,49.99,5000,1
TX000012861,162118,2026-04-23 23:53:39,starter_pouch,1.99,120,1
TX000004261,159020,2026-04-23 23:57:36,medium_chest,9.99,800,1
TX000004461,178822,2026-04-23 23:59:56,medium_chest,9.99,800,1
TX000010875,134354,2026-04-23 23:59:56,medium_chest,9.99,800,1
TX000010249,118458,2026-04-23 23:59:56,small_pouch,4.99,350,1
TX000002661,131979,2026-04-23 23:59:56,large_chest,19.99,1800,1
TX000010222,147921,2026-04-23 23:59:56,large_chest,19.99,1800,1
TX000013848,146372,2026-04-23 23:59:56,small_pouch,4.99,350,1
TX000011578,155409,2026-04-23 23:59:56,starter_pouch,1.99,120,1
TX000014931,163475,2026-04-23 23:59:56,starter_pouch,1.99,120,1
TX000010497,168916,2026-04-24 06:00:40,starter_pouch,1.99,120,1
TX000004449,146676,2026-04-24 06:07:01,small_pouch,4.99,350,1
TX000013133,158409,2026-04-24 06:09:31,small_pouch,4.99,350,1
TX000011391,103369,2026-04-24 06:15:05,small_pouch,4.99,350,1
TX000008375,119521,2026-04-24 06:19:56,large_chest,19.99,1800,1
TX000004354,161345,2026-04-24 06:24:13,large_chest,-19.99,-1800,0
TX000004725,176627,2026-04-24 06:31:05,starter_pouch,1.99,120,1
TX000004594,167793,2026-04-24 06:31:21,starter_pouch,1.99,120,1
TX000014061,171070,2026-04-24 06:41:08,mega_vault,99.99,11000,1
TX000010957,101660,2026-04-24 06:41:29,medium_chest,9.99,800,1
TX000009081,147980,2026-04-24 06:46:20,large_chest,19.99,1800,1
TX000002593,172098,2026-04-24 06:49:23,medium_chest,9.99,800,1
TX000001944,151666,2026-04-24 06:51:33,vault,49.99,5000,1
TX000014381,155912,2026-04-24 06:52:03,medium_chest,9.99,800,1
TX000011734,162426,2026-04-24 06:53:40,medium_chest,9.99,800,1
TX000007520,110683,2026-04-24 07:01:39,small_pouch,4.99,350,1
TX000006884,148059,2026-04-24 07:03:50,small_pouch,4.99,350,1
TX000008762,118192,2026-04-24 07:06:13,small_pouch,4.99,350,1
TX000001314,113242,2026-04-24 07:09:38,medium_chest,9.99,800,1
TX000008995,142888,2026-04-24 07:19:38,starter_pouch,1.99,120,1
TX000000662,107956,2026-04-24 07:25:47,large_chest,19.99,1800,1
TX000003367,141533,2026-04-24 07:26:51,starter_pouch,1.99,120,1
TX000004393,123932,2026-04-24 07:28:05,starter_pouch,1.99,120,1
TX000009663,105654,2026-04-24 07:30:30,starter_pouch,1.99,120,1
TX000011883,157200,2026-04-24 07:32:23,medium_chest,9.99,800,1
TX000014218,140792,2026-04-24 07:34:57,large_chest,19.99,1800,1
TX000005859,129474,2026-04-24 07:41:36,small_pouch,4.99,350,1
TX000002347,117588,2026-04-24 07:49:12,starter_pouch,1.99,120,1
TX000003236,177569,2026-04-24 07:49:22,starter_pouch,1.99,120,1
TX000005532,154443,2026-04-24 07:52:59,starter_pouch,1.99,120,1
TX000008202,130572,2026-04-24 07:55:50,small_pouch,4.99,350,1
TX000010103,135761,2026-04-24 07:56:49,starter_pouch,1.99,120,1
TX000004852,101723,2026-04-24 08:04:42,starter_pouch,1.99,120,1
TX000003627,164400,2026-04-24 08:05:50,medium_chest,9.99,800,1
TX000005307,129168,2026-04-24 08:11:21,small_pouch,4.99,350,1
TX000002823,103580,2026-04-24 08:12:21,small_pouch,4.99,350,1
TX000004866,101314,2026-04-24 08:16:30,starter_pouch,1.99,120,1
TX000010632,126601,2026-04-24 08:17:13,small_pouch,4.99,350,1
TX000008964,138589,2026-04-24 08:18:54,medium_chest,9.99,800,1
TX000001995,158600,2026-04-24 08:21:57,medium_chest,9.99,800,1
TX000008977,139534,2026-04-24 08:23:04,starter_pouch,1.99,120,1
TX000003993,155254,2026-04-24 08:23:13,small_pouch,4.99,350,1
TX000011793,138358,2026-04-24 08:24:22,small_pouch,4.99,350,1
TX000011008,110850,2026-04-24 08:28:55,large_chest,19.99,1800,1
TX000011789,119528,2026-04-24 08:30:05,starter_pouch,1.99,120,1
TX000007485,161815,2026-04-24 08:30:15,starter_pouch,1.99,120,1
TX000000982,172399,2026-04-24 08:33:33,starter_pouch,1.99,120,1
TX000012131,180259,2026-04-24 08:36:26,large_chest,19.99,1800,1
TX000009795,159611,2026-04-24 08:40:36,starter_pouch,1.99,120,1
TX000001095,147800,2026-04-24 08:45:04,starter_pouch,1.99,120,1
TX000001297,118848,2026-04-24 08:45:15,starter_pouch,1.99,120,1
TX000011037,160775,2026-04-24 08:47:07,starter_pouch,1.99,120,1
TX000010052,171526,2026-04-24 08:49:12,small_pouch,4.99,350,1
TX000002292,100807,2026-04-24 08:53:41,small_pouch,4.99,350,1
TX000000640,110524,2026-04-24 08:56:30,mega_vault,99.99,11000,1
TX000002758,122840,2026-04-24 08:57:02,medium_chest,9.99,800,1
TX000008860,119605,2026-04-24 09:03:58,medium_chest,9.99,800,1
TX000007136,167560,2026-04-24 09:04:25,starter_pouch,1.99,120,1
TX000002273,110797,2026-04-24 09:07:39,starter_pouch,1.99,120,1
TX000012735,120274,2026-04-24 09:07:57,large_chest,19.99,1800,1
TX000012024,152609,2026-04-24 09:11:34,medium_chest,9.99,800,1
TX000010803,101196,2026-04-24 09:17:21,starter_pouch,1.99,120,1
TX000007952,142284,2026-04-24 09:18:02,medium_chest,9.99,800,1
TX000001382,122065,2026-04-24 09:19:59,vault,49.99,5000,1
TX000015188,139088,2026-04-24 09:21:59,large_chest,19.99,1800,1
TX000007691,141780,2026-04-24 09:22:00,vault,49.99,5000,1
TX000008846,166349,2026-04-24 09:23:11,small_pouch,4.99,350,1
TX000006046,159685,2026-04-24 09:25:55,starter_pouch,1.99,120,1
TX000013017,150304,2026-04-24 09:27:51,medium_chest,9.99,800,1
TX000003268,100437,2026-04-24 09:30:41,vault,49.99,5000,1
TX000006407,170242,2026-04-24 09:34:51,small_pouch,4.99,350,1
TX000009681,169816,2026-04-24 09:35:17,large_chest,19.99,1800,1
TX000006749,145737,2026-04-24 09:36:31,small_pouch,4.99,350,1
TX000008887,136013,2026-04-24 09:39:44,starter_pouch,1.99,120,1
TX000011030,115024,2026-04-24 09:40:44,small_pouch,4.99,350,1
TX000004850,137355,2026-04-24 09:43:16,large_chest,19.99,1800,1
TX000011732,122575,2026-04-24 09:46:05,starter_pouch,1.99,120,1
TX000012615,168702,2026-04-24 09:53:23,medium_chest,9.99,800,1
TX000009833,124463,2026-04-24 09:54:00,mega_vault,99.99,11000,1
TX000003371,149182,2026-04-24 10:07:00,starter_pouch,1.99,120,1
TX000006767,134087,2026-04-24 10:07:15,starter_pouch,1.99,120,1
TX000008291,141596,2026-04-24 10:10:02,medium_chest,9.99,800,1
TX000002618,124190,2026-04-24 10:20:59,small_pouch,4.99,350,1
TX000008299,125972,2026-04-24 10:23:35,vault,49.99,5000,1
TX000002908,142853,2026-04-24 10:34:25,small_pouch,4.99,350,1
TX000012225,166829,2026-04-24 10:34:35,large_chest,19.99,1800,1
TX000010520,129800,2026-04-24 10:35:57,large_chest,19.99,1800,1
TX000010060,114457,2026-04-24 10:36:58,mega_vault,99.99,11000,1
TX000012336,129804,2026-04-24 10:37:32,small_pouch,4.99,350,1
TX000003503,129651,2026-04-24 10:40:52,starter_pouch,1.99,120,1
TX000001959,168250,2026-04-24 10:41:55,medium_chest,9.99,800,1
TX000001271,137285,2026-04-24 10:49:58,large_chest,19.99,1800,1
TX000014319,167715,2026-04-24 10:54:38,medium_chest,9.99,800,1
TX000002824,133090,2026-04-24 10:56:25,medium_chest,9.99,800,1
TX000008211,161412,2026-04-24 11:03:59,medium_chest,9.99,800,1
TX000009466,115540,2026-04-24 11:04:07,small_pouch,4.99,350,1
TX000011674,173618,2026-04-24 11:04:57,starter_pouch,1.99,120,1
TX000004767,129634,2026-04-24 11:05:25,large_chest,19.99,1800,1
TX000009083,158192,2026-04-24 11:06:02,medium_chest,9.99,800,1
TX000003424,110386,2026-04-24 11:09:08,starter_pouch,1.99,120,1
TX000003658,156343,2026-04-24 11:12:43,vault,49.99,5000,1
TX000007039,156139,2026-04-24 11:14:25,medium_chest,9.99,800,1
TX000004622,126189,2026-04-24 11:17:28,large_chest,19.99,1800,1
TX000008297,159778,2026-04-24 11:19:44,large_chest,19.99,1800,1
TX000013766,171367,2026-04-24 11:20:45,starter_pouch,1.99,120,1
TX000013097,157959,2026-04-24 11:23:01,medium_chest,9.99,800,1
TX000011736,125502,2026-04-24 11:23:42,small_pouch,4.99,350,1
TX000004676,112895,2026-04-24 11:24:58,small_pouch,4.99,350,1
TX000013281,178628,2026-04-24 11:27:10,medium_chest,9.99,800,1
TX000011518,152687,2026-04-24 11:27:12,starter_pouch,1.99,120,1
TX000013675,124038,2026-04-24 11:31:50,medium_chest,9.99,800,1
TX000009088,126682,2026-04-24 11:38:11,medium_chest,9.99,800,1
TX000010782,147644,2026-04-24 11:39:50,medium_chest,9.99,800,1
TX000002327,170867,2026-04-24 11:42:41,small_pouch,4.99,350,1
TX000003783,131344,2026-04-24 11:43:18,medium_chest,9.99,800,1
TX000007586,136973,2026-04-24 11:46:42,starter_pouch,1.99,120,1
TX000009666,130235,2026-04-24 11:59:10,large_chest,19.99,1800,1
TX000009925,112083,2026-04-24 12:01:20,starter_pouch,1.99,120,1
TX000005002,161225,2026-04-24 12:04:01,medium_chest,9.99,800,1
TX000007088,120309,2026-04-24 12:06:55,small_pouch,4.99,350,1
TX000013483,120903,2026-04-24 12:11:50,medium_chest,9.99,800,1
TX000013624,157288,2026-04-24 12:18:06,vault,49.99,5000,1
TX000006807,133613,2026-04-24 12:19:18,small_pouch,4.99,350,1
TX000003812,133401,2026-04-24 12:20:46,small_pouch,4.99,350,1
TX000008420,148421,2026-04-24 12:20:55,small_pouch,4.99,350,1
TX000010262,108600,2026-04-24 12:23:01,small_pouch,4.99,350,1
TX000006031,163863,2026-04-24 12:26:42,starter_pouch,1.99,120,1
TX000014814,154023,2026-04-24 12:29:49,mega_vault,99.99,11000,1
TX000004474,174322,2026-04-24 12:31:33,medium_chest,9.99,800,1
TX000006546,134104,2026-04-24 12:34:19,medium_chest,9.99,800,1
TX000011356,112316,2026-04-24 12:37:15,small_pouch,4.99,350,1
TX000001217,141871,2026-04-24 12:46:46,starter_pouch,1.99,120,1
TX000013471,146840,2026-04-24 12:49:03,vault,49.99,5000,1
TX000000674,167178,2026-04-24 12:49:17,medium_chest,9.99,800,1
TX000010361,147039,2026-04-24 12:53:21,medium_chest,9.99,800,1
TX000010646,159374,2026-04-24 12:53:50,large_chest,19.99,1800,1
TX000009094,179621,2026-04-24 12:54:53,medium_chest,9.99,800,1
TX000007118,166589,2026-04-24 12:55:00,small_pouch,4.99,350,1
TX000008544,132376,2026-04-24 12:57:42,small_pouch,4.99,350,1
TX000013657,111964,2026-04-24 13:01:02,starter_pouch,1.99,120,1
TX000014160,121012,2026-04-24 13:02:18,starter_pouch,1.99,120,1
TX000000130,119660,2026-04-24 13:02:35,starter_pouch,1.99,120,1
TX000006579,107661,2026-04-24 13:04:18,starter_pouch,1.99,120,1
TX000015281,116897,2026-04-24 13:08:30,large_chest,19.99,1800,1
TX000012410,111789,2026-04-24 13:17:18,vault,49.99,5000,1
TX000014743,134517,2026-04-24 13:17:19,vault,49.99,5000,1
TX000000084,107477,2026-04-24 13:20:43,large_chest,19.99,1800,1
TX000001597,157180,2026-04-24 13:21:14,starter_pouch,1.99,120,1
TX000001862,155214,2026-04-24 13:24:38,large_chest,19.99,1800,1
TX000000107,116136,2026-04-24 13:25:05,large_chest,19.99,1800,1
TX000009190,175496,2026-04-24 13:25:16,starter_pouch,1.99,120,1
TX000008377,178440,2026-04-24 13:34:45,starter_pouch,1.99,120,1
TX000008190,103584,2026-04-24 13:35:28,medium_chest,9.99,800,1
TX000001514,117520,2026-04-24 13:48:25,starter_pouch,1.99,120,1
TX000006194,164160,2026-04-24 13:50:28,small_pouch,4.99,350,1
TX000002032,153915,2026-04-24 13:57:46,small_pouch,4.99,350,1
TX000013642,171493,2026-04-24 13:57:59,small_pouch,4.99,350,1
TX000001159,165681,2026-04-24 14:00:46,large_chest,19.99,1800,1
TX000012580,161734,2026-04-24 14:05:15,small_pouch,4.99,350,1
TX000005392,170071,2026-04-24 14:08:47,small_pouch,4.99,350,1
TX000006876,126149,2026-04-24 14:09:42,starter_pouch,1.99,120,1
TX000000374,105086,2026-04-24 14:10:35,small_pouch,4.99,350,1
TX000008607,110795,2026-04-24 14:13:41,medium_chest,9.99,800,1
TX000002398,167850,2026-04-24 14:17:09,large_chest,19.99,1800,1
TX000013613,177801,2026-04-24 14:17:36,medium_chest,9.99,800,1
TX000013135,160160,2026-04-24 14:18:32,medium_chest,9.99,800,1
TX000002278,170320,2026-04-24 14:18:36,large_chest,19.99,1800,1
TX000006131,137446,2026-04-24 14:20:50,small_pouch,4.99,350,1
TX000008417,121961,2026-04-24 14:20:51,medium_chest,9.99,800,1
TX000003016,169661,2026-04-24 14:22:51,large_chest,19.99,1800,1
TX000010686,138466,2026-04-24 14:23:08,medium_chest,9.99,800,1
TX000010475,143070,2026-04-24 14:23:42,starter_pouch,1.99,120,1
TX000001205,164799,2026-04-24 14:24:41,small_pouch,4.99,350,1
TX000009509,127227,2026-04-24 14:25:33,small_pouch,4.99,350,1
TX000004702,118258,2026-04-24 14:30:28,starter_pouch,1.99,120,1
TX000012009,175058,2026-04-24 14:32:54,starter_pouch,1.99,120,1
TX000000501,161349,2026-04-24 14:33:48,starter_pouch,1.99,120,1
TX000010137,168090,2026-04-24 14:36:00,vault,49.99,5000,1
TX000012194,148463,2026-04-24 14:40:06,small_pouch,4.99,350,1
TX000012655,113605,2026-04-24 14:40:25,starter_pouch,1.99,120,1
TX000005807,158670,2026-04-24 14:41:03,starter_pouch,1.99,120,1
TX000013809,151415,2026-04-24 14:43:25,vault,49.99,5000,1
TX000001158,143973,2026-04-24 14:44:54,large_chest,19.99,1800,1
TX000003825,115801,2026-04-24 14:49:04,large_chest,19.99,1800,1
TX000013839,115129,2026-04-24 14:49:57,starter_pouch,1.99,120,1
TX000012246,129791,2026-04-24 14:51:38,small_pouch,4.99,350,1
TX000014822,161200,2026-04-24 14:57:33,small_pouch,4.99,350,1
TX000013634,131463,2026-04-24 14:58:07,starter_pouch,1.99,120,1
TX000015166,154290,2026-04-24 14:59:04,vault,49.99,5000,1
TX000010404,138374,2026-04-24 15:00:03,starter_pouch,1.99,120,1
TX000010868,145318,2026-04-24 15:02:22,medium_chest,9.99,800,1
TX000006089,128460,2026-04-24 15:04:52,medium_chest,9.99,800,1
TX000008684,158495,2026-04-24 15:07:34,starter_pouch,1.99,120,1
TX000003483,105519,2026-04-24 15:12:39,large_chest,19.99,1800,1
TX000003165,118603,2026-04-24 15:16:33,small_pouch,4.99,350,1
TX000003344,167307,2026-04-24 15:17:09,small_pouch,4.99,350,1
TX000008442,144460,2026-04-24 15:18:14,large_chest,19.99,1800,1
TX000009502,174683,2026-04-24 15:24:44,starter_pouch,1.99,120,1
TX000002012,165704,2026-04-24 15:26:16,vault,49.99,5000,1
TX000007450,176305,2026-04-24 15:26:38,vault,49.99,5000,1
TX000015164,164911,2026-04-24 15:27:25,medium_chest,9.99,800,1
TX000013283,158272,2026-04-24 15:29:46,small_pouch,4.99,350,1
TX000007464,129507,2026-04-24 15:32:11,small_pouch,4.99,350,1
TX000001768,146549,2026-04-24 15:34:49,small_pouch,4.99,350,1
TX000007690,131449,2026-04-24 15:38:22,small_pouch,4.99,350,1
TX000005078,137500,2026-04-24 15:40:36,small_pouch,4.99,350,1
TX000006047,101173,2026-04-24 15:41:17,medium_chest,9.99,800,1
TX000000642,112159,2026-04-24 15:42:43,small_pouch,4.99,350,1
TX000010193,147417,2026-04-24 15:46:47,starter_pouch,1.99,120,1
TX000006752,150097,2026-04-24 15:48:12,large_chest,19.99,1800,1
TX000007168,163844,2026-04-24 15:50:10,small_pouch,4.99,350,1
TX000003591,124102,2026-04-24 15:50:31,vault,49.99,5000,1
TX000010547,166143,2026-04-24 15:51:42,large_chest,19.99,1800,1
TX000013262,112398,2026-04-24 15:53:10,starter_pouch,1.99,120,1
TX000008811,161996,2026-04-24 15:58:36,large_chest,19.99,1800,1
TX000000038,100374,2026-04-24 15:59:54,large_chest,19.99,1800,1
TX000014330,126836,2026-04-24 15:59:58,starter_pouch,1.99,120,1
TX000010669,176055,2026-04-24 16:00:55,large_chest,19.99,1800,1
TX000003671,140725,2026-04-24 16:01:29,small_pouch,4.99,350,1
TX000013122,116758,2026-04-24 16:02:18,medium_chest,9.99,800,1
TX000008775,151488,2026-04-24 16:04:31,starter_pouch,1.99,120,1
TX000003106,168253,2026-04-24 16:04:34,vault,49.99,5000,1
TX000007517,168929,2026-04-24 16:05:47,starter_pouch,1.99,120,1
TX000001104,119627,2026-04-24 16:07:42,starter_pouch,1.99,120,1
TX000009624,144493,2026-04-24 16:10:20,large_chest,19.99,1800,1
TX000011458,152782,2026-04-24 16:10:41,medium_chest,9.99,800,1
TX000001425,156004,2026-04-24 16:11:26,small_pouch,4.99,350,1
TX000002054,156619,2026-04-24 16:12:50,vault,49.99,5000,1
TX000012815,179958,2026-04-24 16:12:53,medium_chest,9.99,800,1
TX000003373,107951,2026-04-24 16:20:51,medium_chest,9.99,800,1
TX000004791,140087,2026-04-24 16:21:17,starter_pouch,1.99,120,1
TX000013876,158332,2026-04-24 16:23:48,medium_chest,9.99,800,1
TX000000934,102247,2026-04-24 16:24:44,medium_chest,9.99,800,1
TX000000838,178346,2026-04-24 16:24:54,starter_pouch,1.99,120,1
TX000015219,164837,2026-04-24 16:25:18,starter_pouch,1.99,120,1
TX000003288,166611,2026-04-24 16:26:01,small_pouch,4.99,350,1
TX000010645,115834,2026-04-24 16:26:13,medium_chest,9.99,800,1
TX000010038,171642,2026-04-24 16:30:34,medium_chest,9.99,800,1
TX000008715,117248,2026-04-24 16:34:04,medium_chest,9.99,800,1
TX000007067,101907,2026-04-24 16:34:17,starter_pouch,1.99,120,1
TX000013095,144390,2026-04-24 16:35:27,small_pouch,4.99,350,1
TX000009716,158120,2026-04-24 16:36:17,medium_chest,9.99,800,1
TX000007419,134721,2026-04-24 16:38:08,large_chest,19.99,1800,1
TX000006250,164371,2026-04-24 16:38:18,medium_chest,9.99,800,1
TX000003888,168804,2026-04-24 16:39:33,small_pouch,4.99,350,1
TX000008106,174538,2026-04-24 16:39:46,medium_chest,9.99,800,1
TX000004197,123712,2026-04-24 16:40:25,medium_chest,9.99,800,1
TX000003935,157892,2026-04-24 16:40:57,medium_chest,9.99,800,1
TX000008985,155822,2026-04-24 16:41:34,large_chest,19.99,1800,1
TX000009051,168817,2026-04-24 16:42:00,small_pouch,4.99,350,1
TX000006528,134277,2026-04-24 16:42:47,large_chest,19.99,1800,1
TX000003580,122276,2026-04-24 16:43:13,starter_pouch,1.99,120,1
TX000009481,144643,2026-04-24 16:43:22,starter_pouch,1.99,120,1
TX000014299,159874,2026-04-24 16:43:56,starter_pouch,1.99,120,1
TX000004747,155775,2026-04-24 16:44:46,medium_chest,9.99,800,1
TX000006189,148866,2026-04-24 16:45:53,small_pouch,4.99,350,1
TX000005799,141191,2026-04-24 16:47:16,large_chest,19.99,1800,1
TX000015093,176732,2026-04-24 16:50:06,small_pouch,4.99,350,1
TX000004082,138461,2026-04-24 16:52:23,large_chest,19.99,1800,1
TX000014042,110174,2026-04-24 16:53:40,starter_pouch,1.99,120,1
TX000004359,149293,2026-04-24 16:54:28,vault,49.99,5000,1
TX000011781,130758,2026-04-24 16:56:02,small_pouch,4.99,350,1
TX000010054,176566,2026-04-24 16:56:12,medium_chest,9.99,800,1
TX000009554,113161,2026-04-24 16:56:15,large_chest,19.99,1800,1
TX000007724,103986,2026-04-24 16:56:34,starter_pouch,1.99,120,1
TX000001817,150957,2026-04-24 16:57:09,vault,49.99,5000,1
TX000013216,107780,2026-04-24 16:58:00,small_pouch,4.99,350,1
TX000004311,100880,2026-04-24 16:59:18,medium_chest,9.99,800,1
TX000013780,155037,2026-04-24 17:00:57,small_pouch,4.99,350,1
TX000003715,175160,2026-04-24 17:03:01,medium_chest,9.99,800,1
TX000009910,168406,2026-04-24 17:03:33,large_chest,19.99,1800,1
TX000004469,154051,2026-04-24 17:04:59,starter_pouch,1.99,120,1
TX000008689,105543,2026-04-24 17:05:48,medium_chest,9.99,800,1
TX000001853,177611,2026-04-24 17:06:38,starter_pouch,1.99,120,1
TX000007878,127589,2026-04-24 17:07:19,large_chest,19.99,1800,1
TX000001347,162517,2026-04-24 17:07:23,starter_pouch,1.99,120,1
TX000011569,143162,2026-04-24 17:09:37,small_pouch,4.99,350,1
TX000012877,169758,2026-04-24 17:09:40,starter_pouch,1.99,120,1
TX000001569,154030,2026-04-24 17:13:40,vault,49.99,5000,1
TX000003883,158486,2026-04-24 17:13:52,vault,49.99,5000,1
TX000006582,101541,2026-04-24 17:14:58,starter_pouch,1.99,120,1
TX000007338,164683,2026-04-24 17:15:03,medium_chest,9.99,800,1
TX000013785,104034,2026-04-24 17:15:44,small_pouch,4.99,350,1
TX000008477,128768,2026-04-24 17:16:39,medium_chest,9.99,800,1
TX000012891,136129,2026-04-24 17:18:15,medium_chest,9.99,800,1
TX000009521,110417,2026-04-24 17:18:48,large_chest,19.99,1800,1
TX000014784,175904,2026-04-24 17:18:54,medium_chest,9.99,800,1
TX000009490,159206,2026-04-24 17:19:52,vault,49.99,5000,1
TX000012873,165613,2026-04-24 17:19:58,vault,49.99,5000,1
TX000008348,129828,2026-04-24 17:20:03,starter_pouch,1.99,120,1
TX000003047,124024,2026-04-24 17:20:11,starter_pouch,1.99,120,1
TX000007750,143682,2026-04-24 17:20:26,medium_chest,9.99,800,1
TX000015145,152592,2026-04-24 17:20:40,starter_pouch,1.99,120,1
TX000002533,106699,2026-04-24 17:21:48,mega_vault,99.99,11000,1
TX000012715,161916,2026-04-24 17:22:39,small_pouch,4.99,350,1
TX000010989,170089,2026-04-24 17:24:56,starter_pouch,1.99,120,1
TX000004390,138328,2026-04-24 17:26:14,medium_chest,9.99,800,1
TX000007676,100673,2026-04-24 17:28:19,vault,49.99,5000,1
TX000001287,134424,2026-04-24 17:31:02,medium_chest,9.99,800,1
TX000011424,123371,2026-04-24 17:33:00,medium_chest,9.99,800,1
TX000006989,159445,2026-04-24 17:33:02,starter_pouch,1.99,120,1
TX000011595,173859,2026-04-24 17:33:17,large_chest,19.99,1800,1
TX000011079,151015,2026-04-24 17:33:36,medium_chest,9.99,800,1
TX000006499,150537,2026-04-24 17:34:52,starter_pouch,1.99,120,1
TX000005493,179323,2026-04-24 17:35:31,large_chest,19.99,1800,1
TX000001167,119953,2026-04-24 17:36:05,vault,49.99,5000,1
TX000004938,103023,2026-04-24 17:37:07,small_pouch,4.99,350,1
TX000002796,132965,2026-04-24 17:37:22,starter_pouch,1.99,120,1
TX000013182,112688,2026-04-24 17:38:05,medium_chest,9.99,800,1
TX000000059,108997,2026-04-24 17:38:22,medium_chest,9.99,800,1
TX000006405,105042,2026-04-24 17:38:50,small_pouch,4.99,350,1
TX000004740,158611,2026-04-24 17:40:28,medium_chest,9.99,800,1
TX000006606,174691,2026-04-24 17:42:03,small_pouch,-4.99,-350,1
TX000009478,103765,2026-04-24 17:43:37,mega_vault,99.99,11000,1
TX000003127,143957,2026-04-24 17:43:55,starter_pouch,1.99,120,1
TX000009138,164601,2026-04-24 17:45:24,large_chest,19.99,1800,1
TX000014693,104181,2026-04-24 17:50:06,starter_pouch,1.99,120,1
TX000003902,167727,2026-04-24 17:50:17,vault,49.99,5000,1
TX000012512,146929,2026-04-24 17:51:26,small_pouch,4.99,350,1
TX000002134,136045,2026-04-24 17:52:34,large_chest,19.99,1800,1
TX000012133,104560,2026-04-24 17:54:21,mega_vault,99.99,11000,1
TX000006960,118474,2026-04-24 17:55:24,starter_pouch,1.99,120,1
TX000005549,175578,2026-04-24 17:55:40,small_pouch,4.99,350,1
TX000009467,133068,2026-04-24 17:56:04,small_pouch,4.99,350,1
TX000013945,147962,2026-04-24 17:56:14,vault,49.99,5000,1
TX000014219,133343,2026-04-24 17:57:56,starter_pouch,1.99,120,1
TX000013732,171095,2026-04-24 17:58:05,starter_pouch,1.99,120,1
TX000015130,113216,2026-04-24 17:58:21,large_chest,19.99,1800,1
TX000004343,112735,2026-04-24 17:58:56,starter_pouch,1.99,120,1
TX000000088,149095,2026-04-24 17:59:01,starter_pouch,1.99,120,1
TX000003841,148880,2026-04-24 17:59:14,vault,49.99,5000,1
TX000002308,118105,2026-04-24 18:01:12,small_pouch,4.99,350,1
TX000010685,171557,2026-04-24 18:02:38,large_chest,19.99,1800,1
TX000001350,160245,2026-04-24 18:04:37,medium_chest,9.99,800,1
TX000004761,152900,2026-04-24 18:05:04,medium_chest,9.99,800,1
TX000002183,170959,2026-04-24 18:07:21,large_chest,19.99,1800,1
TX000008568,130421,2026-04-24 18:08:53,medium_chest,9.99,800,1
TX000015059,133651,2026-04-24 18:08:58,starter_pouch,1.99,120,1
TX000003568,155290,2026-04-24 18:09:41,starter_pouch,1.99,120,1
TX000002017,168828,2026-04-24 18:10:25,large_chest,19.99,1800,1
TX000006312,164279,2026-04-24 18:10:47,medium_chest,9.99,800,1
TX000010624,176858,2026-04-24 18:12:37,starter_pouch,1.99,120,1
TX000003564,125050,2026-04-24 18:13:07,starter_pouch,1.99,120,1
TX000011880,109617,2026-04-24 18:18:18,starter_pouch,1.99,120,1
TX000000355,142622,2026-04-24 18:19:43,starter_pouch,1.99,120,1
TX000001057,151226,2026-04-24 18:21:35,starter_pouch,1.99,120,1
TX000013410,156870,2026-04-24 18:21:44,vault,49.99,5000,1
TX000013172,152221,2026-04-24 18:22:02,large_chest,19.99,1800,1
TX000014023,109352,2026-04-24 18:22:56,starter_pouch,1.99,120,1
TX000001542,119639,2026-04-24 18:24:20,medium_chest,9.99,800,1
TX000006901,122199,2026-04-24 18:25:39,medium_chest,9.99,800,1
TX000010370,135131,2026-04-24 18:26:22,small_pouch,4.99,350,1
TX000007024,136836,2026-04-24 18:28:13,starter_pouch,1.99,120,1
TX000010130,102036,2026-04-24 18:33:55,starter_pouch,1.99,120,1
TX000005830,119962,2026-04-24 18:34:58,mega_vault,99.99,11000,1
TX000011106,105448,2026-04-24 18:35:15,small_pouch,4.99,350,1
TX000004503,125522,2026-04-24 18:35:16,starter_pouch,1.99,120,1
TX000000693,111928,2026-04-24 18:35:34,small_pouch,4.99,350,1
TX000014416,163623,2026-04-24 18:37:04,starter_pouch,1.99,120,1
TX000005270,117907,2026-04-24 18:37:41,large_chest,19.99,1800,1
TX000008271,171456,2026-04-24 18:39:12,medium_chest,9.99,800,1
TX000003327,121025,2026-04-24 18:39:19,starter_pouch,1.99,120,1
TX000007801,103722,2026-04-24 18:39:53,medium_chest,9.99,800,1
TX000005273,176491,2026-04-24 18:41:38,starter_pouch,1.99,120,1
TX000003511,131837,2026-04-24 18:41:40,starter_pouch,1.99,120,1
TX000007882,131599,2026-04-24 18:43:30,medium_chest,9.99,800,1
TX000005140,154953,2026-04-24 18:43:32,large_chest,19.99,1800,1
TX000005235,143716,2026-04-24 18:43:43,small_pouch,4.99,350,1
TX000009950,164829,2026-04-24 18:46:35,mega_vault,99.99,11000,1
TX000000146,158021,2026-04-24 18:46:36,starter_pouch,1.99,120,1
TX000012537,109055,2026-04-24 18:47:04,medium_chest,9.99,800,1
TX000002239,129445,2026-04-24 18:47:16,starter_pouch,1.99,120,1
TX000001802,154937,2026-04-24 18:47:22,starter_pouch,1.99,120,1
TX000001119,154100,2026-04-24 18:47:52,medium_chest,9.99,800,1
TX000002677,152710,2026-04-24 18:47:53,vault,49.99,5000,1
TX000013592,158665,2026-04-24 18:48:12,starter_pouch,1.99,120,1
TX000000044,167439,2026-04-24 18:48:26,starter_pouch,1.99,120,1
TX000009932,130572,2026-04-24 18:48:40,starter_pouch,1.99,120,1
TX000003048,154868,2026-04-24 18:49:29,starter_pouch,1.99,120,1
TX000009940,159844,2026-04-24 18:51:16,vault,49.99,5000,1
TX000010935,166918,2026-04-24 18:51:30,medium_chest,9.99,800,1
TX000003580,122276,2026-04-24 18:51:37,starter_pouch,1.99,120,1
TX000006722,141287,2026-04-24 18:52:18,starter_pouch,1.99,120,1
TX000000563,135409,2026-04-24 18:52:57,starter_pouch,1.99,120,1
TX000015161,133655,2026-04-24 18:53:05,small_pouch,4.99,350,1
TX000003400,141612,2026-04-24 18:53:16,starter_pouch,1.99,120,1
TX000003223,125201,2026-04-24 18:53:51,large_chest,19.99,1800,1
TX000012474,154500,2026-04-24 18:54:17,starter_pouch,1.99,120,1
TX000004109,178430,2026-04-24 18:54:57,small_pouch,4.99,350,1
TX000001707,165812,2026-04-24 18:55:15,small_pouch,4.99,350,1
TX000003601,153219,2026-04-24 18:55:19,medium_chest,9.99,800,1
TX000000214,180191,2026-04-24 18:55:33,medium_chest,9.99,800,1
TX000012421,117725,2026-04-24 18:55:45,large_chest,19.99,1800,1
TX000005916,104022,2026-04-24 18:56:18,starter_pouch,1.99,120,1
TX000011493,114283,2026-04-24 18:56:28,starter_pouch,1.99,120,1
TX000006979,152591,2026-04-24 18:57:19,medium_chest,9.99,800,1
TX000010826,155616,2026-04-24 18:58:42,large_chest,19.99,1800,1
TX000007743,168485,2026-04-24 18:59:36,small_pouch,4.99,350,1
TX000006036,139601,2026-04-24 19:00:33,small_pouch,4.99,350,1
TX000013129,115157,2026-04-24 19:00:53,medium_chest,9.99,800,1
TX000009105,110774,2026-04-24 19:01:12,starter_pouch,1.99,120,1
TX000013114,152831,2026-04-24 19:02:59,medium_chest,9.99,800,1
TX000001454,107750,2026-04-24 19:03:00,medium_chest,9.99,800,1
TX000006996,114233,2026-04-24 19:03:05,vault,49.99,5000,1
TX000013057,172304,2026-04-24 19:04:06,large_chest,19.99,1800,1
TX000012211,113474,2026-04-24 19:04:45,large_chest,19.99,1800,1
TX000005939,172679,2026-04-24 19:05:37,medium_chest,9.99,800,1
TX000002285,126400,2026-04-24 19:06:44,starter_pouch,1.99,120,1
TX000011653,117129,2026-04-24 19:09:10,small_pouch,4.99,350,1
TX000015226,131344,2026-04-24 19:11:02,starter_pouch,1.99,120,1
TX000013776,159830,2026-04-24 19:11:43,large_chest,19.99,1800,1
TX000004496,159371,2026-04-24 19:12:01,large_chest,19.99,1800,1
TX000008109,127932,2026-04-24 19:13:00,starter_pouch,1.99,120,1
TX000005009,150501,2026-04-24 19:13:20,large_chest,19.99,1800,1
TX000002110,146388,2026-04-24 19:13:27,medium_chest,9.99,800,1
TX000013147,165603,2026-04-24 19:14:32,starter_pouch,1.99,120,1
TX000009985,141443,2026-04-24 19:14:45,small_pouch,4.99,350,1
TX000006576,159965,2026-04-24 19:15:46,vault,49.99,5000,1
TX000014260,129269,2026-04-24 19:16:35,vault,49.99,5000,1
TX000008519,104339,2026-04-24 19:17:34,large_chest,19.99,1800,1
TX000002411,152877,2026-04-24 19:18:36,medium_chest,9.99,800,1
TX000002050,139500,2026-04-24 19:20:59,starter_pouch,1.99,120,1
TX000008979,162923,2026-04-24 19:21:30,medium_chest,9.99,800,1
TX000015078,141608,2026-04-24 19:21:58,medium_chest,9.99,800,1
TX000001818,170921,2026-04-24 19:22:00,small_pouch,4.99,350,1
TX000006214,105863,2026-04-24 19:23:00,small_pouch,4.99,350,1
TX000002729,100310,2026-04-24 19:26:25,starter_pouch,1.99,120,1
TX000006376,133915,2026-04-24 19:27:37,small_pouch,4.99,350,1
TX000004280,172275,2026-04-24 19:28:47,small_pouch,4.99,350,1
TX000002845,172942,2026-04-24 19:28:52,medium_chest,9.99,800,1
TX000010857,162907,2026-04-24 19:28:56,medium_chest,9.99,800,1
TX000012643,175110,2026-04-24 19:29:10,starter_pouch,1.99,120,1
TX000006400,143828,2026-04-24 19:29:44,starter_pouch,1.99,120,1
TX000008415,152276,2026-04-24 19:31:38,small_pouch,4.99,350,1
TX000000071,131777,2026-04-24 19:32:46,small_pouch,4.99,350,1
TX000012103,143640,2026-04-24 19:34:03,large_chest,19.99,1800,1
TX000013397,151508,2026-04-24 19:34:37,small_pouch,4.99,350,1
TX000003314,160436,2026-04-24 19:35:21,medium_chest,9.99,800,1
TX000015120,157958,2026-04-24 19:35:24,medium_chest,9.99,800,1
TX000011951,161192,2026-04-24 19:35:37,starter_pouch,1.99,120,1
TX000004423,143287,2026-04-24 19:35:44,large_chest,19.99,1800,1
TX000007667,154198,2026-04-24 19:36:09,small_pouch,4.99,350,1
TX000014201,129477,2026-04-24 19:37:52,large_chest,19.99,1800,1
TX000000400,102249,2026-04-24 19:38:33,starter_pouch,1.99,120,1
TX000005615,151290,2026-04-24 19:41:05,starter_pouch,1.99,120,1
TX000011971,115868,2026-04-24 19:41:36,starter_pouch,1.99,120,1
TX000011287,161253,2026-04-24 19:42:42,starter_pouch,1.99,120,1
TX000011564,115829,2026-04-24 19:42:56,small_pouch,4.99,350,1
TX000011336,136115,2026-04-24 19:44:24,large_chest,19.99,1800,1
TX000014318,125378,2026-04-24 19:44:24,small_pouch,4.99,350,1
TX000004238,166925,2026-04-24 19:44:33,starter_pouch,1.99,120,1
TX000003250,141163,2026-04-24 19:45:40,starter_pouch,1.99,120,1
TX000009154,137720,2026-04-24 19:51:28,small_pouch,4.99,350,1
TX000001225,101166,2026-04-24 19:52:31,large_chest,19.99,1800,1
TX000014921,124096,2026-04-24 19:52:51,medium_chest,9.99,800,1
TX000007501,156056,2026-04-24 19:53:34,starter_pouch,1.99,120,1
TX000000288,165677,2026-04-24 19:54:59,vault,49.99,5000,1
TX000012928,100074,2026-04-24 19:55:21,starter_pouch,1.99,120,1
TX000014336,127185,2026-04-24 19:55:26,starter_pouch,1.99,120,1
TX000004609,155092,2026-04-24 19:55:40,starter_pouch,1.99,120,1
TX000013553,128043,2026-04-24 19:55:50,medium_chest,9.99,800,1
TX000014482,102281,2026-04-24 19:56:20,medium_chest,9.99,800,1
TX000002769,169885,2026-04-24 19:57:59,medium_chest,9.99,800,1
TX000000110,145821,2026-04-24 19:59:09,starter_pouch,1.99,120,1
TX000001723,145006,2026-04-24 19:59:46,starter_pouch,1.99,120,1
TX000001484,127511,2026-04-24 20:00:26,starter_pouch,1.99,120,1
TX000009434,156329,2026-04-24 20:00:47,large_chest,19.99,1800,1
TX000010419,133509,2026-04-24 20:03:13,medium_chest,9.99,800,1
TX000011889,126504,2026-04-24 20:03:43,small_pouch,4.99,350,1
TX000002464,106414,2026-04-24 20:03:50,small_pouch,4.99,350,1
TX000011622,156547,2026-04-24 20:07:23,starter_pouch,1.99,120,1
TX000001547,178536,2026-04-24 20:08:43,starter_pouch,1.99,120,1
TX000003195,128908,2026-04-24 20:09:22,small_pouch,4.99,350,1
TX000009432,163889,2026-04-24 20:10:32,small_pouch,4.99,350,1
TX000007626,106683,2026-04-24 20:11:18,small_pouch,4.99,350,1
TX000007847,169394,2026-04-24 20:11:21,starter_pouch,1.99,120,1
TX000004837,126673,2026-04-24 20:11:48,starter_pouch,1.99,120,1
TX000002284,107719,2026-04-24 20:12:13,large_chest,19.99,1800,1
TX000010757,126601,2026-04-24 20:13:56,large_chest,19.99,1800,1
TX000007802,102067,2026-04-24 20:14:10,small_pouch,4.99,350,1
TX000000518,174255,2026-04-24 20:14:17,small_pouch,4.99,350,1
TX000010502,165351,2026-04-24 20:14:52,vault,49.99,5000,1
TX000008661,129077,2026-04-24 20:16:00,small_pouch,4.99,350,1
TX000006637,131622,2026-04-24 20:16:05,mega_vault,99.99,11000,1
TX000001828,163035,2026-04-24 20:16:22,large_chest,19.99,1800,1
TX000007321,151092,2026-04-24 20:16:24,starter_pouch,1.99,120,1
TX000012107,117862,2026-04-24 20:20:55,starter_pouch,1.99,120,1
TX000009282,125795,2026-04-24 20:21:23,small_pouch,4.99,350,1
TX000007965,116484,2026-04-24 20:24:05,starter_pouch,1.99,120,1
TX000000075,120616,2026-04-24 20:24:05,small_pouch,4.99,350,1
TX000004766,121085,2026-04-24 20:26:06,starter_pouch,1.99,120,1
TX000010904,157506,2026-04-24 20:30:19,medium_chest,9.99,800,1
TX000009997,129710,2026-04-24 20:30:25,starter_pouch,1.99,120,1
TX000009515,167454,2026-04-24 20:33:00,large_chest,19.99,1800,1
TX000013454,163475,2026-04-24 20:33:40,medium_chest,9.99,800,1
TX000011154,116605,2026-04-24 20:33:41,small_pouch,4.99,350,1
TX000007567,106162,2026-04-24 20:34:13,starter_pouch,1.99,120,1
TX000004239,149860,2026-04-24 20:34:30,vault,49.99,5000,1
TX000015000,127171,2026-04-24 20:34:59,small_pouch,4.99,350,1
TX000010088,178775,2026-04-24 20:35:30,large_chest,19.99,1800,1
TX000001737,112283,2026-04-24 20:35:46,medium_chest,9.99,800,1
TX000013850,161381,2026-04-24 20:38:32,starter_pouch,1.99,120,1
TX000008675,114662,2026-04-24 20:39:12,starter_pouch,1.99,120,1
TX000003588,105897,2026-04-24 20:40:31,medium_chest,9.99,800,1
TX000000814,178794,2026-04-24 20:42:52,small_pouch,4.99,350,1
TX000005245,139481,2026-04-24 20:43:37,starter_pouch,1.99,120,1
TX000011220,168272,2026-04-24 20:43:40,small_pouch,4.99,350,1
TX000006496,101959,2026-04-24 20:45:43,large_chest,19.99,1800,1
TX000007542,139724,2026-04-24 20:46:37,starter_pouch,1.99,120,1
TX000009390,136060,2026-04-24 20:47:02,small_pouch,4.99,350,1
TX000005512,178885,2026-04-24 20:48:53,mega_vault,99.99,11000,1
TX000012623,111171,2026-04-24 20:49:25,small_pouch,4.99,350,1
TX000005858,149382,2026-04-24 20:49:44,starter_pouch,1.99,120,1
TX000014806,111845,2026-04-24 20:50:02,vault,49.99,5000,1
TX000005692,160199,2026-04-24 20:50:30,medium_chest,9.99,800,1
TX000000561,153842,2026-04-24 20:50:42,small_pouch,4.99,350,1
TX000004456,169748,2026-04-24 20:55:00,starter_pouch,1.99,120,1
TX000014221,118105,2026-04-24 20:57:30,mega_vault,99.99,11000,1
TX000006399,111560,2026-04-24 20:57:42,starter_pouch,1.99,120,1
TX000005281,168334,2026-04-24 20:59:56,small_pouch,4.99,350,1
TX000002276,143703,2026-04-24 21:00:49,starter_pouch,1.99,120,1
TX000012053,140534,2026-04-24 21:01:09,medium_chest,9.99,800,1
TX000003282,150936,2026-04-24 21:01:14,large_chest,19.99,1800,1
TX000012842,131157,2026-04-24 21:01:27,starter_pouch,1.99,120,1
TX000009087,135100,2026-04-24 21:02:50,small_pouch,4.99,350,1
TX000006472,163172,2026-04-24 21:03:12,medium_chest,9.99,800,1
TX000014715,112675,2026-04-24 21:03:17,small_pouch,4.99,350,1
TX000000082,155522,2026-04-24 21:03:37,starter_pouch,1.99,120,1
TX000005168,164083,2026-04-24 21:04:25,medium_chest,9.99,800,1
TX000001316,121026,2026-04-24 21:04:49,starter_pouch,1.99,120,1
TX000005666,171055,2026-04-24 21:06:09,medium_chest,9.99,800,1
TX000006630,121070,2026-04-24 21:06:43,starter_pouch,1.99,120,1
TX000003573,154012,2026-04-24 21:07:11,medium_chest,9.99,800,1
TX000004148,101579,2026-04-24 21:08:24,starter_pouch,1.99,120,1
TX000001697,163376,2026-04-24 21:10:42,small_pouch,4.99,350,1
TX000011648,159357,2026-04-24 21:13:49,small_pouch,4.99,350,1
TX000013974,113772,2026-04-24 21:13:53,starter_pouch,1.99,120,1
TX000000758,144158,2026-04-24 21:14:03,mega_vault,99.99,11000,1
TX000011660,163958,2026-04-24 21:14:08,small_pouch,4.99,350,1
TX000010317,127758,2026-04-24 21:15:00,small_pouch,4.99,350,1
TX000011912,127584,2026-04-24 21:15:04,small_pouch,4.99,350,1
TX000010336,158507,2026-04-24 21:15:10,small_pouch,4.99,350,1
TX000001123,112070,2026-04-24 21:16:08,vault,49.99,5000,1
TX000012670,158568,2026-04-24 21:16:57,starter_pouch,1.99,120,1
TX000002604,127592,2026-04-24 21:17:06,medium_chest,9.99,800,1
TX000003213,165986,2026-04-24 21:17:09,large_chest,19.99,1800,1
TX000013914,124372,2026-04-24 21:18:26,large_chest,19.99,1800,1
TX000013724,118482,2026-04-24 21:19:25,mega_vault,99.99,11000,1
TX000006857,166884,2026-04-24 21:21:12,starter_pouch,1.99,120,1
TX000008109,127932,2026-04-24 21:21:39,starter_pouch,1.99,120,1
TX000010269,118775,2026-04-24 21:22:24,starter_pouch,1.99,120,1
TX000000370,162377,2026-04-24 21:22:31,medium_chest,9.99,800,1
TX000008429,130439,2026-04-24 21:22:42,small_pouch,4.99,350,1
TX000008374,144240,2026-04-24 21:23:09,starter_pouch,1.99,120,1
TX000011730,104311,2026-04-24 21:25:41,starter_pouch,1.99,120,1
TX000000113,138824,2026-04-24 21:26:00,large_chest,19.99,1800,1
TX000001927,122401,2026-04-24 21:26:53,medium_chest,9.99,800,1
TX000002351,102703,2026-04-24 21:27:31,small_pouch,4.99,350,1
TX000005521,126445,2026-04-24 21:29:41,small_pouch,4.99,350,1
TX000006559,170293,2026-04-24 21:31:55,small_pouch,4.99,350,1
TX000000303,129590,2026-04-24 21:33:29,small_pouch,4.99,350,1
TX000011462,101999,2026-04-24 21:33:33,starter_pouch,1.99,120,1
TX000000579,175402,2026-04-24 21:33:56,mega_vault,99.99,11000,1
TX000014107,147506,2026-04-24 21:34:30,medium_chest,9.99,800,1
TX000005063,172417,2026-04-24 21:36:25,mega_vault,99.99,11000,1
TX000012145,151431,2026-04-24 21:36:30,medium_chest,9.99,800,1
TX000007338,164683,2026-04-24 21:37:41,medium_chest,9.99,800,1
TX000003356,129974,2026-04-24 21:38:08,medium_chest,9.99,800,1
TX000011999,123980,2026-04-24 21:39:12,small_pouch,4.99,350,1
TX000010241,175882,2026-04-24 21:39:46,mega_vault,99.99,11000,1
TX000013496,106622,2026-04-24 21:40:09,starter_pouch,1.99,120,1
TX000014862,131666,2026-04-24 21:41:31,starter_pouch,1.99,120,1
TX000000777,161982,2026-04-24 21:42:32,vault,49.99,5000,1
TX000000263,116316,2026-04-24 21:44:30,small_pouch,4.99,350,1
TX000012375,110472,2026-04-24 21:44:59,small_pouch,4.99,350,1
TX000006817,129909,2026-04-24 21:45:22,starter_pouch,1.99,120,1
TX000004842,135052,2026-04-24 21:45:50,starter_pouch,1.99,120,1
TX000001534,150430,2026-04-24 21:45:58,vault,49.99,5000,1
TX000003386,172961,2026-04-24 21:47:39,small_pouch,4.99,350,1
TX000009059,134103,2026-04-24 21:48:43,small_pouch,4.99,350,1
TX000008568,130421,2026-04-24 21:48:48,medium_chest,9.99,800,1
TX000001990,123575,2026-04-24 21:49:14,medium_chest,9.99,800,1
TX000008431,161002,2026-04-24 21:51:55,small_pouch,4.99,350,1
TX000014621,161753,2026-04-24 21:52:05,medium_chest,9.99,800,1
TX000003897,140941,2026-04-24 21:53:49,large_chest,19.99,1800,1
TX000010201,160043,2026-04-24 21:55:17,starter_pouch,1.99,120,1
TX000014731,175523,2026-04-24 21:55:18,large_chest,19.99,1800,1
TX000002462,122554,2026-04-24 21:55:55,starter_pouch,1.99,120,1
TX000015243,168294,2026-04-24 21:56:27,starter_pouch,1.99,120,1
TX000014117,102749,2026-04-24 21:57:17,small_pouch,4.99,350,1
TX000013549,144831,2026-04-24 21:58:02,small_pouch,4.99,350,1
TX000010339,168898,2026-04-24 21:58:11,large_chest,19.99,1800,1
TX000010461,127920,2026-04-24 21:58:47,starter_pouch,1.99,120,1
TX000005899,177220,2026-04-24 21:59:42,starter_pouch,1.99,120,1
TX000014625,117462,2026-04-24 22:00:13,small_pouch,4.99,350,1
TX000008527,151492,2026-04-24 22:02:12,medium_chest,9.99,800,1
TX000013520,115817,2026-04-24 22:02:20,medium_chest,9.99,800,1
TX000001539,142981,2026-04-24 22:03:04,vault,49.99,5000,1
TX000008531,100744,2026-04-24 22:03:09,small_pouch,4.99,350,1
TX000007109,135259,2026-04-24 22:03:13,medium_chest,9.99,800,1
TX000011488,155680,2026-04-24 22:07:01,medium_chest,9.99,800,1
TX000000151,161929,2026-04-24 22:10:29,starter_pouch,1.99,120,1
TX000004814,133445,2026-04-24 22:10:37,small_pouch,4.99,350,1
TX000006707,114830,2026-04-24 22:11:34,medium_chest,9.99,800,1
TX000000522,139768,2026-04-24 22:12:58,mega_vault,99.99,11000,1
TX000013211,149591,2026-04-24 22:13:32,starter_pouch,1.99,120,1
TX000011592,134176,2026-04-24 22:15:31,small_pouch,4.99,350,1
TX000010275,120677,2026-04-24 22:17:00,starter_pouch,1.99,120,1
TX000005033,107995,2026-04-24 22:17:21,starter_pouch,1.99,120,1
TX000010599,137528,2026-04-24 22:19:27,large_chest,19.99,1800,1
TX000005894,115045,2026-04-24 22:22:56,vault,49.99,5000,1
TX000005480,169134,2026-04-24 22:26:51,small_pouch,4.99,350,1
TX000000648,131622,2026-04-24 22:27:21,starter_pouch,1.99,120,1
TX000005778,115668,2026-04-24 22:27:23,small_pouch,4.99,350,1
TX000013779,115808,2026-04-24 22:29:01,large_chest,19.99,1800,1
TX000010306,116041,2026-04-24 22:31:19,small_pouch,4.99,350,1
TX000000733,111363,2026-04-24 22:34:46,medium_chest,9.99,800,1
TX000001042,106706,2026-04-24 22:35:08,starter_pouch,1.99,120,1
TX000006553,113289,2026-04-24 22:35:39,large_chest,19.99,1800,1
TX000001998,135744,2026-04-24 22:36:57,small_pouch,4.99,350,1
TX000011483,115212,2026-04-24 22:37:55,large_chest,19.99,1800,1
TX000002132,153506,2026-04-24 22:38:05,vault,49.99,5000,1
TX000004465,134513,2026-04-24 22:40:45,starter_pouch,1.99,120,1
TX000003876,173718,2026-04-24 22:44:57,starter_pouch,1.99,120,1
TX000009279,165353,2026-04-24 22:49:03,medium_chest,9.99,800,1
TX000004613,136407,2026-04-24 22:50:48,starter_pouch,1.99,120,1
TX000002167,150112,2026-04-24 22:51:12,medium_chest,9.99,800,1
TX000006928,117137,2026-04-24 22:52:48,small_pouch,4.99,350,1
TX000010742,134169,2026-04-24 22:52:59,starter_pouch,1.99,120,1
TX000002705,111179,2026-04-24 22:55:03,medium_chest,9.99,800,1
TX000004046,126923,2026-04-24 22:55:54,medium_chest,9.99,800,1
TX000000235,147483,2026-04-24 23:04:57,starter_pouch,1.99,120,1
TX000002175,148134,2026-04-24 23:06:46,vault,49.99,5000,1
TX000005308,161027,2026-04-24 23:07:42,medium_chest,9.99,800,1
TX000011008,110850,2026-04-24 23:08:12,large_chest,19.99,1800,1
TX000010199,133091,2026-04-24 23:17:30,medium_chest,9.99,800,1
TX000002960,122183,2026-04-24 23:17:38,small_pouch,4.99,350,1
TX000003027,164170,2026-04-24 23:25:04,starter_pouch,1.99,120,1
TX000002047,104122,2026-04-24 23:27:05,small_pouch,4.99,350,1
TX000000228,128522,2026-04-24 23:27:43,starter_pouch,1.99,120,1
TX000008293,141558,2026-04-24 23:31:28,small_pouch,4.99,350,1
TX000003014,151507,2026-04-24 23:34:18,starter_pouch,1.99,120,1
TX000004002,128049,2026-04-24 23:34:50,medium_chest,9.99,800,1
TX000011530,160742,2026-04-24 23:43:40,medium_chest,9.99,800,1
TX000009185,177600,2026-04-24 23:44:49,small_pouch,4.99,350,1
TX000006338,141528,2026-04-24 23:45:23,small_pouch,4.99,350,1
TX000009757,106798,2026-04-24 23:48:44,small_pouch,4.99,350,1
TX000008347,175802,2026-04-24 23:59:37,mega_vault,99.99,11000,1
TX000010156,179133,2026-04-24 23:59:56,large_chest,19.99,1800,1
TX000012508,147820,2026-04-24 23:59:56,medium_chest,9.99,800,1
TX000014140,145912,2026-04-24 23:59:56,medium_chest,9.99,800,1
TX000008282,147111,2026-04-24 23:59:56,vault,49.99,5000,1
TX000004891,153811,2026-04-24 23:59:56,large_chest,19.99,1800,1
TX000000527,118125,2026-04-24 23:59:56,small_pouch,4.99,350,1
TX000005036,163193,2026-04-24 23:59:56,small_pouch,4.99,350,1
TX000013528,112011,2026-04-24 23:59:56,medium_chest,9.99,800,1
TX000000367,175081,2026-04-24 23:59:56,large_chest,19.99,1800,1
TX000008784,142605,2026-04-24 23:59:56,small_pouch,4.99,350,1
TX000008655,109564,2026-04-25 06:13:40,vault,49.99,5000,0
TX000006239,134389,2026-04-25 06:27:59,large_chest,19.99,1800,0
TX000006610,117131,2026-04-25 06:43:22,vault,49.99,5000,0
TX000013790,121383,2026-04-25 06:49:24,small_pouch,4.99,350,0
TX000008080,146206,2026-04-25 07:11:07,starter_pouch,1.99,120,0
TX000006393,106971,2026-04-25 07:14:45,starter_pouch,1.99,120,0
TX000003299,137310,2026-04-25 08:07:16,starter_pouch,1.99,120,0
TX000010330,154687,2026-04-25 08:11:00,vault,49.99,5000,0
TX000010181,138589,2026-04-25 08:18:38,large_chest,19.99,1800,0
TX000014236,115829,2026-04-25 08:22:20,starter_pouch,1.99,120,0
TX000009698,168059,2026-04-25 09:02:00,starter_pouch,1.99,120,0
TX000005713,175104,2026-04-25 09:02:30,small_pouch,4.99,350,0
TX000013727,131079,2026-04-25 09:13:54,large_chest,19.99,1800,0
TX000010883,119381,2026-04-25 09:30:00,starter_pouch,1.99,120,0
TX000000521,157554,2026-04-25 09:48:09,vault,49.99,5000,0
TX000004203,105575,2026-04-25 09:50:01,medium_chest,9.99,800,0
TX000010943,117289,2026-04-25 10:05:57,starter_pouch,1.99,120,0
TX000013516,153865,2026-04-25 10:11:58,vault,49.99,5000,0
TX000003837,142116,2026-04-25 10:33:39,medium_chest,9.99,800,0
TX000014232,127340,2026-04-25 10:39:34,small_pouch,4.99,350,0
TX000009288,105560,2026-04-25 10:42:32,starter_pouch,1.99,120,0
TX000000446,119691,2026-04-25 10:43:58,starter_pouch,1.99,120,0
TX000012994,122693,2026-04-25 11:01:07,mega_vault,99.99,11000,0
TX000014098,164473,2026-04-25 11:04:30,starter_pouch,1.99,120,0
TX000012497,136411,2026-04-25 11:11:55,starter_pouch,1.99,120,0
TX000007455,124701,2026-04-25 11:15:42,medium_chest,9.99,800,0
TX000005489,153337,2026-04-25 11:31:31,small_pouch,4.99,350,0
TX000011998,143735,2026-04-25 11:49:38,starter_pouch,1.99,120,0
TX000013995,106757,2026-04-25 11:50:09,starter_pouch,1.99,120,0
TX000003621,169989,2026-04-25 12:36:08,small_pouch,4.99,350,0
TX000011308,159170,2026-04-25 12:46:44,large_chest,19.99,1800,0
TX000000538,143477,2026-04-25 13:03:39,medium_chest,9.99,800,0
TX000003442,160939,2026-04-25 13:20:28,vault,49.99,5000,0
TX000006812,117068,2026-04-25 13:37:44,large_chest,19.99,1800,0
TX000004410,114022,2026-04-25 14:03:17,medium_chest,9.99,800,0
TX000011516,107614,2026-04-25 14:27:55,medium_chest,9.99,800,0
TX000008649,131043,2026-04-25 14:37:18,small_pouch,4.99,350,0
TX000003767,106958,2026-04-25 14:41:52,starter_pouch,1.99,120,0
TX000013922,176352,2026-04-25 14:42:46,medium_chest,9.99,800,0
TX000007184,112280,2026-04-25 14:49:20,small_pouch,4.99,350,0
TX000003650,117786,2026-04-25 15:01:06,starter_pouch,1.99,120,0
TX000001221,161946,2026-04-25 15:02:35,medium_chest,9.99,800,0
TX000005835,116794,2026-04-25 15:10:25,small_pouch,4.99,350,0
TX000009139,155551,2026-04-25 15:16:17,small_pouch,4.99,350,0
TX000011477,139774,2026-04-25 15:19:02,mega_vault,99.99,11000,0
TX000002794,153303,2026-04-25 15:20:15,medium_chest,9.99,800,0
TX000009572,151521,2026-04-25 15:20:38,medium_chest,9.99,800,0
TX000004150,158128,2026-04-25 15:33:57,medium_chest,9.99,800,0
TX000013228,160503,2026-04-25 15:38:11,vault,49.99,5000,0
TX000000502,162179,2026-04-25 15:42:57,small_pouch,4.99,350,0
TX000012364,114580,2026-04-25 15:50:49,small_pouch,4.99,350,0
TX000002046,155444,2026-04-25 16:10:16,starter_pouch,1.99,120,0
TX000007814,107577,2026-04-25 16:16:52,starter_pouch,1.99,120,0
TX000009754,108600,2026-04-25 16:21:29,small_pouch,4.99,350,0
TX000006373,171048,2026-04-25 16:28:22,large_chest,19.99,1800,0
TX000004485,102267,2026-04-25 16:36:42,medium_chest,9.99,800,0
TX000003041,116452,2026-04-25 16:38:05,small_pouch,4.99,350,0
TX000014411,100374,2026-04-25 16:38:18,starter_pouch,1.99,120,0
TX000013093,152935,2026-04-25 16:43:02,small_pouch,4.99,350,0
TX000000294,161834,2026-04-25 16:44:01,small_pouch,4.99,350,0
TX000003589,145537,2026-04-25 16:45:44,medium_chest,9.99,800,0
TX000000843,103954,2026-04-25 16:49:47,large_chest,19.99,1800,0
TX000009160,154271,2026-04-25 16:58:13,starter_pouch,1.99,120,0
TX000002668,160680,2026-04-25 17:00:46,starter_pouch,1.99,120,0
TX000007469,148888,2026-04-25 17:10:23,small_pouch,4.99,350,0
TX000005484,133492,2026-04-25 17:10:52,small_pouch,4.99,350,0
TX000005565,145489,2026-04-25 17:13:21,starter_pouch,1.99,120,0
TX000010515,128413,2026-04-25 17:14:47,medium_chest,9.99,800,0
TX000012556,151438,2026-04-25 17:18:44,medium_chest,9.99,800,0
TX000004066,120623,2026-04-25 17:19:11,large_chest,19.99,1800,0
TX000012174,137618,2026-04-25 17:20:01,large_chest,19.99,1800,0
TX000009406,111141,2026-04-25 17:23:10,medium_chest,-9.99,-800,1
TX000013911,126174,2026-04-25 17:26:36,medium_chest,9.99,800,0
TX000005741,102040,2026-04-25 17:27:16,large_chest,19.99,1800,0
TX000001011,117199,2026-04-25 17:36:30,starter_pouch,1.99,120,0
TX000011182,170582,2026-04-25 17:44:00,vault,49.99,5000,0
TX000004626,109039,2026-04-25 17:52:40,medium_chest,9.99,800,0
TX000007537,179869,2026-04-25 17:52:57,starter_pouch,1.99,120,0
TX000000219,173117,2026-04-25 17:58:40,medium_chest,9.99,800,0
TX000007134,129429,2026-04-25 18:00:51,vault,49.99,5000,0
TX000006424,152295,2026-04-25 18:18:10,large_chest,-19.99,-1800,0
TX000005453,170207,2026-04-25 18:28:21,medium_chest,9.99,800,0
TX000004183,166749,2026-04-25 18:33:42,small_pouch,4.99,350,0
TX000003261,155528,2026-04-25 18:42:34,vault,49.99,5000,0
TX000004100,172238,2026-04-25 18:48:44,medium_chest,9.99,800,0
TX000010452,168178,2026-04-25 18:49:17,small_pouch,4.99,350,0
TX000014502,125923,2026-04-25 18:58:45,large_chest,19.99,1800,0
TX000004479,125576,2026-04-25 19:02:46,medium_chest,9.99,800,0
TX000008660,161499,2026-04-25 19:12:00,vault,-49.99,-5000,0
TX000003822,126662,2026-04-25 19:12:52,medium_chest,9.99,800,0
TX000002445,111866,2026-04-25 19:17:27,medium_chest,9.99,800,0
TX000004412,146241,2026-04-25 19:20:02,starter_pouch,1.99,120,0
TX000002254,121316,2026-04-25 19:28:00,medium_chest,9.99,800,0
TX000013927,110385,2026-04-25 19:28:57,large_chest,19.99,1800,0
TX000005634,154249,2026-04-25 19:37:22,large_chest,19.99,1800,0
TX000013909,169434,2026-04-25 19:37:38,medium_chest,9.99,800,0
TX000001477,136161,2026-04-25 19:41:40,medium_chest,9.99,800,0
TX000003473,130491,2026-04-25 19:42:46,starter_pouch,1.99,120,0
TX000005756,105236,2026-04-25 19:47:33,large_chest,19.99,1800,0
TX000001713,133043,2026-04-25 20:02:08,vault,-49.99,-5000,1
TX000007632,177326,2026-04-25 20:03:30,medium_chest,9.99,800,0
TX000006858,175215,2026-04-25 20:06:59,starter_pouch,1.99,120,0
TX000004539,150779,2026-04-25 20:08:59,starter_pouch,1.99,120,0
TX000009951,132992,2026-04-25 20:11:41,small_pouch,4.99,350,0
TX000011630,138053,2026-04-25 20:12:07,large_chest,19.99,1800,0
TX000013524,160948,2026-04-25 20:18:21,starter_pouch,1.99,120,0
TX000008379,119501,2026-04-25 20:19:16,mega_vault,99.99,11000,0
TX000004079,129675,2026-04-25 20:23:59,small_pouch,4.99,350,0
TX000001925,165984,2026-04-25 20:25:03,large_chest,19.99,1800,0
TX000008133,132136,2026-04-25 20:29:03,medium_chest,9.99,800,0
TX000007003,136612,2026-04-25 20:33:47,small_pouch,4.99,350,0
TX000006525,175777,2026-04-25 20:34:52,starter_pouch,1.99,120,0
TX000002240,172611,2026-04-25 20:40:13,starter_pouch,1.99,120,0
TX000001110,156055,2026-04-25 20:40:56,starter_pouch,1.99,120,0
TX000003586,156571,2026-04-25 20:43:57,starter_pouch,1.99,120,0
TX000012168,101857,2026-04-25 20:46:30,small_pouch,4.99,350,0
TX000011671,150011,2026-04-25 20:48:39,mega_vault,99.99,11000,0
TX000009970,123140,2026-04-25 20:49:05,vault,49.99,5000,0
TX000004466,178580,2026-04-25 20:53:54,starter_pouch,1.99,120,0
TX000005523,180041,2026-04-25 20:58:51,large_chest,19.99,1800,0
TX000014952,110566,2026-04-25 20:59:00,mega_vault,99.99,11000,0
TX000011924,149729,2026-04-25 21:01:09,small_pouch,4.99,350,0
TX000014505,169519,2026-04-25 21:04:51,small_pouch,4.99,350,0
TX000010009,141172,2026-04-25 21:28:32,starter_pouch,1.99,120,0
TX000003843,162475,2026-04-25 21:31:24,starter_pouch,-1.99,-120,0
TX000008763,124848,2026-04-25 21:33:08,starter_pouch,1.99,120,0
TX000009632,138387,2026-04-25 21:38:24,small_pouch,4.99,350,0
TX000007891,179571,2026-04-25 21:51:44,small_pouch,4.99,350,0
TX000008511,143994,2026-04-25 21:52:23,medium_chest,9.99,800,0
TX000010348,174743,2026-04-25 22:04:08,large_chest,19.99,1800,0
TX000007013,110404,2026-04-25 22:07:12,small_pouch,4.99,350,0
TX000000432,139187,2026-04-25 22:22:49,mega_vault,99.99,11000,0
TX000014700,111812,2026-04-25 22:28:59,medium_chest,9.99,800,0
TX000007992,162572,2026-04-25 22:42:22,vault,49.99,5000,0
TX000006902,115244,2026-04-25 22:42:23,mega_vault,99.99,11000,0
TX000014644,162054,2026-04-25 23:04:50,medium_chest,9.99,800,0
TX000015178,139385,2026-04-25 23:05:13,medium_chest,9.99,800,0
TX000009857,139245,2026-04-25 23:24:23,large_chest,19.99,1800,0
TX000004042,109410,2026-04-25 23:54:02,small_pouch,-4.99,-350,1
TX000005911,120005,2026-04-25 23:59:56,starter_pouch,1.99,120,0
TX000012761,105710,2026-04-25 23:59:56,starter_pouch,1.99,120,0
TX000004953,153962,2026-04-25 23:59:56,small_pouch,4.99,350,0
TX000002898,110581,2026-04-25 23:59:56,small_pouch,4.99,350,0
TX000007108,103508,2026-04-25 23:59:56,starter_pouch,1.99,120,0
TX000000139,154674,2026-04-25 23:59:56,small_pouch,4.99,350,0
TX000015297,174448,2026-04-25 23:59:56,starter_pouch,1.99,120,0
TX000012584,125662,2026-04-25 23:59:56,starter_pouch,1.99,120,0
TX000001204,109841,2026-04-25 23:59:56,vault,49.99,5000,0
TX000007837,175822,2026-04-26 06:17:50,starter_pouch,1.99,120,0
TX000005657,166525,2026-04-26 06:18:48,vault,-49.99,-5000,1
TX000011399,102736,2026-04-26 06:25:21,small_pouch,4.99,350,0
TX000004323,150854,2026-04-26 06:28:22,small_pouch,4.99,350,0
TX000005112,136651,2026-04-26 06:34:17,small_pouch,4.99,350,0
TX000002760,165135,2026-04-26 06:45:00,large_chest,19.99,1800,0
TX000005629,162905,2026-04-26 06:46:49,small_pouch,4.99,350,0
TX000006437,108772,2026-04-26 07:19:40,medium_chest,9.99,800,0
TX000011164,119308,2026-04-26 08:12:11,starter_pouch,1.99,120,0
TX000012080,132135,2026-04-26 08:53:30,starter_pouch,1.99,120,0
TX000011062,165669,2026-04-26 09:05:00,starter_pouch,1.99,120,0
TX000011926,107781,2026-04-26 09:28:44,small_pouch,4.99,350,0
TX000014395,168392,2026-04-26 09:30:50,small_pouch,4.99,350,0
TX000001336,124995,2026-04-26 09:32:29,large_chest,19.99,1800,0
TX000005211,165427,2026-04-26 09:46:25,small_pouch,4.99,350,0
TX000013485,119899,2026-04-26 09:59:49,medium_chest,9.99,800,0
TX000001931,151043,2026-04-26 10:44:58,small_pouch,4.99,350,0
TX000006216,172449,2026-04-26 10:48:30,starter_pouch,1.99,120,0
TX000003063,140462,2026-04-26 11:29:03,starter_pouch,1.99,120,0
TX000006516,157050,2026-04-26 11:30:40,large_chest,19.99,1800,0
TX000013435,103311,2026-04-26 11:38:21,small_pouch,4.99,350,0
TX000004424,138996,2026-04-26 11:47:31,medium_chest,9.99,800,0
TX000014191,126237,2026-04-26 11:50:26,large_chest,19.99,1800,0
TX000010324,127297,2026-04-26 12:35:40,large_chest,19.99,1800,0
TX000009383,103922,2026-04-26 12:40:28,medium_chest,9.99,800,0
TX000006773,172512,2026-04-26 12:57:18,mega_vault,99.99,11000,0
TX000005945,119596,2026-04-26 13:05:16,small_pouch,4.99,350,0
TX000001018,110424,2026-04-26 13:07:23,starter_pouch,1.99,120,0
TX000014019,119253,2026-04-26 13:11:40,starter_pouch,1.99,120,0
TX000013703,146978,2026-04-26 13:13:32,small_pouch,4.99,350,0
TX000002081,134383,2026-04-26 13:28:36,small_pouch,4.99,350,0
TX000007673,164214,2026-04-26 13:47:51,vault,49.99,5000,0
TX000000567,144725,2026-04-26 14:00:27,starter_pouch,1.99,120,0
TX000009244,149040,2026-04-26 14:07:34,mega_vault,-99.99,-11000,1
TX000010264,134377,2026-04-26 14:12:40,mega_vault,99.99,11000,0
TX000014007,132742,2026-04-26 14:17:08,large_chest,19.99,1800,0
TX000013217,122812,2026-04-26 14:20:46,large_chest,19.99,1800,0
TX000001301,166856,2026-04-26 14:20:56,small_pouch,4.99,350,0
TX000014440,140260,2026-04-26 14:27:19,medium_chest,9.99,800,0
TX000008236,170810,2026-04-26 14:32:32,starter_pouch,1.99,120,0
TX000010885,136006,2026-04-26 14:49:54,medium_chest,9.99,800,0
TX000000885,131698,2026-04-26 14:51:21,large_chest,19.99,1800,0
TX000000972,125834,2026-04-26 14:57:42,starter_pouch,1.99,120,0
TX000001374,166934,2026-04-26 15:12:46,large_chest,19.99,1800,0
TX000000542,107155,2026-04-26 15:34:15,small_pouch,4.99,350,0
TX000005448,172825,2026-04-26 15:41:35,medium_chest,9.99,800,0
TX000014094,106939,2026-04-26 15:43:39,small_pouch,4.99,350,0
TX000004786,148062,2026-04-26 15:48:53,starter_pouch,1.99,120,0
TX000013074,116350,2026-04-26 15:51:31,large_chest,19.99,1800,0
TX000007394,165253,2026-04-26 15:51:35,small_pouch,4.99,350,0
TX000008210,131436,2026-04-26 15:59:04,medium_chest,9.99,800,0
TX000010598,157484,2026-04-26 16:04:20,small_pouch,4.99,350,0
TX000011798,110001,2026-04-26 16:06:26,mega_vault,99.99,11000,0
TX000003886,172990,2026-04-26 16:14:32,starter_pouch,1.99,120,0
TX000004854,164578,2026-04-26 16:15:15,medium_chest,9.99,800,0
TX000010985,122472,2026-04-26 16:33:14,medium_chest,9.99,800,0
TX000010064,115203,2026-04-26 16:35:12,medium_chest,9.99,800,0
TX000010704,105152,2026-04-26 16:38:21,large_chest,19.99,1800,0
TX000013427,154486,2026-04-26 16:41:04,starter_pouch,1.99,120,0
TX000008316,157200,2026-04-26 16:43:11,mega_vault,99.99,11000,0
TX000013636,129814,2026-04-26 17:02:40,starter_pouch,1.99,120,0
TX000002998,145485,2026-04-26 17:02:59,small_pouch,4.99,350,0
TX000009881,121027,2026-04-26 17:08:33,starter_pouch,1.99,120,0
TX000002291,152270,2026-04-26 17:12:44,small_pouch,4.99,350,0
TX000006746,153624,2026-04-26 17:17:19,starter_pouch,1.99,120,0
TX000006761,166385,2026-04-26 17:18:44,small_pouch,4.99,350,0
TX000002914,100018,2026-04-26 17:33:24,small_pouch,4.99,350,0
TX000007588,156797,2026-04-26 17:39:49,vault,49.99,5000,0
TX000012573,130376,2026-04-26 17:40:18,large_chest,19.99,1800,0
TX000013711,115808,2026-04-26 17:51:18,vault,49.99,5000,0
TX000001374,166934,2026-04-26 17:52:45,large_chest,19.99,1800,0
TX000007547,100207,2026-04-26 17:55:06,large_chest,19.99,1800,0
TX000006310,167112,2026-04-26 18:02:47,large_chest,19.99,1800,0
TX000010451,139976,2026-04-26 18:04:32,vault,49.99,5000,0
TX000010834,155849,2026-04-26 18:04:43,starter_pouch,1.99,120,0
TX000011797,139626,2026-04-26 18:05:35,medium_chest,9.99,800,0
TX000014613,167721,2026-04-26 18:10:00,large_chest,19.99,1800,0
TX000001801,145527,2026-04-26 18:14:42,small_pouch,4.99,350,0
TX000005903,151431,2026-04-26 18:15:36,starter_pouch,1.99,120,0
TX000001072,143941,2026-04-26 18:21:03,starter_pouch,1.99,120,0
TX000009402,165883,2026-04-26 18:22:45,medium_chest,9.99,800,0
TX000015154,134103,2026-04-26 18:23:02,large_chest,19.99,1800,0
TX000013547,117395,2026-04-26 18:23:08,large_chest,19.99,1800,0
TX000012870,100305,2026-04-26 18:23:11,small_pouch,4.99,350,0
TX000007739,167888,2026-04-26 18:23:44,medium_chest,9.99,800,0
TX000000689,147043,2026-04-26 18:24:24,starter_pouch,1.99,120,0
TX000009604,108485,2026-04-26 18:24:41,starter_pouch,1.99,120,0
TX000008323,139153,2026-04-26 18:26:06,starter_pouch,1.99,120,0
TX000006896,164937,2026-04-26 18:34:08,large_chest,19.99,1800,0
TX000006396,117954,2026-04-26 18:45:49,medium_chest,9.99,800,0
TX000012778,149301,2026-04-26 18:56:18,starter_pouch,1.99,120,0
TX000007553,106823,2026-04-26 19:08:59,large_chest,19.99,1800,0
TX000001243,125170,2026-04-26 19:10:06,vault,49.99,5000,0
TX000002955,172282,2026-04-26 19:10:35,medium_chest,9.99,800,0
TX000010114,135611,2026-04-26 19:17:58,medium_chest,9.99,800,0
TX000003881,122484,2026-04-26 19:40:09,medium_chest,9.99,800,0
TX000013912,108337,2026-04-26 19:41:00,vault,49.99,5000,0
TX000005292,148283,2026-04-26 19:41:24,large_chest,19.99,1800,0
TX000002882,179191,2026-04-26 19:42:59,medium_chest,9.99,800,0
TX000001465,148900,2026-04-26 19:45:54,vault,49.99,5000,0
TX000000481,128760,2026-04-26 19:53:16,starter_pouch,1.99,120,0
TX000014582,134738,2026-04-26 19:57:11,starter_pouch,1.99,120,0
TX000000678,138609,2026-04-26 20:00:37,small_pouch,4.99,350,0
TX000010026,119605,2026-04-26 20:06:14,medium_chest,9.99,800,0
TX000011291,148103,2026-04-26 20:12:28,starter_pouch,1.99,120,0
TX000014968,163833,2026-04-26 20:14:16,starter_pouch,1.99,120,0
TX000012893,151426,2026-04-26 20:21:54,small_pouch,4.99,350,0
TX000000717,178907,2026-04-26 20:26:41,large_chest,19.99,1800,0
TX000001018,110424,2026-04-26 20:34:12,starter_pouch,1.99,120,0
TX000006232,118825,2026-04-26 20:47:43,starter_pouch,1.99,120,0
TX000004025,128273,2026-04-26 20:48:50,starter_pouch,1.99,120,0
TX000009405,118762,2026-04-26 20:50:51,starter_pouch,1.99,120,0
TX000003698,129725,2026-04-26 20:53:55,medium_chest,9.99,800,0
TX000001643,153650,2026-04-26 21:04:47,medium_chest,9.99,800,0
TX000011911,103410,2026-04-26 21:04:49,medium_chest,9.99,800,0
TX000011048,116977,2026-04-26 21:11:11,mega_vault,99.99,11000,0
TX000009873,100314,2026-04-26 21:17:06,starter_pouch,1.99,120,0
TX000007461,176173,2026-04-26 21:21:49,medium_chest,9.99,800,0
TX000005706,151975,2026-04-26 21:22:15,medium_chest,9.99,800,0
TX000008418,150897,2026-04-26 21:25:11,medium_chest,9.99,800,0
TX000003289,102317,2026-04-26 21:25:34,starter_pouch,1.99,120,0
TX000004637,150271,2026-04-26 21:27:04,starter_pouch,1.99,120,0
TX000012736,129080,2026-04-26 21:32:06,starter_pouch,1.99,120,0
TX000011448,121553,2026-04-26 21:35:01,starter_pouch,1.99,120,0
TX000000603,157488,2026-04-26 21:42:01,starter_pouch,1.99,120,0
TX000007910,108299,2026-04-26 21:43:09,vault,49.99,5000,0
TX000002860,104899,2026-04-26 21:46:13,large_chest,19.99,1800,0
TX000007276,175864,2026-04-26 21:49:59,starter_pouch,1.99,120,0
TX000006949,110644,2026-04-26 21:55:46,starter_pouch,1.99,120,0
TX000008780,101797,2026-04-26 22:07:54,starter_pouch,1.99,120,0
TX000008159,119531,2026-04-26 22:27:56,large_chest,19.99,1800,0
TX000012795,125862,2026-04-26 22:29:43,large_chest,19.99,1800,0
TX000002367,176673,2026-04-26 22:50:05,small_pouch,4.99,350,0
TX000008337,145104,2026-04-26 23:16:28,starter_pouch,1.99,120,0
TX000005012,134513,2026-04-26 23:18:38,medium_chest,9.99,800,0
TX000007004,116681,2026-04-26 23:24:31,mega_vault,99.99,11000,0
TX000005259,101688,2026-04-26 23:31:56,medium_chest,9.99,800,0
TX000005671,165190,2026-04-26 23:48:51,vault,49.99,5000,0
TX000011838,176216,2026-04-26 23:59:56,medium_chest,9.99,800,0
TX000011699,106655,2026-04-26 23:59:56,vault,49.99,5000,0
TX000006859,179787,2026-04-26 23:59:56,starter_pouch,1.99,120,0
TX000003166,118099,2026-04-26 23:59:56,starter_pouch,1.99,120,0
TX000006658,106744,2026-04-26 23:59:56,medium_chest,9.99,800,0
TX000012490,144875,2026-04-27 06:02:45,vault,49.99,5000,0
TX000002195,160260,2026-04-27 06:04:06,large_chest,19.99,1800,0
TX000007094,176733,2026-04-27 06:15:50,small_pouch,4.99,350,0
TX000014824,112838,2026-04-27 06:34:58,small_pouch,4.99,350,0
TX000004536,144576,2026-04-27 06:56:06,medium_chest,9.99,800,0
TX000000967,179231,2026-04-27 06:57:43,starter_pouch,1.99,120,0
TX000006759,129866,2026-04-27 07:09:54,small_pouch,4.99,350,0
TX000013396,175567,2026-04-27 07:16:11,medium_chest,9.99,800,0
TX000001611,133261,2026-04-27 07:22:50,vault,49.99,5000,0
TX000011635,104022,2026-04-27 07:40:07,large_chest,19.99,1800,0
TX000009990,127513,2026-04-27 07:45:08,medium_chest,9.99,800,0
TX000012023,176356,2026-04-27 08:11:52,vault,49.99,5000,0
TX000004927,106612,2026-04-27 08:21:57,medium_chest,9.99,800,0
TX000001303,148823,2026-04-27 08:25:44,small_pouch,4.99,350,0
TX000007437,108899,2026-04-27 08:41:07,large_chest,19.99,1800,0
TX000006165,131563,2026-04-27 08:51:14,medium_chest,9.99,800,0
TX000001897,116837,2026-04-27 09:21:44,medium_chest,9.99,800,0
TX000004033,167539,2026-04-27 09:27:49,small_pouch,4.99,350,0
TX000003544,102156,2026-04-27 09:30:39,small_pouch,4.99,350,0
TX000014918,129922,2026-04-27 09:41:28,large_chest,19.99,1800,0
TX000015302,101106,2026-04-27 09:42:57,small_pouch,4.99,350,0
TX000005066,113445,2026-04-27 09:43:28,starter_pouch,1.99,120,0
TX000012064,131812,2026-04-27 09:57:04,large_chest,19.99,1800,0
TX000014291,126191,2026-04-27 09:58:49,starter_pouch,1.99,120,0
TX000010194,111853,2026-04-27 10:28:09,starter_pouch,1.99,120,0
TX000005075,129157,2026-04-27 10:44:55,starter_pouch,1.99,120,0
TX000003595,151394,2026-04-27 10:50:08,medium_chest,9.99,800,0
TX000003926,121585,2026-04-27 11:04:39,large_chest,19.99,1800,0
TX000015213,123694,2026-04-27 11:10:23,vault,49.99,5000,0
TX000003317,129456,2026-04-27 11:14:18,starter_pouch,1.99,120,0
TX000012590,129852,2026-04-27 11:33:43,large_chest,19.99,1800,0
TX000008929,140910,2026-04-27 11:34:57,medium_chest,9.99,800,0
TX000000182,129620,2026-04-27 11:48:52,medium_chest,9.99,800,0
TX000004397,146920,2026-04-27 12:34:22,large_chest,19.99,1800,0
TX000014872,156897,2026-04-27 12:35:24,vault,49.99,5000,0
TX000011449,158724,2026-04-27 12:35:48,starter_pouch,1.99,120,0
TX000008412,176836,2026-04-27 12:53:18,medium_chest,9.99,800,0
TX000004327,150980,2026-04-27 13:08:02,mega_vault,99.99,11000,0
TX000003708,100374,2026-04-27 13:31:26,starter_pouch,1.99,120,0
TX000004019,128017,2026-04-27 13:49:57,medium_chest,9.99,800,0
TX000011139,172082,2026-04-27 13:54:07,starter_pouch,1.99,120,0
TX000007061,155768,2026-04-27 14:15:41,starter_pouch,1.99,120,0
TX000003555,132232,2026-04-27 14:44:26,small_pouch,4.99,350,0
TX000005351,171540,2026-04-27 14:45:20,large_chest,19.99,1800,0
TX000014454,105896,2026-04-27 15:00:41,starter_pouch,1.99,120,0
TX000013822,104403,2026-04-27 15:04:30,small_pouch,4.99,350,0
TX000014765,155103,2026-04-27 15:06:21,small_pouch,4.99,350,0
TX000002413,141666,2026-04-27 15:29:09,starter_pouch,1.99,120,0
TX000003078,173072,2026-04-27 15:33:09,large_chest,19.99,1800,0
TX000004719,110795,2026-04-27 15:41:44,starter_pouch,1.99,120,0
TX000004550,100785,2026-04-27 15:46:13,starter_pouch,1.99,120,0
TX000007707,160436,2026-04-27 15:50:04,medium_chest,-9.99,-800,1
TX000001581,128064,2026-04-27 15:54:22,starter_pouch,1.99,120,0
TX000004890,123131,2026-04-27 16:02:24,medium_chest,9.99,800,0
TX000014323,133292,2026-04-27 16:04:54,large_chest,19.99,1800,0
TX000007085,168185,2026-04-27 16:20:57,starter_pouch,1.99,120,0
TX000002412,132179,2026-04-27 16:26:17,vault,49.99,5000,0
TX000007025,153788,2026-04-27 16:46:35,medium_chest,9.99,800,0
TX000013036,119868,2026-04-27 17:01:24,large_chest,19.99,1800,0
TX000005766,122406,2026-04-27 17:21:57,starter_pouch,1.99,120,0
TX000015256,172838,2026-04-27 17:26:39,starter_pouch,1.99,120,0
TX000009778,166604,2026-04-27 17:32:20,large_chest,19.99,1800,0
TX000005401,141196,2026-04-27 17:32:57,starter_pouch,1.99,120,0
TX000006340,158754,2026-04-27 17:34:48,small_pouch,4.99,350,0
TX000007386,117763,2026-04-27 17:36:30,starter_pouch,1.99,120,0
TX000008290,168107,2026-04-27 17:37:02,starter_pouch,1.99,120,0
TX000003795,164400,2026-04-27 17:52:59,large_chest,19.99,1800,0
TX000006149,103874,2026-04-27 17:53:08,starter_pouch,1.99,120,0
TX000014460,103722,2026-04-27 17:56:55,starter_pouch,1.99,120,0
TX000014519,162181,2026-04-27 18:15:02,medium_chest,9.99,800,0
TX000004224,110576,2026-04-27 18:22:13,starter_pouch,1.99,120,0
TX000013568,162866,2026-04-27 18:22:31,starter_pouch,1.99,120,0
TX000001478,176875,2026-04-27 18:31:55,medium_chest,9.99,800,0
TX000012515,175307,2026-04-27 18:33:26,small_pouch,4.99,350,0
TX000002636,145056,2026-04-27 18:33:28,medium_chest,9.99,800,0
TX000006735,110894,2026-04-27 18:37:05,starter_pouch,1.99,120,0
TX000011206,152715,2026-04-27 18:40:00,starter_pouch,1.99,120,0
TX000014797,121219,2026-04-27 18:40:43,medium_chest,9.99,800,0
TX000012030,178661,2026-04-27 18:44:46,small_pouch,4.99,350,0
TX000004989,102288,2026-04-27 18:49:53,small_pouch,4.99,350,0
TX000004462,141328,2026-04-27 18:53:04,starter_pouch,1.99,120,0
TX000000728,132557,2026-04-27 19:28:04,large_chest,19.99,1800,0
TX000013503,151601,2026-04-27 19:30:29,medium_chest,9.99,800,0
TX000008206,126189,2026-04-27 19:33:10,medium_chest,9.99,800,0
TX000003265,170132,2026-04-27 19:43:52,starter_pouch,1.99,120,0
TX000004580,176695,2026-04-27 19:51:00,starter_pouch,1.99,120,0
TX000003815,165478,2026-04-27 19:56:36,starter_pouch,1.99,120,0
TX000004440,160182,2026-04-27 20:00:48,medium_chest,9.99,800,0
TX000008287,106542,2026-04-27 20:05:06,medium_chest,9.99,800,0
TX000005364,169729,2026-04-27 20:09:29,starter_pouch,1.99,120,0
TX000007917,151068,2026-04-27 20:30:53,starter_pouch,1.99,120,0
TX000012259,132839,2026-04-27 20:33:23,starter_pouch,1.99,120,0
TX000009967,151464,2026-04-27 20:39:35,starter_pouch,1.99,120,0
TX000013092,133780,2026-04-27 20:45:11,small_pouch,4.99,350,0
TX000002171,166243,2026-04-27 20:47:46,medium_chest,9.99,800,0
TX000013684,103373,2026-04-27 20:51:41,starter_pouch,1.99,120,0
TX000013953,130168,2026-04-27 20:53:26,small_pouch,4.99,350,0
TX000001916,170754,2026-04-27 20:53:32,small_pouch,4.99,350,0
TX000010220,142128,2026-04-27 20:53:36,vault,49.99,5000,0
TX000002500,156384,2026-04-27 20:55:46,medium_chest,9.99,800,0
TX000002194,172545,2026-04-27 21:05:47,small_pouch,4.99,350,0
TX000010882,162319,2026-04-27 21:11:00,large_chest,19.99,1800,0
TX000006155,163555,2026-04-27 21:19:43,starter_pouch,1.99,120,0
TX000013248,135752,2026-04-27 21:26:28,large_chest,19.99,1800,0
TX000005196,161820,2026-04-27 21:32:04,starter_pouch,1.99,120,0
TX000008443,131544,2026-04-27 21:39:01,medium_chest,9.99,800,0
TX000011028,116015,2026-04-27 21:44:07,large_chest,19.99,1800,0
TX000010563,105119,2026-04-27 21:45:27,mega_vault,99.99,11000,0
TX000013494,132747,2026-04-27 21:55:48,large_chest,19.99,1800,0
TX000014257,122535,2026-04-27 22:03:57,starter_pouch,1.99,120,0
TX000007769,139744,2026-04-27 22:07:36,starter_pouch,1.99,120,0
TX000000322,107969,2026-04-27 22:12:28,medium_chest,9.99,800,0
TX000007658,174411,2026-04-27 22:12:35,vault,49.99,5000,0
TX000006575,167555,2026-04-27 22:14:29,medium_chest,9.99,800,0
TX000009562,140984,2026-04-27 22:15:07,starter_pouch,1.99,120,0
TX000000330,112572,2026-04-27 22:19:08,large_chest,19.99,1800,0
TX000003316,130579,2026-04-27 22:19:52,starter_pouch,1.99,120,0
TX000007715,123941,2026-04-27 22:22:09,vault,49.99,5000,0
TX000005265,120678,2026-04-27 22:22:27,small_pouch,4.99,350,0
TX000005262,113121,2026-04-27 22:43:02,small_pouch,4.99,350,0
TX000000393,120894,2026-04-27 22:45:05,starter_pouch,1.99,120,0
TX000001323,155278,2026-04-27 23:00:04,small_pouch,4.99,350,0
TX000010146,146190,2026-04-27 23:10:32,starter_pouch,1.99,120,0
TX000005817,138780,2026-04-27 23:25:54,small_pouch,4.99,350,0
TX000004566,110748,2026-04-27 23:33:19,small_pouch,4.99,350,0
TX000002591,119238,2026-04-27 23:39:36,starter_pouch,1.99,120,0
TX000000232,177697,2026-04-27 23:43:07,starter_pouch,1.99,120,0
TX000010605,136529,2026-04-27 23:58:58,large_chest,19.99,1800,0
TX000007754,104383,2026-04-27 23:59:56,medium_chest,9.99,800,0
TX000014039,170382,2026-04-27 23:59:56,starter_pouch,1.99,120,0
TX000006977,163825,2026-04-27 23:59:56,large_chest,19.99,1800,0
TX000002926,119249,2026-04-28 06:12:03,small_pouch,4.99,350,0
TX000004198,167624,2026-04-28 06:20:15,vault,49.99,5000,0
TX000003370,159906,2026-04-28 06:22:24,starter_pouch,1.99,120,0
TX000000076,126968,2026-04-28 06:33:42,starter_pouch,1.99,120,0
TX000001549,154087,2026-04-28 06:55:05,small_pouch,4.99,350,0
TX000005658,150397,2026-04-28 06:57:41,small_pouch,4.99,350,0
TX000013820,141677,2026-04-28 07:04:45,small_pouch,4.99,350,0
TX000014509,106481,2026-04-28 07:25:38,starter_pouch,1.99,120,0
TX000003872,176833,2026-04-28 07:26:06,vault,49.99,5000,0
TX000004545,121197,2026-04-28 07:32:33,medium_chest,9.99,800,0
TX000008816,156084,2026-04-28 07:42:10,vault,49.99,5000,0
TX000000464,139181,2026-04-28 07:52:49,starter_pouch,1.99,120,0
TX000013557,171746,2026-04-28 07:58:02,medium_chest,9.99,800,0
TX000002764,142808,2026-04-28 08:28:28,vault,49.99,5000,0
TX000002973,151945,2026-04-28 08:31:49,medium_chest,9.99,800,0
TX000004819,179294,2026-04-28 08:36:18,small_pouch,4.99,350,0
TX000007356,168577,2026-04-28 08:38:04,medium_chest,9.99,800,0
TX000015158,168384,2026-04-28 08:40:08,vault,49.99,5000,0
TX000005264,112682,2026-04-28 08:49:49,mega_vault,99.99,11000,0
TX000004921,134479,2026-04-28 08:52:31,vault,49.99,5000,0
TX000006085,139835,2026-04-28 08:54:14,starter_pouch,1.99,120,0
TX000001965,124562,2026-04-28 09:19:23,large_chest,19.99,1800,0
TX000000690,137055,2026-04-28 09:25:38,starter_pouch,1.99,120,0
TX000013694,142712,2026-04-28 09:38:56,small_pouch,4.99,350,0
TX000009797,113805,2026-04-28 09:56:31,medium_chest,9.99,800,0
TX000010392,141581,2026-04-28 09:56:55,medium_chest,9.99,800,0
TX000006178,155616,2026-04-28 09:59:32,medium_chest,9.99,800,0
TX000007383,143130,2026-04-28 10:04:29,small_pouch,4.99,350,0
TX000001497,137739,2026-04-28 10:08:34,medium_chest,9.99,800,0
TX000011032,167187,2026-04-28 10:16:55,small_pouch,4.99,350,0
TX000008070,167296,2026-04-28 10:19:08,small_pouch,4.99,350,0
TX000005630,176994,2026-04-28 10:34:57,starter_pouch,1.99,120,0
TX000001227,130500,2026-04-28 10:36:19,medium_chest,9.99,800,0
TX000008588,178907,2026-04-28 11:15:59,starter_pouch,1.99,120,0
TX000003238,149940,2026-04-28 11:20:01,small_pouch,4.99,350,0
TX000010647,128719,2026-04-28 11:22:38,large_chest,19.99,1800,0
TX000006464,146535,2026-04-28 11:46:23,starter_pouch,1.99,120,0
TX000001668,163936,2026-04-28 12:09:35,medium_chest,9.99,800,0
TX000012869,158436,2026-04-28 12:28:41,small_pouch,4.99,350,0
TX000005643,102905,2026-04-28 12:50:18,large_chest,19.99,1800,0
TX000007909,166860,2026-04-28 12:53:36,medium_chest,9.99,800,0
TX000005971,129360,2026-04-28 13:13:49,medium_chest,9.99,800,0
TX000008516,148576,2026-04-28 13:20:36,mega_vault,99.99,11000,0
TX000007210,111354,2026-04-28 13:34:31,medium_chest,9.99,800,0
TX000013429,130670,2026-04-28 13:45:37,medium_chest,9.99,800,0
TX000014252,157582,2026-04-28 13:50:56,starter_pouch,1.99,120,0
TX000011059,105069,2026-04-28 13:51:27,large_chest,19.99,1800,0
TX000005891,124642,2026-04-28 14:00:00,small_pouch,4.99,350,0
TX000013566,123904,2026-04-28 14:10:50,medium_chest,9.99,800,0
TX000006303,142177,2026-04-28 14:32:29,starter_pouch,1.99,120,0
TX000007322,119373,2026-04-28 14:32:41,vault,49.99,5000,0
TX000006033,140373,2026-04-28 14:39:08,small_pouch,4.99,350,0
TX000002475,103098,2026-04-28 14:46:06,small_pouch,4.99,350,0
TX000002336,151950,2026-04-28 14:56:58,large_chest,19.99,1800,0
TX000004464,123140,2026-04-28 15:16:08,vault,49.99,5000,0
TX000011472,119303,2026-04-28 15:22:02,small_pouch,4.99,350,0
TX000014876,150936,2026-04-28 15:35:46,medium_chest,9.99,800,0
TX000012817,159386,2026-04-28 15:36:47,starter_pouch,1.99,120,0
TX000010728,161419,2026-04-28 15:41:22,small_pouch,4.99,350,0
TX000012262,180240,2026-04-28 15:41:39,large_chest,19.99,1800,0
TX000014793,145318,2026-04-28 15:48:50,small_pouch,4.99,350,0
TX000007235,140324,2026-04-28 15:55:24,starter_pouch,1.99,120,0
TX000001259,143032,2026-04-28 16:05:01,vault,49.99,5000,0
TX000000395,165990,2026-04-28 16:08:51,medium_chest,9.99,800,0
TX000014420,166829,2026-04-28 16:12:47,small_pouch,4.99,350,0
TX000013967,131845,2026-04-28 16:16:54,medium_chest,9.99,800,0
TX000008832,102999,2026-04-28 16:17:37,starter_pouch,1.99,120,0
TX000008459,165533,2026-04-28 16:27:58,small_pouch,4.99,350,0
TX000004317,136143,2026-04-28 16:28:23,starter_pouch,1.99,120,0
TX000002907,126368,2026-04-28 16:28:39,small_pouch,4.99,350,0
TX000004481,105855,2026-04-28 16:32:05,small_pouch,4.99,350,0
TX000005474,110457,2026-04-28 16:35:03,small_pouch,4.99,350,0
TX000014128,131250,2026-04-28 16:38:44,starter_pouch,1.99,120,0
TX000011202,140543,2026-04-28 16:38:46,starter_pouch,1.99,120,0
TX000006178,155616,2026-04-28 16:40:00,medium_chest,9.99,800,0
TX000008423,156712,2026-04-28 16:48:48,small_pouch,4.99,350,0
TX000010362,133215,2026-04-28 16:49:44,starter_pouch,1.99,120,0
TX000014110,110498,2026-04-28 16:50:14,small_pouch,4.99,350,0
TX000011553,123865,2026-04-28 16:50:50,medium_chest,9.99,800,0
TX000005708,170919,2026-04-28 16:53:12,vault,49.99,5000,0
TX000008266,179265,2026-04-28 16:54:09,small_pouch,4.99,350,0
TX000001882,164099,2026-04-28 16:56:09,small_pouch,4.99,350,0
TX000008224,159546,2026-04-28 16:57:57,starter_pouch,1.99,120,0
TX000011871,174578,2026-04-28 17:14:18,medium_chest,9.99,800,0
TX000007391,103765,2026-04-28 17:17:06,large_chest,19.99,1800,0
TX000001824,119254,2026-04-28 17:17:11,medium_chest,9.99,800,0
TX000010528,155076,2026-04-28 17:23:12,medium_chest,9.99,800,0
TX000001455,160771,2026-04-28 17:30:14,large_chest,19.99,1800,0
TX000003068,171066,2026-04-28 17:31:57,vault,49.99,5000,0
TX000001842,118927,2026-04-28 17:37:24,large_chest,19.99,1800,0
TX000010357,121532,2026-04-28 17:38:35,starter_pouch,1.99,120,0
TX000014711,165981,2026-04-28 17:39:56,large_chest,19.99,1800,0
TX000006099,166173,2026-04-28 17:43:25,small_pouch,4.99,350,0
TX000009026,102906,2026-04-28 17:51:06,starter_pouch,1.99,120,0
TX000002777,160023,2026-04-28 17:51:59,large_chest,19.99,1800,0
TX000003095,159544,2026-04-28 17:52:38,starter_pouch,1.99,120,0
TX000003507,131461,2026-04-28 17:57:04,mega_vault,99.99,11000,0
TX000001283,153196,2026-04-28 18:00:41,small_pouch,4.99,350,0
TX000009397,117670,2026-04-28 18:16:02,vault,49.99,5000,0
TX000005457,108340,2026-04-28 18:20:55,small_pouch,4.99,350,0
TX000008060,100314,2026-04-28 18:21:06,vault,49.99,5000,0
TX000011725,167655,2026-04-28 18:22:38,starter_pouch,1.99,120,0
TX000005826,144367,2026-04-28 18:23:40,large_chest,19.99,1800,0
TX000000916,134052,2026-04-28 18:23:50,starter_pouch,1.99,120,0
TX000005326,157484,2026-04-28 18:25:13,large_chest,19.99,1800,0
TX000011010,102451,2026-04-28 18:25:45,small_pouch,4.99,350,0
TX000008513,103769,2026-04-28 18:26:19,medium_chest,9.99,800,0
TX000010773,160817,2026-04-28 18:30:59,starter_pouch,1.99,120,0
TX000008004,111141,2026-04-28 18:33:16,large_chest,19.99,1800,0
TX000009740,124618,2026-04-28 18:34:19,small_pouch,4.99,350,0
TX000012389,117149,2026-04-28 18:36:20,medium_chest,9.99,800,0
TX000013407,168623,2026-04-28 18:36:51,small_pouch,4.99,350,0
TX000015153,146800,2026-04-28 18:42:59,medium_chest,9.99,800,0
TX000013787,122855,2026-04-28 18:48:44,small_pouch,4.99,350,0
TX000009640,147407,2026-04-28 18:48:55,starter_pouch,1.99,120,0
TX000006360,104099,2026-04-28 19:02:02,medium_chest,9.99,800,0
TX000008153,109043,2026-04-28 19:06:01,medium_chest,9.99,800,0
TX000000287,173813,2026-04-28 19:06:14,small_pouch,4.99,350,0
TX000013440,141790,2026-04-28 19:08:12,starter_pouch,1.99,120,0
TX000006624,149290,2026-04-28 19:08:15,medium_chest,9.99,800,0
TX000003050,154518,2026-04-28 19:12:10,large_chest,19.99,1800,0
TX000015236,176305,2026-04-28 19:13:58,starter_pouch,1.99,120,0
TX000014711,165981,2026-04-28 19:15:13,large_chest,19.99,1800,0
TX000013964,104688,2026-04-28 19:17:16,small_pouch,4.99,350,0
TX000013514,164883,2026-04-28 19:19:19,starter_pouch,1.99,120,0
TX000004309,166619,2026-04-28 19:20:42,small_pouch,4.99,350,0
TX000011112,155219,2026-04-28 19:21:07,medium_chest,9.99,800,0
TX000010332,128404,2026-04-28 19:23:26,mega_vault,99.99,11000,0
TX000014175,173946,2026-04-28 19:25:43,small_pouch,4.99,350,0
TX000003073,116705,2026-04-28 19:29:19,medium_chest,9.99,800,0
TX000002855,153820,2026-04-28 19:31:05,medium_chest,9.99,800,0
TX000004340,117930,2026-04-28 19:32:30,small_pouch,4.99,350,0
TX000006804,147499,2026-04-28 19:32:36,large_chest,19.99,1800,0
TX000003764,135257,2026-04-28 19:32:44,medium_chest,9.99,800,0
TX000006090,121836,2026-04-28 19:34:52,mega_vault,99.99,11000,0
TX000000835,144798,2026-04-28 19:39:11,large_chest,19.99,1800,0
TX000003157,174646,2026-04-28 19:44:26,starter_pouch,1.99,120,0
TX000013163,109298,2026-04-28 19:44:35,medium_chest,9.99,800,0
TX000002532,111629,2026-04-28 19:46:21,medium_chest,9.99,800,0
TX000008383,103710,2026-04-28 19:47:57,starter_pouch,1.99,120,0
TX000001182,113188,2026-04-28 19:51:43,starter_pouch,1.99,120,0
TX000010366,149965,2026-04-28 19:57:38,large_chest,19.99,1800,0
TX000015058,134403,2026-04-28 20:00:18,small_pouch,4.99,350,0
TX000008470,144146,2026-04-28 20:01:22,medium_chest,9.99,800,0
TX000013723,137184,2026-04-28 20:02:16,large_chest,19.99,1800,0
TX000012830,132946,2026-04-28 20:02:59,mega_vault,99.99,11000,0
TX000007005,113238,2026-04-28 20:06:07,medium_chest,9.99,800,0
TX000010506,142223,2026-04-28 20:07:19,small_pouch,4.99,350,0
TX000015052,144725,2026-04-28 20:08:50,starter_pouch,1.99,120,0
TX000003524,153868,2026-04-28 20:16:12,small_pouch,4.99,350,0
TX000015026,116911,2026-04-28 20:19:25,small_pouch,4.99,350,0
TX000007278,142059,2026-04-28 20:21:36,small_pouch,4.99,350,0
TX000011257,137625,2026-04-28 20:22:53,vault,49.99,5000,0
TX000010795,166536,2026-04-28 20:25:01,medium_chest,9.99,800,0
TX000009312,116196,2026-04-28 20:26:42,medium_chest,9.99,800,0
TX000011104,103388,2026-04-28 20:33:04,large_chest,19.99,1800,0
TX000007740,158350,2026-04-28 20:35:27,small_pouch,4.99,350,0
TX000001685,167277,2026-04-28 20:35:41,mega_vault,99.99,11000,0
TX000005577,124727,2026-04-28 20:35:45,medium_chest,9.99,800,0
TX000004703,164613,2026-04-28 20:40:46,starter_pouch,1.99,120,0
TX000011262,125871,2026-04-28 20:43:12,medium_chest,9.99,800,0
TX000006824,140959,2026-04-28 20:45:57,starter_pouch,1.99,120,0
TX000009603,118790,2026-04-28 20:51:16,large_chest,19.99,1800,0
TX000003804,150011,2026-04-28 20:56:02,medium_chest,9.99,800,0
TX000012959,108587,2026-04-28 20:58:35,starter_pouch,1.99,120,0
TX000003669,163430,2026-04-28 21:02:27,small_pouch,4.99,350,0
TX000001698,125584,2026-04-28 21:02:57,starter_pouch,1.99,120,0
TX000000177,168714,2026-04-28 21:04:11,vault,49.99,5000,0
TX000012908,131528,2026-04-28 21:04:18,medium_chest,9.99,800,0
TX000005611,141916,2026-04-28 21:09:59,starter_pouch,1.99,120,0
TX000014657,113410,2026-04-28 21:13:03,vault,49.99,5000,0
TX000014692,123992,2026-04-28 21:13:35,small_pouch,4.99,350,0
TX000001692,174007,2026-04-28 21:14:38,starter_pouch,1.99,120,0
TX000003284,135398,2026-04-28 21:17:40,medium_chest,9.99,800,0
TX000011542,133965,2026-04-28 21:24:25,mega_vault,99.99,11000,0
TX000007183,123481,2026-04-28 21:24:35,vault,49.99,5000,0
TX000003324,111097,2026-04-28 21:24:52,small_pouch,4.99,350,0
TX000004657,101985,2026-04-28 21:29:34,large_chest,19.99,1800,0
TX000002441,130944,2026-04-28 21:36:13,medium_chest,9.99,800,0
TX000012482,103982,2026-04-28 21:38:30,small_pouch,4.99,350,0
TX000012882,129613,2026-04-28 21:39:55,starter_pouch,1.99,120,0
TX000015260,174357,2026-04-28 21:52:12,medium_chest,9.99,800,0
TX000004888,162656,2026-04-28 21:52:25,medium_chest,9.99,800,0
TX000014352,176140,2026-04-28 21:52:38,medium_chest,9.99,800,0
TX000011561,136426,2026-04-28 21:56:27,small_pouch,4.99,350,0
TX000009870,177631,2026-04-28 22:01:15,small_pouch,4.99,350,0
TX000000525,132687,2026-04-28 22:02:25,large_chest,19.99,1800,0
TX000007098,152273,2026-04-28 22:03:33,large_chest,19.99,1800,0
TX000001658,145513,2026-04-28 22:05:13,medium_chest,9.99,800,0
TX000006649,165579,2026-04-28 22:19:49,mega_vault,99.99,11000,0
TX000007185,106509,2026-04-28 22:22:30,small_pouch,4.99,350,0
TX000014587,170797,2026-04-28 22:35:08,large_chest,19.99,1800,0
TX000011283,107058,2026-04-28 22:38:16,small_pouch,4.99,350,0
TX000002761,152154,2026-04-28 22:47:11,mega_vault,99.99,11000,0
TX000005263,103922,2026-04-28 22:47:53,large_chest,19.99,1800,0
TX000001088,164408,2026-04-28 23:03:23,small_pouch,4.99,350,0
TX000011791,141420,2026-04-28 23:08:14,starter_pouch,1.99,120,0
TX000000360,139148,2026-04-28 23:15:43,large_chest,19.99,1800,0
TX000014086,115497,2026-04-28 23:17:15,small_pouch,4.99,350,0
TX000013443,178790,2026-04-28 23:21:22,medium_chest,9.99,800,0
TX000004904,116398,2026-04-28 23:33:12,starter_pouch,1.99,120,0
TX000009297,160243,2026-04-28 23:35:06,small_pouch,4.99,350,0
TX000009492,126168,2026-04-28 23:35:33,medium_chest,9.99,800,0
TX000009367,121661,2026-04-28 23:47:51,small_pouch,4.99,350,0
TX000012677,108592,2026-04-28 23:52:11,starter_pouch,1.99,120,0
TX000000633,150034,2026-04-28 23:53:08,medium_chest,9.99,800,0
TX000013279,102159,2026-04-28 23:59:12,starter_pouch,1.99,120,0
TX000007425,121306,2026-04-28 23:59:56,large_chest,19.99,1800,0
TX000004236,137631,2026-04-28 23:59:56,medium_chest,9.99,800,0
TX000013467,107372,2026-04-28 23:59:56,starter_pouch,1.99,120,0
TX000002456,146702,2026-04-28 23:59:56,starter_pouch,1.99,120,0
TX000006948,101437,2026-04-28 23:59:56,small_pouch,4.99,350,0
TX000005015,102437,2026-04-28 23:59:56,medium_chest,9.99,800,0
TX000005910,108122,2026-04-29 06:00:37,starter_pouch,1.99,120,0
TX000012446,129100,2026-04-29 06:14:16,starter_pouch,1.99,120,0
TX000012450,141054,2026-04-29 06:24:45,large_chest,19.99,1800,0
TX000003512,129841,2026-04-29 06:31:48,starter_pouch,1.99,120,0
TX000014227,145880,2026-04-29 06:33:37,small_pouch,4.99,350,0
TX000004525,109432,2026-04-29 06:33:55,starter_pouch,1.99,120,0
TX000012158,108552,2026-04-29 06:39:59,medium_chest,9.99,800,0
TX000007254,143984,2026-04-29 06:42:54,medium_chest,9.99,800,0
TX000012868,140000,2026-04-29 06:48:11,large_chest,19.99,1800,0
TX000014678,142042,2026-04-29 06:51:34,large_chest,19.99,1800,0
TX000009863,163614,2026-04-29 07:08:38,medium_chest,9.99,800,0
TX000000781,157880,2026-04-29 07:21:30,medium_chest,9.99,800,0
TX000003121,140892,2026-04-29 07:39:56,vault,49.99,5000,0
TX000012955,138835,2026-04-29 07:50:48,starter_pouch,1.99,120,0
TX000001352,152604,2026-04-29 07:58:02,small_pouch,4.99,350,0
TX000001427,159906,2026-04-29 08:00:04,mega_vault,99.99,11000,0
TX000011290,115463,2026-04-29 08:01:25,medium_chest,9.99,800,0
TX000013277,153461,2026-04-29 08:06:10,starter_pouch,1.99,120,0
TX000009683,165206,2026-04-29 08:07:15,small_pouch,4.99,350,0
TX000012839,115238,2026-04-29 08:12:58,medium_chest,9.99,800,0
TX000009618,109388,2026-04-29 08:27:05,small_pouch,4.99,350,0
TX000013442,110386,2026-04-29 08:34:34,medium_chest,9.99,800,0
TX000006067,156255,2026-04-29 08:56:43,small_pouch,4.99,350,0
TX000011507,122234,2026-04-29 09:01:40,medium_chest,9.99,800,0
TX000014185,174407,2026-04-29 09:03:11,large_chest,19.99,1800,0
TX000013986,124335,2026-04-29 09:13:34,medium_chest,9.99,800,0
TX000005451,126398,2026-04-29 09:34:24,starter_pouch,1.99,120,0
TX000005236,151273,2026-04-29 09:35:43,large_chest,19.99,1800,0
TX000009261,111269,2026-04-29 09:40:21,medium_chest,9.99,800,0
TX000009799,133577,2026-04-29 10:15:31,starter_pouch,1.99,120,0
TX000014126,103801,2026-04-29 10:21:34,starter_pouch,1.99,120,0
TX000014046,162504,2026-04-29 10:31:18,small_pouch,4.99,350,0
TX000005495,142157,2026-04-29 10:37:22,starter_pouch,1.99,120,0
TX000012477,177590,2026-04-29 10:47:13,starter_pouch,1.99,120,0
TX000011782,165171,2026-04-29 11:08:20,small_pouch,4.99,350,0
TX000014887,122402,2026-04-29 11:21:19,medium_chest,9.99,800,0
TX000015071,131785,2026-04-29 11:23:19,small_pouch,4.99,350,0
TX000002655,131667,2026-04-29 11:55:54,large_chest,19.99,1800,0
TX000008930,113902,2026-04-29 11:57:37,starter_pouch,1.99,120,0
TX000005574,106810,2026-04-29 12:01:16,small_pouch,4.99,350,0
TX000013898,117636,2026-04-29 12:04:39,starter_pouch,1.99,120,0
TX000003361,106137,2026-04-29 12:12:51,starter_pouch,1.99,120,0
TX000007694,137419,2026-04-29 12:14:24,vault,49.99,5000,0
TX000009013,166812,2026-04-29 12:19:47,large_chest,19.99,1800,0
TX000010638,176459,2026-04-29 12:21:32,mega_vault,99.99,11000,0
TX000000286,175223,2026-04-29 12:27:18,small_pouch,4.99,350,0
TX000010431,146656,2026-04-29 12:39:04,small_pouch,4.99,350,0
TX000000990,103751,2026-04-29 12:57:20,medium_chest,9.99,800,0
TX000010759,139905,2026-04-29 13:07:53,starter_pouch,1.99,120,0
TX000013747,143232,2026-04-29 13:10:14,large_chest,19.99,1800,0
TX000008802,154429,2026-04-29 13:33:49,medium_chest,9.99,800,0
TX000006422,156088,2026-04-29 13:34:26,large_chest,19.99,1800,0
TX000013185,131398,2026-04-29 13:42:17,large_chest,19.99,1800,0
TX000006471,148027,2026-04-29 13:44:29,starter_pouch,1.99,120,0
TX000010092,122046,2026-04-29 13:50:02,large_chest,19.99,1800,0
TX000008119,102938,2026-04-29 13:57:58,small_pouch,4.99,350,0
TX000013736,103885,2026-04-29 14:03:05,large_chest,19.99,1800,0
TX000012450,141054,2026-04-29 14:11:56,large_chest,19.99,1800,0
TX000006417,112741,2026-04-29 14:12:29,medium_chest,9.99,800,0
TX000011549,154849,2026-04-29 14:22:58,small_pouch,4.99,350,0
TX000014186,112206,2026-04-29 14:23:31,medium_chest,9.99,800,0
TX000013100,142194,2026-04-29 14:23:37,small_pouch,4.99,350,0
TX000008370,113222,2026-04-29 14:28:15,small_pouch,4.99,350,0
TX000007042,140844,2026-04-29 14:36:20,large_chest,19.99,1800,0
TX000005873,178355,2026-04-29 14:53:41,vault,49.99,5000,0
TX000011256,164607,2026-04-29 14:54:13,large_chest,19.99,1800,0
TX000009471,156797,2026-04-29 14:54:37,mega_vault,99.99,11000,0
TX000001012,175583,2026-04-29 14:57:05,large_chest,19.99,1800,0
TX000000186,117524,2026-04-29 15:00:38,starter_pouch,1.99,120,0
TX000014877,115484,2026-04-29 15:08:23,starter_pouch,1.99,120,0
TX000014376,175475,2026-04-29 15:08:45,medium_chest,9.99,800,0
TX000000746,129874,2026-04-29 15:13:35,medium_chest,9.99,800,0
TX000008526,170196,2026-04-29 15:18:52,large_chest,-19.99,-1800,1
TX000010325,174910,2026-04-29 15:40:39,medium_chest,9.99,800,0
TX000007529,139744,2026-04-29 15:41:55,small_pouch,4.99,350,0
TX000003846,134246,2026-04-29 15:50:11,starter_pouch,1.99,120,0
TX000002256,165156,2026-04-29 15:51:17,small_pouch,4.99,350,0
TX000007307,179859,2026-04-29 16:04:36,starter_pouch,1.99,120,0
TX000010918,104920,2026-04-29 16:09:55,small_pouch,4.99,350,0
TX000005938,130526,2026-04-29 16:12:30,small_pouch,4.99,350,0
TX000008250,179563,2026-04-29 16:12:43,medium_chest,9.99,800,0
TX000004549,154278,2026-04-29 16:26:40,small_pouch,4.99,350,0
TX000014759,166041,2026-04-29 16:37:06,large_chest,19.99,1800,0
TX000009464,161904,2026-04-29 16:42:51,small_pouch,4.99,350,0
TX000004101,111122,2026-04-29 16:52:51,medium_chest,9.99,800,0
TX000001908,167656,2026-04-29 16:58:42,vault,49.99,5000,0
TX000011588,117586,2026-04-29 17:07:27,small_pouch,4.99,350,0
TX000009907,117601,2026-04-29 17:13:54,starter_pouch,1.99,120,0
TX000010734,147205,2026-04-29 17:16:35,large_chest,19.99,1800,0
TX000013152,175056,2026-04-29 17:18:25,starter_pouch,1.99,120,0
TX000008219,143488,2026-04-29 17:19:31,starter_pouch,1.99,120,0
TX000002225,105319,2026-04-29 17:19:31,small_pouch,4.99,350,0
TX000004813,169792,2026-04-29 17:21:46,starter_pouch,1.99,120,0
TX000014619,146019,2026-04-29 17:24:08,large_chest,19.99,1800,0
TX000001035,108593,2026-04-29 17:29:48,small_pouch,4.99,350,0
TX000013299,111451,2026-04-29 17:31:58,starter_pouch,1.99,120,0
TX000011204,141160,2026-04-29 17:32:54,large_chest,19.99,1800,0
TX000002755,134354,2026-04-29 17:35:50,small_pouch,4.99,350,0
TX000004121,103966,2026-04-29 17:37:49,medium_chest,9.99,800,0
TX000009208,177032,2026-04-29 17:41:41,small_pouch,4.99,350,0
TX000014200,143048,2026-04-29 17:42:23,small_pouch,4.99,350,0
TX000005159,154150,2026-04-29 17:43:06,medium_chest,9.99,800,0
TX000009639,157405,2026-04-29 17:45:16,starter_pouch,1.99,120,0
TX000003234,153541,2026-04-29 17:45:59,medium_chest,9.99,800,0
TX000010219,120891,2026-04-29 17:47:01,small_pouch,4.99,350,0
TX000006719,175401,2026-04-29 17:56:03,starter_pouch,1.99,120,0
TX000003116,171699,2026-04-29 17:56:58,small_pouch,4.99,350,0
TX000000616,156728,2026-04-29 18:02:10,starter_pouch,1.99,120,0
TX000009499,159074,2026-04-29 18:02:21,small_pouch,4.99,350,0
TX000008368,123529,2026-04-29 18:04:43,vault,49.99,5000,0
TX000009614,160072,2026-04-29 18:09:28,large_chest,19.99,1800,0
TX000011099,134890,2026-04-29 18:16:14,small_pouch,4.99,350,0
TX000011728,130567,2026-04-29 18:25:27,large_chest,19.99,1800,0
TX000004575,100901,2026-04-29 18:25:41,small_pouch,4.99,350,0
TX000012304,144875,2026-04-29 18:25:44,starter_pouch,1.99,120,0
TX000010160,169306,2026-04-29 18:28:01,small_pouch,4.99,350,0
TX000001258,176265,2026-04-29 18:29:16,mega_vault,99.99,11000,0
TX000001185,165028,2026-04-29 18:33:26,starter_pouch,-1.99,-120,1
TX000012000,156225,2026-04-29 18:36:04,starter_pouch,1.99,120,0
TX000003309,141801,2026-04-29 18:38:40,medium_chest,9.99,800,0
TX000005865,156964,2026-04-29 18:38:41,large_chest,19.99,1800,0
TX000006763,166633,2026-04-29 18:47:51,small_pouch,4.99,350,0
TX000010142,172835,2026-04-29 18:51:05,small_pouch,4.99,350,0
TX000013034,115234,2026-04-29 18:53:40,starter_pouch,1.99,120,0
TX000013428,154989,2026-04-29 18:54:02,medium_chest,9.99,800,0
TX000005655,125968,2026-04-29 18:56:30,medium_chest,9.99,800,0
TX000013999,112240,2026-04-29 18:57:08,medium_chest,9.99,800,0
TX000001146,112992,2026-04-29 19:00:50,small_pouch,4.99,350,0
TX000010197,167911,2026-04-29 19:00:59,vault,49.99,5000,0
TX000006713,145253,2026-04-29 19:08:05,medium_chest,9.99,800,0
TX000006315,124062,2026-04-29 19:10:00,starter_pouch,1.99,120,0
TX000014361,171515,2026-04-29 19:10:45,starter_pouch,1.99,120,0
TX000011003,114588,2026-04-29 19:20:42,starter_pouch,1.99,120,0
TX000011583,170046,2026-04-29 19:21:42,small_pouch,4.99,350,0
TX000000468,136905,2026-04-29 19:22:13,medium_chest,9.99,800,0
TX000009582,143373,2026-04-29 19:22:31,vault,49.99,5000,0
TX000000513,133365,2026-04-29 19:22:47,small_pouch,4.99,350,0
TX000004644,177944,2026-04-29 19:24:41,mega_vault,99.99,11000,0
TX000004826,177771,2026-04-29 19:26:21,medium_chest,9.99,800,0
TX000011909,164160,2026-04-29 19:26:27,medium_chest,9.99,800,0
TX000011089,141809,2026-04-29 19:27:06,small_pouch,4.99,350,0
TX000013586,102565,2026-04-29 19:27:17,medium_chest,9.99,800,0
TX000004798,109788,2026-04-29 19:28:25,starter_pouch,1.99,120,0
TX000004772,129828,2026-04-29 19:28:59,medium_chest,9.99,800,0
TX000004149,159633,2026-04-29 19:29:05,mega_vault,99.99,11000,0
TX000012499,146930,2026-04-29 19:32:08,small_pouch,4.99,350,0
TX000006914,167267,2026-04-29 19:36:40,small_pouch,4.99,350,0
TX000012341,110318,2026-04-29 19:38:17,small_pouch,4.99,350,0
TX000006678,136753,2026-04-29 19:40:33,starter_pouch,1.99,120,0
TX000010321,125523,2026-04-29 19:45:43,starter_pouch,1.99,120,0
TX000012449,164388,2026-04-29 19:47:40,starter_pouch,1.99,120,0
TX000005910,108122,2026-04-29 19:49:05,starter_pouch,1.99,120,0
TX000005724,113761,2026-04-29 19:50:26,small_pouch,4.99,350,0
TX000005669,126589,2026-04-29 19:50:56,small_pouch,4.99,350,0
TX000012818,105260,2026-04-29 19:51:04,starter_pouch,1.99,120,0
TX000004000,159031,2026-04-29 19:52:43,mega_vault,99.99,11000,0
TX000012500,156423,2026-04-29 19:52:57,small_pouch,4.99,350,0
TX000011360,151006,2026-04-29 19:56:27,small_pouch,4.99,350,0
TX000009752,101166,2026-04-29 19:57:55,starter_pouch,1.99,120,0
TX000014435,163164,2026-04-29 20:05:22,large_chest,19.99,1800,0
TX000004029,129456,2026-04-29 20:06:22,small_pouch,4.99,350,0
TX000009871,147739,2026-04-29 20:08:12,small_pouch,4.99,350,0
TX000001492,160847,2026-04-29 20:11:06,starter_pouch,1.99,120,0
TX000003117,127948,2026-04-29 20:13:27,starter_pouch,1.99,120,0
TX000005498,108091,2026-04-29 20:14:14,starter_pouch,1.99,120,0
TX000009903,116977,2026-04-29 20:15:30,mega_vault,-99.99,-11000,0
TX000001508,127838,2026-04-29 20:16:06,small_pouch,4.99,350,0
TX000014844,164739,2026-04-29 20:19:33,medium_chest,9.99,800,0
TX000011212,107262,2026-04-29 20:21:17,medium_chest,9.99,800,0
TX000012313,118867,2026-04-29 20:22:52,vault,49.99,5000,0
TX000009495,178560,2026-04-29 20:23:34,large_chest,19.99,1800,0
TX000014906,178536,2026-04-29 20:28:13,medium_chest,9.99,800,0
TX000014716,115790,2026-04-29 20:28:14,medium_chest,9.99,800,0
TX000015259,100692,2026-04-29 20:28:24,medium_chest,9.99,800,0
TX000014372,131461,2026-04-29 20:30:14,medium_chest,9.99,800,0
TX000002107,135205,2026-04-29 20:32:09,mega_vault,99.99,11000,0
TX000005054,113899,2026-04-29 20:34:38,small_pouch,4.99,350,0
TX000013688,108116,2026-04-29 20:34:43,starter_pouch,1.99,120,0
TX000008707,136604,2026-04-29 20:38:02,starter_pouch,1.99,120,0
TX000001179,133840,2026-04-29 20:38:24,small_pouch,4.99,350,0
TX000014394,169412,2026-04-29 20:38:37,starter_pouch,1.99,120,0
TX000007226,176695,2026-04-29 20:41:22,medium_chest,9.99,800,0
TX000007103,158128,2026-04-29 20:41:58,starter_pouch,1.99,120,0
TX000003346,174723,2026-04-29 20:42:42,large_chest,19.99,1800,0
TX000002274,173233,2026-04-29 20:44:28,large_chest,19.99,1800,0
TX000013550,136746,2026-04-29 20:44:29,starter_pouch,1.99,120,0
TX000012088,133588,2026-04-29 20:45:25,vault,49.99,5000,0
TX000014933,140695,2026-04-29 20:46:30,vault,49.99,5000,0
TX000002719,142895,2026-04-29 20:47:39,starter_pouch,1.99,120,0
TX000007341,154145,2026-04-29 20:53:33,small_pouch,4.99,350,0
TX000000373,115572,2026-04-29 20:56:17,starter_pouch,1.99,120,0
TX000014672,163521,2026-04-29 21:00:37,medium_chest,9.99,800,0
TX000001177,147157,2026-04-29 21:00:54,starter_pouch,1.99,120,0
TX000014548,137343,2026-04-29 21:10:34,starter_pouch,1.99,120,0
TX000008604,160909,2026-04-29 21:10:51,small_pouch,4.99,350,0
TX000010086,138402,2026-04-29 21:13:25,starter_pouch,1.99,120,0
TX000004044,127827,2026-04-29 21:17:29,starter_pouch,1.99,120,0
TX000015050,174207,2026-04-29 21:20:36,large_chest,19.99,1800,0
TX000005082,162479,2026-04-29 21:22:24,medium_chest,9.99,800,0
TX000009314,102167,2026-04-29 21:23:47,large_chest,19.99,1800,0
TX000000712,173072,2026-04-29 21:26:16,vault,49.99,5000,0
TX000006791,170887,2026-04-29 21:27:52,starter_pouch,1.99,120,0
TX000001357,105771,2026-04-29 21:28:09,small_pouch,4.99,350,0
TX000012932,171732,2026-04-29 21:28:47,medium_chest,9.99,800,0
TX000000517,103928,2026-04-29 21:31:15,medium_chest,9.99,800,0
TX000012209,170792,2026-04-29 21:32:05,small_pouch,4.99,350,0
TX000004887,156987,2026-04-29 21:42:21,mega_vault,99.99,11000,0
TX000001729,167430,2026-04-29 21:43:07,small_pouch,4.99,350,0
TX000012950,145479,2026-04-29 21:44:31,starter_pouch,1.99,120,0
TX000015081,165194,2026-04-29 21:45:16,starter_pouch,1.99,120,0
TX000003136,106697,2026-04-29 21:47:41,medium_chest,9.99,800,0
TX000001464,115447,2026-04-29 21:52:20,small_pouch,4.99,350,0
TX000010092,122046,2026-04-29 21:52:59,large_chest,19.99,1800,0
TX000001961,147317,2026-04-29 21:53:16,vault,49.99,5000,0
TX000009809,171385,2026-04-29 21:55:00,medium_chest,9.99,800,0
TX000008551,150983,2026-04-29 21:56:39,starter_pouch,1.99,120,0
TX000011292,144567,2026-04-29 21:58:11,starter_pouch,1.99,120,0
TX000002224,152940,2026-04-29 22:00:26,starter_pouch,1.99,120,0
TX000009626,144405,2026-04-29 22:02:44,starter_pouch,1.99,120,0
TX000000398,162802,2026-04-29 22:11:04,medium_chest,9.99,800,0
TX000007533,179538,2026-04-29 22:14:28,large_chest,19.99,1800,0
TX000003240,128096,2026-04-29 22:19:03,medium_chest,9.99,800,0
TX000005709,121562,2026-04-29 22:23:13,small_pouch,4.99,350,0
TX000006878,138564,2026-04-29 22:34:01,large_chest,19.99,1800,0
TX000002854,109606,2026-04-29 22:40:23,mega_vault,99.99,11000,0
TX000011082,174078,2026-04-29 22:50:23,small_pouch,4.99,350,0
TX000004644,177944,2026-04-29 22:55:00,mega_vault,99.99,11000,0
TX000005994,175377,2026-04-29 22:57:49,large_chest,19.99,1800,0
TX000012922,143664,2026-04-29 23:01:09,medium_chest,9.99,800,0
TX000007780,163364,2026-04-29 23:03:23,small_pouch,4.99,350,0
TX000006803,164318,2026-04-29 23:07:25,medium_chest,9.99,800,0
TX000005261,102436,2026-04-29 23:25:51,small_pouch,4.99,350,0
TX000010626,140646,2026-04-29 23:30:15,starter_pouch,1.99,120,0
TX000005094,132665,2026-04-29 23:31:33,vault,49.99,5000,0
TX000006983,163825,2026-04-29 23:41:57,large_chest,-19.99,-1800,0
TX000003704,172104,2026-04-29 23:59:56,small_pouch,4.99,350,0
TX000002062,120017,2026-04-29 23:59:56,small_pouch,4.99,350,0
TX000008936,108269,2026-04-29 23:59:56,small_pouch,4.99,350,0
TX000004193,162242,2026-04-29 23:59:56,large_chest,19.99,1800,0
TX000007888,155727,2026-04-29 23:59:56,starter_pouch,1.99,120,0
TX000001847,177983,2026-04-29 23:59:56,starter_pouch,1.99,120,0
TX000008363,142909,2026-04-30 06:03:33,medium_chest,9.99,800,0
TX000008118,125187,2026-04-30 06:08:38,starter_pouch,1.99,120,0
TX000009852,177877,2026-04-30 06:14:29,starter_pouch,1.99,120,0
TX000010124,173714,2026-04-30 06:19:32,vault,49.99,5000,0
TX000013136,175844,2026-04-30 06:39:30,large_chest,-19.99,-1800,0
TX000000209,146340,2026-04-30 06:40:54,starter_pouch,1.99,120,0
TX000013002,154809,2026-04-30 06:43:55,medium_chest,9.99,800,0
TX000011521,142804,2026-04-30 06:49:50,small_pouch,4.99,350,0
TX000005893,151894,2026-04-30 06:52:01,small_pouch,4.99,350,0
TX000002528,164107,2026-04-30 06:56:31,starter_pouch,1.99,120,0
TX000004083,107180,2026-04-30 06:59:23,starter_pouch,1.99,120,0
TX000011932,173217,2026-04-30 07:00:50,starter_pouch,1.99,120,0
TX000001615,136188,2026-04-30 07:12:07,small_pouch,-4.99,-350,0
TX000005298,140114,2026-04-30 07:38:35,small_pouch,4.99,350,0
TX000005544,113509,2026-04-30 07:50:15,large_chest,19.99,1800,0
TX000009161,129974,2026-04-30 07:55:58,medium_chest,-9.99,-800,1
TX000010661,134403,2026-04-30 07:59:19,small_pouch,-4.99,-350,0
TX000002572,158128,2026-04-30 08:03:42,medium_chest,-9.99,-800,0
TX000010085,146862,2026-04-30 08:11:40,medium_chest,9.99,800,0
TX000008545,174538,2026-04-30 08:25:23,small_pouch,4.99,350,0
TX000000094,108610,2026-04-30 08:29:24,starter_pouch,1.99,120,0
TX000007631,122773,2026-04-30 08:31:43,starter_pouch,1.99,120,0
TX000004537,147754,2026-04-30 08:42:19,starter_pouch,1.99,120,0
TX000007785,179178,2026-04-30 08:48:02,small_pouch,4.99,350,0
TX000007767,135332,2026-04-30 08:49:07,starter_pouch,1.99,120,0
TX000004028,140545,2026-04-30 08:53:37,medium_chest,9.99,800,0
TX000003718,150527,2026-04-30 09:18:46,starter_pouch,1.99,120,0
TX000009933,152082,2026-04-30 09:19:59,large_chest,19.99,1800,0
TX000012429,148763,2026-04-30 09:20:30,vault,49.99,5000,0
TX000004565,120395,2026-04-30 09:33:10,starter_pouch,1.99,120,0
TX000011619,153660,2026-04-30 09:33:47,small_pouch,4.99,350,0
TX000004278,169361,2026-04-30 09:48:00,large_chest,19.99,1800,0
TX000002082,110202,2026-04-30 09:51:29,small_pouch,4.99,350,0
TX000009750,117455,2026-04-30 09:55:21,small_pouch,4.99,350,0
TX000006834,111430,2026-04-30 09:58:14,starter_pouch,1.99,120,0
TX000001362,137084,2026-04-30 10:06:02,large_chest,19.99,1800,0
TX000001290,112016,2026-04-30 10:14:47,medium_chest,9.99,800,0
TX000008240,159986,2026-04-30 10:24:35,small_pouch,4.99,350,0
TX000014750,112281,2026-04-30 10:28:36,starter_pouch,1.99,120,0
TX000010653,131018,2026-04-30 10:39:07,small_pouch,4.99,350,0
TX000001929,166741,2026-04-30 10:44:13,starter_pouch,1.99,120,0
TX000002840,120186,2026-04-30 11:22:28,mega_vault,99.99,11000,0
TX000005028,178637,2026-04-30 11:34:53,starter_pouch,1.99,120,0
TX000000836,168817,2026-04-30 11:41:38,starter_pouch,1.99,120,0
TX000011490,138588,2026-04-30 11:43:15,starter_pouch,1.99,120,0
TX000010608,142903,2026-04-30 12:00:30,large_chest,19.99,1800,0
TX000005674,171139,2026-04-30 12:06:25,starter_pouch,1.99,120,0
TX000006999,170196,2026-04-30 12:10:43,starter_pouch,1.99,120,0
TX000001873,139826,2026-04-30 12:15:06,large_chest,19.99,1800,0
TX000013640,149227,2026-04-30 12:21:33,medium_chest,9.99,800,0
TX000001201,121336,2026-04-30 12:25:59,medium_chest,-9.99,-800,0
TX000014967,132460,2026-04-30 12:29:29,medium_chest,9.99,800,0
TX000002813,116131,2026-04-30 12:35:29,small_pouch,4.99,350,0
TX000008082,152395,2026-04-30 12:46:11,medium_chest,9.99,800,0
TX000014673,131560,2026-04-30 12:50:58,medium_chest,9.99,800,0
TX000006701,139276,2026-04-30 13:07:20,medium_chest,9.99,800,0
TX000004691,174078,2026-04-30 13:12:47,small_pouch,-4.99,-350,0
TX000000639,157484,2026-04-30 13:15:52,medium_chest,9.99,800,0
TX000014915,126994,2026-04-30 13:29:16,small_pouch,4.99,350,0
TX000010075,111547,2026-04-30 13:42:27,mega_vault,99.99,11000,0
TX000010577,150223,2026-04-30 13:44:35,small_pouch,4.99,350,0
TX000001052,129456,2026-04-30 13:46:21,small_pouch,-4.99,-350,0
TX000006581,171540,2026-04-30 13:46:41,large_chest,-19.99,-1800,0
TX000009092,137050,2026-04-30 13:48:58,small_pouch,4.99,350,0
TX000003956,174167,2026-04-30 14:10:08,small_pouch,4.99,350,0
TX000006517,116934,2026-04-30 14:13:24,small_pouch,4.99,350,0
TX000007948,179066,2026-04-30 14:18:25,medium_chest,9.99,800,0
TX000011091,155552,2026-04-30 14:40:24,medium_chest,9.99,800,0
TX000008147,107523,2026-04-30 15:16:22,starter_pouch,1.99,120,0
TX000002793,117022,2026-04-30 15:18:10,vault,49.99,5000,0
TX000008317,160820,2026-04-30 15:30:41,starter_pouch,1.99,120,0
TX000005039,127881,2026-04-30 15:32:32,small_pouch,4.99,350,0
TX000013251,117640,2026-04-30 15:36:59,starter_pouch,1.99,120,0
TX000007496,144737,2026-04-30 15:41:56,medium_chest,9.99,800,0
TX000012323,151201,2026-04-30 15:48:17,small_pouch,4.99,350,0
TX000014365,106908,2026-04-30 15:51:56,large_chest,19.99,1800,0
TX000009011,170743,2026-04-30 15:58:46,small_pouch,4.99,350,0
TX000011281,103157,2026-04-30 16:01:35,starter_pouch,1.99,120,0
TX000009664,111141,2026-04-30 16:09:27,starter_pouch,1.99,120,0
TX000001196,132537,2026-04-30 16:15:47,starter_pouch,1.99,120,0
TX000012223,139283,2026-04-30 16:17:51,starter_pouch,1.99,120,0
TX000007163,130189,2026-04-30 16:17:59,small_pouch,4.99,350,0
TX000010784,169425,2026-04-30 16:29:40,medium_chest,9.99,800,0
TX000004757,161050,2026-04-30 16:37:38,large_chest,19.99,1800,0
TX000013904,102192,2026-04-30 16:53:01,starter_pouch,1.99,120,0
TX000012843,136501,2026-04-30 16:55:23,medium_chest,9.99,800,0
TX000005193,121057,2026-04-30 16:55:41,starter_pouch,1.99,120,0
TX000000938,171509,2026-04-30 16:55:43,small_pouch,4.99,350,0
TX000012390,179811,2026-04-30 17:01:49,starter_pouch,1.99,120,0
TX000011927,122013,2026-04-30 17:04:46,starter_pouch,1.99,120,0
TX000015029,161741,2026-04-30 17:04:51,large_chest,19.99,1800,0
TX000005153,121585,2026-04-30 17:06:23,large_chest,19.99,1800,0
TX000000929,117629,2026-04-30 17:09:10,vault,49.99,5000,0
TX000005855,173278,2026-04-30 17:09:19,starter_pouch,1.99,120,0
TX000014362,165247,2026-04-30 17:12:31,medium_chest,9.99,800,0
TX000003379,155904,2026-04-30 17:14:01,starter_pouch,1.99,120,0
TX000000637,111659,2026-04-30 17:17:48,vault,49.99,5000,0
TX000004572,152138,2026-04-30 17:18:18,large_chest,19.99,1800,0
TX000002974,119893,2026-04-30 17:18:31,small_pouch,4.99,350,0
TX000003137,123982,2026-04-30 17:21:43,medium_chest,9.99,800,0
TX000001296,140759,2026-04-30 17:21:51,starter_pouch,1.99,120,0
TX000011263,164937,2026-04-30 17:25:01,large_chest,-19.99,-1800,0
TX000012061,153743,2026-04-30 17:25:08,large_chest,19.99,1800,0
TX000009080,160815,2026-04-30 17:26:25,large_chest,19.99,1800,0
TX000003469,169187,2026-04-30 17:27:37,large_chest,19.99,1800,0
TX000002870,136053,2026-04-30 17:27:49,medium_chest,9.99,800,0
TX000008496,172704,2026-04-30 17:27:59,medium_chest,9.99,800,0
TX000000876,100467,2026-04-30 17:28:28,small_pouch,4.99,350,0
TX000008664,129360,2026-04-30 17:31:58,medium_chest,-9.99,-800,0
TX000001778,108769,2026-04-30 17:34:37,large_chest,19.99,1800,0
TX000005428,176637,2026-04-30 17:40:03,vault,49.99,5000,0
TX000012999,158962,2026-04-30 17:41:21,starter_pouch,1.99,120,0
TX000010723,145106,2026-04-30 17:43:25,vault,-49.99,-5000,0
TX000004726,155914,2026-04-30 17:44:40,starter_pouch,1.99,120,0
TX000007513,167206,2026-04-30 17:47:23,large_chest,19.99,1800,0
TX000010159,113426,2026-04-30 17:47:26,large_chest,19.99,1800,0
TX000014311,120868,2026-04-30 17:57:30,starter_pouch,1.99,120,0
TX000003067,122749,2026-04-30 18:03:30,starter_pouch,1.99,120,0
TX000012970,153018,2026-04-30 18:04:37,medium_chest,9.99,800,0
TX000010650,105771,2026-04-30 18:05:34,small_pouch,-4.99,-350,0
TX000009095,121336,2026-04-30 18:09:10,medium_chest,9.99,800,0
TX000011179,130864,2026-04-30 18:17:39,large_chest,19.99,1800,0
TX000013767,153196,2026-04-30 18:18:43,small_pouch,-4.99,-350,0
TX000007091,136806,2026-04-30 18:23:20,starter_pouch,1.99,120,0
TX000003582,108593,2026-04-30 18:26:50,small_pouch,-4.99,-350,0
TX000015133,171126,2026-04-30 18:28:36,starter_pouch,1.99,120,0
TX000000299,131243,2026-04-30 18:31:04,mega_vault,99.99,11000,0
TX000000902,154145,2026-04-30 18:35:43,small_pouch,4.99,350,0
TX000003853,156229,2026-04-30 18:36:24,large_chest,19.99,1800,0
TX000010158,173767,2026-04-30 18:39:20,starter_pouch,1.99,120,0
TX000005881,100785,2026-04-30 18:40:48,starter_pouch,-1.99,-120,0
TX000014383,134890,2026-04-30 18:44:36,small_pouch,-4.99,-350,0
TX000008072,125036,2026-04-30 18:45:59,large_chest,19.99,1800,0
TX000012699,142443,2026-04-30 18:51:51,starter_pouch,1.99,120,0
TX000008185,126189,2026-04-30 18:51:52,medium_chest,-9.99,-800,0
TX000011155,152293,2026-04-30 18:52:30,large_chest,19.99,1800,0
TX000001421,156255,2026-04-30 18:58:34,small_pouch,-4.99,-350,0
TX000002328,113462,2026-04-30 19:05:50,small_pouch,4.99,350,0
TX000007561,133497,2026-04-30 19:08:27,starter_pouch,1.99,120,0
TX000003854,116259,2026-04-30 19:15:56,small_pouch,4.99,350,0
TX000002615,149784,2026-04-30 19:16:49,medium_chest,9.99,800,0
TX000012038,152793,2026-04-30 19:17:44,vault,49.99,5000,0
TX000004730,110151,2026-04-30 19:27:04,medium_chest,9.99,800,0
TX000014742,103519,2026-04-30 19:28:28,vault,49.99,5000,0
TX000013499,139635,2026-04-30 19:32:18,medium_chest,9.99,800,0
TX000012621,116730,2026-04-30 19:36:13,large_chest,19.99,1800,0
TX000005699,168852,2026-04-30 19:36:55,starter_pouch,1.99,120,0
TX000000342,171505,2026-04-30 19:40:14,medium_chest,9.99,800,0
TX000012673,170089,2026-04-30 19:45:07,starter_pouch,-1.99,-120,1
TX000005501,163229,2026-04-30 19:46:01,starter_pouch,1.99,120,0
TX000007101,108769,2026-04-30 19:50:41,large_chest,-19.99,-1800,0
TX000004472,106958,2026-04-30 19:59:03,starter_pouch,-1.99,-120,0
TX000006361,123070,2026-04-30 20:01:30,vault,49.99,5000,0
TX000010529,118828,2026-04-30 20:02:03,medium_chest,9.99,800,0
TX000013728,143345,2026-04-30 20:04:17,small_pouch,4.99,350,0
TX000004428,104205,2026-04-30 20:12:52,starter_pouch,1.99,120,0
TX000005093,117344,2026-04-30 20:14:52,medium_chest,9.99,800,0
TX000011180,127286,2026-04-30 20:15:53,small_pouch,4.99,350,0
TX000014581,158414,2026-04-30 20:17:28,small_pouch,4.99,350,0
TX000013847,112837,2026-04-30 20:23:59,small_pouch,4.99,350,0
TX000003944,158194,2026-04-30 20:25:12,large_chest,19.99,1800,0
TX000000240,147813,2026-04-30 20:26:00,medium_chest,9.99,800,0
TX000008173,147739,2026-04-30 20:28:14,small_pouch,-4.99,-350,0
TX000002773,125746,2026-04-30 20:31:11,starter_pouch,1.99,120,0
TX000011181,159425,2026-04-30 20:34:37,small_pouch,4.99,350,0
TX000007822,129038,2026-04-30 20:34:59,mega_vault,99.99,11000,0
TX000005080,158162,2026-04-30 20:36:15,vault,49.99,5000,0
TX000015122,159674,2026-04-30 20:37:51,small_pouch,4.99,350,0
TX000011680,170754,2026-04-30 20:42:46,large_chest,19.99,1800,0
TX000015021,148874,2026-04-30 20:46:14,large_chest,19.99,1800,0
TX000013505,124825,2026-04-30 20:53:49,medium_chest,9.99,800,0
TX000010320,179066,2026-04-30 20:55:54,medium_chest,-9.99,-800,0
TX000009645,113965,2026-04-30 20:56:35,small_pouch,4.99,350,0
TX000001187,153460,2026-04-30 21:01:09,large_chest,19.99,1800,0
TX000011310,126863,2026-04-30 21:05:10,medium_chest,9.99,800,0
TX000001753,170119,2026-04-30 21:06:33,small_pouch,4.99,350,0
TX000008504,111629,2026-04-30 21:07:17,medium_chest,-9.99,-800,0
TX000002452,145106,2026-04-30 21:09:09,vault,49.99,5000,0
TX000004579,112719,2026-04-30 21:12:43,starter_pouch,1.99,120,0
TX000009058,163000,2026-04-30 21:14:37,large_chest,19.99,1800,0
TX000010994,179527,2026-04-30 21:19:03,starter_pouch,1.99,120,0
TX000012427,143232,2026-04-30 21:20:10,starter_pouch,1.99,120,0
TX000012394,172681,2026-04-30 21:25:54,small_pouch,4.99,350,0
TX000007869,121093,2026-04-30 21:26:23,starter_pouch,1.99,120,0
TX000001169,146832,2026-04-30 21:30:24,mega_vault,99.99,11000,0
TX000001538,161513,2026-04-30 21:33:54,small_pouch,4.99,350,0
TX000010912,114457,2026-04-30 21:36:28,medium_chest,9.99,800,0
TX000006670,175844,2026-04-30 21:36:59,large_chest,19.99,1800,0
TX000004924,101998,2026-04-30 21:37:28,small_pouch,4.99,350,0
TX000001935,169364,2026-04-30 21:41:39,small_pouch,4.99,350,0
TX000009756,172512,2026-04-30 21:48:33,starter_pouch,1.99,120,0
TX000009590,113083,2026-04-30 21:51:02,large_chest,19.99,1800,0
TX000014057,108468,2026-04-30 21:54:02,starter_pouch,1.99,120,0
TX000006682,136188,2026-04-30 21:56:11,small_pouch,4.99,350,0
TX000012344,129168,2026-04-30 22:01:19,vault,49.99,5000,0
TX000010792,114330,2026-04-30 22:09:43,starter_pouch,1.99,120,0
TX000007313,151526,2026-04-30 22:12:32,starter_pouch,1.99,120,0
TX000000743,130100,2026-04-30 22:16:32,large_chest,19.99,1800,0
TX000004345,133063,2026-04-30 22:18:34,medium_chest,9.99,800,0
TX000000425,169662,2026-04-30 22:23:15,medium_chest,9.99,800,0
TX000009861,100001,2026-04-30 22:25:02,vault,49.99,5000,0
TX000004588,143842,2026-04-30 22:27:41,starter_pouch,1.99,120,0
TX000013003,119501,2026-04-30 22:29:35,starter_pouch,1.99,120,0
TX000009421,168276,2026-04-30 22:30:21,small_pouch,4.99,350,0
TX000010738,169198,2026-04-30 22:31:00,starter_pouch,1.99,120,0
TX000001894,116136,2026-04-30 22:31:50,small_pouch,4.99,350,0
TX000003628,106635,2026-04-30 22:36:12,vault,49.99,5000,0
TX000003495,108677,2026-04-30 22:40:45,starter_pouch,1.99,120,0
TX000003137,123982,2026-04-30 22:44:49,medium_chest,9.99,800,0
TX000009921,116164,2026-04-30 22:46:28,small_pouch,4.99,350,0
TX000006991,129388,2026-04-30 22:48:07,starter_pouch,1.99,120,0
TX000007101,108769,2026-04-30 22:50:26,large_chest,-19.99,-1800,0
TX000001753,170119,2026-04-30 22:52:36,small_pouch,4.99,350,0
TX000000169,148682,2026-04-30 22:59:41,small_pouch,4.99,350,0
TX000010401,152260,2026-04-30 23:02:10,medium_chest,9.99,800,0
TX000006501,172238,2026-04-30 23:20:36,small_pouch,4.99,350,0
TX000000964,144875,2026-04-30 23:50:10,vault,-49.99,-5000,0
TX000002230,162855,2026-04-30 23:59:56,small_pouch,4.99,350,0
TX000015172,137364,2026-04-30 23:59:56,small_pouch,4.99,350,0
TX000008305,106827,2026-04-30 23:59:56,starter_pouch,1.99,120,0
TX000000547,157578,2026-04-30 23:59:56,large_chest,19.99,1800,0
TX000008512,132894,2026-04-30 23:59:56,starter_pouch,1.99,120,0
TX000003140,101771,2026-04-30 23:59:56,large_chest,19.99,1800,0
